id,name,phone,email,city,joined,amount,notes
1001,Fayan Muyan,081104862359,fayan.muyan@mail.example.com,Mataram,2026-03-28,214952.07,
1002,Kanto Yawan,081210150431,kanto.yawan@example.org,Mataram,2023-01-01,16504.10,
1003,Taman Purah,082122026178,taman.purah@post.example.net,Surabaya,2023-11-22,69949.97,
1004,Jugus Yawan,081794258676,jugus.yawan@example.com,Mataram,2025-09-12,213127.88,
1005,Julia Zudi,082125477809,julia.zudi@example.com,Surabaya,2026-02-08,16612.43,
1006,Surah Puman,081308449741,surah.puman@mail.example.com,Semarang,2024-04-28,85714.75,
1007,Yasih Fawati,081804312790,yasih.fawati@example.net,Surabaya,2025-07-18,175417.99,"VIP, do not discount"
1008,Inlia Ansih,081190992865,inlia.ansih@mail.example.com,Mataram,2024-06-12,159894.07,"wants invoice marked ""urgent"""
1009,Lorah Ciwati,081830161313,lorah.ciwati@example.net,Mataram,2025-02-21,175149.41,
1010,Lorah Zuwati,081770273915,lorah.zuwati@post.example.net,Mataram,2025-09-12,19137.27,
1011,Anman Katri,081386901285,anman.katri@example.net,Surabaya,2026-06-10,214636.35,
1012,Yatri Ingus,081172686315,"yatri.ingus@example.net ",Mataram,2024-08-18,247649.25,
1013,Rigus Deman,089504724116,rigus.deman@post.example.net,Mataram,2024-08-02,217632.19,
1014," Putri Jugus",081310855351,putri.jugus@post.example.net,Mataram,2024-03-11,72427.11,
1015,Gidi Nayan,082167365999,gidi.nayan@post.example.net,Mataram,2023-10-25,32276.92,
1016,Rirah  Delia,0817 6013 6813,rirah.delia@example.org,Bandung,2023-10-01,107930.91,
1017,Punur Juman,089572749893,punur.juman@mail.example.com,Mataram,2026-04-02,25442.83,
1018,Tawan Kasih,081785657204,tawan.kasih@mail.example.com,Medan,2024-12-03,50071.50,
1019,Inlia Muyan,081807717738,inlia.muyan@post.example.net,Surabaya,2024-12-13,200197.23,
1020,Pundra Fadi,081795101895,pundra.fadi@example.net,Surabaya,2025-12-01,230316.35,
1021,Rinur Degus,081240633608,rinur.degus@example.com,Makassar,2026-05-05,114609.05,
1022,Anwati Anrah,081794092250,anwati.anrah@mail.example.com,Mataram,20/03/2026,"194.088,64",
1023,Mugus Gigus,0813-9920-5481,"mugus.gigus@example.com ",Mataram,28/04/2024,139988.85,
1024,Budi Pudi,081838204473,budi.pudi@post.example.net,Mataram,2023-01-27,84274.35,
1025,Hadi Tanto,085141585313,hadi.tanto@post.example.net,Mataram,2026-04-16,97754.45,
1026,Ciman Insih,081357379866,ciman.insih@example.org,Semarang,2024-04-06,24562.65,
1027,Annur Sudi,081192647145,annur.sudi@mail.example.com,Mataram,2025-03-28,51448.95,
1028,Sulia Andi,089518599011,sulia.andi@example.org,Mataram,2023-04-13,202637.43,
1029,Nanur Sunto,0895 4932 9453,nanur.sunto@mail.example.com,Surabaya,15.10.2024,91823.58,
1030,Junto Muwan,081234213252,junto.muwan@example.com,Mataram,2026-01-21,229678.69,
1031,Cidi Kawan,082157974201,cidi.kawan@example.org,Mataram,2024-05-10,119510.88,
1032,Gitri Wisih,081804634172,gitri.wisih@example.com,Mataram,2024-05-22,17720.90,
1033,Zunto Harah,085114448524,zunto.harah@example.com,Bandung,2026-04-26,106381.72,"prefers WhatsApp, not email"
1034,Juwati Rinto,0811 3903 0331,,Mataram,08.10.2023,17397.26,"moved cities, update on renewal"
1035,Losih  Namad,081348097028,losih.namad@example.com,Mataram,21/08/2026,81371.61,
1036,Inndra Wigus,081802429191,inndra.wigus@example.org,Surabaya,2023-01-17,66281.63,
1037,Yanto Juyan,089553501347,yanto.juyan@example.org,Mataram,2025-05-12,130084.60,
1038,Fayan Tarah,0851 7364 9058,fayan.tarah@example.net,Mataram,2023-12-05,197615.54,
1039,Lowati Tarah,081140785156,lowati.tarah@example.net,Denpasar,2026-08-07,148186.56,
1040,Ansih Junto,081375786378,,Bandung,2025-08-12,101820.98,
1041,Namad Tanto,081837783802,namad.tanto@example.org,Mataram,2024-12-26,139542.50,
1042,Hadi Farah,081372479607,hadi.farah@example.net,Bandung,2026-07-10,209386.25,
1043,Bugus Windra,081203953924,bugus.windra@mail.example.com,Medan,2026-07-01,190741.17,
1044,Nadi Pundra,085185615424,nadi.pundra@example.net,Medan,2025-04-11,90800.94,
1045,Yadi Bunto,089515283244,yadi.bunto@example.org,Makassar,2023-03-10,179092.62,
1046,Annto Anwati,081296646578,annto.anwati@example.net,Denpasar,2023-06-12,226795.36,
1047,Jugus Jusih,081344650323,jugus.jusih@example.net,Bandung,07/10/2024,97415.24,
1048,Sumad Widi,0821 0201 7554,sumad.widi@example.org,Surabaya,2025-04-09,216360,
1049,Yawati Rigus,081225174275,yawati.rigus@example.net,Denpasar,2026-07-17,19824.00,
1050,Kalia Yagus,085138914695,kalia.yagus@post.example.net,Mataram,2026-08-24,134922.03,
1051,Yawan Surah,089525998423,yawan.surah@mail.example.com,Mataram,2026-01-04,72074.93,
1052,Katri Winur,081180510479,katri.winur@example.net,Medan,2024-01-28,107779.04,
1053,Desih Hagus,081855514398,desih.hagus@post.example.net,Mataram,2024-03-06,45987.67,
1054,Riwati Insih,085141601985,riwati.insih@example.org,Mataram,2023-02-06,249131.40,
1055,Riyan  Insih,081378175299,riyan.insih@post.example.net,Bandung,2024-02-21,92434.05,
1056,Tamad Hasih,0895 8910 0744,tamad.hasih@post.example.net,Medan,21.04.2026,184006,
1057,Zulia Citri,081711826061,zulia.citri@post.example.net,Mataram,2024-05-03,187278.28,
1058,Kanto Junto,081772519811,kanto.junto@example.com,Mataram,2024-01-16,61623.52,
1059,Innto  Nanto,081136512389,innto.nanto@example.com,Semarang,2024-01-15,"2.870,63",
1060,Yayan Lodi,081393362491,yayan.lodi@example.org,Mataram,2024-01-16,192064.76,
1061,Tawan Nasih,089553343769,tawan.nasih@mail.example.com,Mataram,2026-06-05,51007.17,
1062,Jutri Delia,081772049894,jutri.delia@example.org,Medan,2023-12-05,125829.42,
1063,Falia Tatri,081219913867,falia.tatri@example.org,Mataram,2023-06-12,39066.80,
1064,Juman Harah,082131287462,juman.harah@example.org,Mataram,2025-10-12,47502.47,
1065,Julia Yanto,081221629844,julia.yanto@post.example.net,Denpasar,2023-01-17,131653.85,
1066," Fatri Yarah",+6285198923246,fatri.yarah@post.example.net,Mataram,12/12/2025,"159.137,03",
1067,Yaman Puyan,081811312759,yaman.puyan@post.example.net,Medan,2024-05-16,125771,
1068,Zulia Tanur,081265551985,zulia.tanur@example.org,Mataram,2024-02-20,31482.17,
1069,Sundra Sutri,089599592566,sundra.sutri@example.org,Surabaya,2025-06-07,70979.15,"VIP, do not discount"
1070,Sugus Zugus,081796447925,sugus.zugus@example.org,Bandung,2023-11-22,156739.87,
1071,Tamad Tagus,081221096361,tamad.tagus@example.net,Mataram,2024-03-22,180184.98,"moved cities, update on renewal"
1072,Lolia Inndra,082140028452,lolia.inndra@mail.example.com,Mataram,2025-08-05,141105.07,
1073,Bunto Nawati,081706740550,bunto.nawati@example.org,Semarang,2024-11-21,"118.869,79",
1074,Bumad Yawan,081850082321,bumad.yawan@example.com,Mataram,21/09/2023,157226.43,
1075,Innto Tawati,082129387922,innto.tawati@mail.example.com,Surabaya,2023-06-11,39501.93,
1076,Lonto Cilia,081706776161,lonto.cilia@mail.example.com,Mataram,2025-01-14,91762.30,
1077,Girah Yamad,081354308345,girah.yamad@example.org,Semarang,2023-01-22,80054.57,
1078,"Munto Fasih ",081842950853,munto.fasih@post.example.net,Bandung,24/04/2024,158515.18,
1079,Andi Rinto,089570668285,andi.rinto@example.org,Surabaya,2026-03-19,94100.57,address unclear
1080,Gilia Ciwati,0821-0460-1808,gilia.ciwati@example.net,Mataram,2026-07-17,44447,
1081,Tamad Wiwan,081345516099,tamad.wiwan@example.net,Mataram,2025-01-12,141502.10,
1082,Yamad Pundra,082171187849,yamad.pundra@example.org,Padang,27.04.2026,17686.54,
1083,Burah Gisih,0812-0175-1271,burah.gisih@mail.example.com,Semarang,2024-08-08,71997.46,
1084,Wiwati Natri,081236841401,wiwati.natri@example.org,Bandung,2024-03-15,188532.26,
1085,Sunto Jurah,081846996069,sunto.jurah@post.example.net,Mataram,2024-08-24,183481.58,
1086,Halia Yanto,085139834342,halia.yanto@example.org,Mataram,2025-02-20,221367.80,
1087," Yandra Anman",082141662345,yandra.anman@post.example.net,Bandung,2026-04-01,100423.50,
1088,Lonur Handra,081279007241,lonur.handra@example.net,Bandung,2024-08-07,9052.46,
1089,Suwati Fasih,082128370098,suwati.fasih@post.example.net,Mataram,2025-12-22,183526.89,
1090,Deyan Harah,081870648993,deyan.harah@post.example.net,Mataram,10/03/2026,91543.27,
1091,Denur Buwati,082172697742,denur.buwati@post.example.net,Padang,2024-02-16,72969.33,
1092,Jurah Nawati,082137995072,jurah.nawati@example.com,Bandung,2025-09-23,83604.51,"duplicate of earlier signup, verify"
1093,Junur Rirah,0811-1753-0507,junur.rirah@EXAMPLE.COM,Mataram,2025-07-21,231227.96,
1094,Inrah Kalia,0812-8314-2454,inrah.kalia@example.com,Mataram,2024-01-05,7409,
1095,Kadi Inmad,085186539392,kadi.inmad@post.example.net,Bandung,2023-01-13,195610.52,
1096,Winto Deman,082151217231,winto.deman@example.net,Mataram,2024-12-06,109745.37,
1097,Cirah Giwati,+6285169831039,cirah.giwati@example.org,Mataram,25.10.2025,54501.25,
1098,Buwati Handra,085197774751,buwati.handra@example.net,Semarang,13.04.2026,184085.47,
1099,Hanto Zurah,089533144918,hanto.zurah@example.com,Mataram,2025-06-18,30528.30,"said ""call after 5pm"""
1100,Nalia Ingus,081112045331,nalia.ingus@example.org,Padang,2025-01-18,145664.40,
1101,Riwan Munur,081204222839,riwan.munur@example.com,Mataram,2025-02-08,11175.06,
1102,Dendra Zudi,089516343519,dendra.zudi@example.org,Surabaya,2024-12-08,50603.85,
1103,Bumad Fatri,089570796009,bumad.fatri@example.net,Makassar,2025-12-17,93383.77,
1104,Yanto Lotri,081325308190,yanto.lotri@example.com,Bandung,2024-04-20,175441.21,
1105,Bunto Yanur,081145957928,bunto.yanur@example.org,Mataram,2026-01-09,224593.86,
1106,Dewati Nasih,081846805863,dewati.nasih@example.com,Mataram,03.08.2025,1797.01,
1107,Zundra Wisih,082173988809,zundra.wisih@mail.example.com,Surabaya,2023-03-23,223108.71,
1108,Lorah Yawan,081180111917,lorah.yawan@post.example.net,Medan,2023-08-07,96260.91,
1109,Zutri Nayan,082109017776,zutri.nayan@example.org,Mataram,2023-03-25,227079.23,
1110,Anlia Ginur,081805782063,anlia.ginur@example.com,Bandung,2024-03-26,78804.38,
1111,Bunto Anyan,082184340791,bunto.anyan@example.org,Mataram,2024-11-20,10742.41,
1112,Zunto Puyan,081816938201,zunto.puyan@example.com,Mataram,2023-11-28,18528.92,
1113,Tanto Tanto,081185010973,tanto.tanto@post.example.net,Mataram,2024-03-12,7748.47,
1114,Ginto Ciyan,081806298681,ginto.ciyan@post.example.net,Surabaya,2025-11-06,245521.91,
1115,Wigus Antri,081826411543,wigus.antri@post.example.net,Mataram,2023-09-11,197200.31,
1116,Bunto Logus,081174028196,bunto.logus@example.com,Mataram,2026-05-17,17440.62,
1117,Giwan Rinto,081168658229,giwan.rinto@example.com,Mataram,2025-04-14,27974.48,
1118,Kadi Deman,0817 0683 4331,kadi.deman@mail.example.com,Mataram,2025-10-14,139496.59,
1119,Buman Nawan,089565887295,buman.nawan@example.org,Medan,2024-08-21,172710.38,
1120,Giwan Riwati,081155762830,giwan.riwati@post.example.net,Mataram,2023-06-23,229169.19,
1121,Hanur Surah,085130051918,hanur.surah@post.example.net,Mataram,2024-05-20,5090.49,
1122,Hasih Julia,089509822216,hasih.julia@post.example.net,Denpasar,2025-08-03,114278.31,
1123,Giman Hanur,089588260409,giman.hanur@mail.example.com,Mataram,2026-07-11,201594.04,
1124,"Nalia Mudi ",0895-8233-5267,nalia.mudi@example.org,Mataram,2026-03-20,"206.419,05",
1125,Fasih Tayan,082150579370,fasih.tayan@example.net,Mataram,2025-03-10,70512.19,
1126,Hadi Riman,081820623969,hadi.riman@example.org,Surabaya,2024-09-24,205733.79,
1127,"Murah Fawati ",081355976354,,Semarang,2024-03-20,40779,
1128,Wisih Yatri,081321846615,wisih.yatri@example.net,Bandung,2025-05-06,8417.27,
1129,"Zusih Yandra ",081219593347,zusih.yandra@post.example.net,Denpasar,2025-06-24,91314.12,
1130,Citri Bulia,082130406882,citri.bulia@example.net,Mataram,2023-12-14,145974.31,
1131,Harah Deyan,081779790444,harah.deyan@mail.example.com,Mataram,2023-11-27,220090.98,
1132,Tatri Yaman,081316456601,tatri.yaman@example.org,Bandung,2026-08-01,223772.44,
1133,Muyan Yayan,081396939775,muyan.yayan@mail.example.com,Mataram,2025-08-22,179300.01,
1134,Londra Ginto,081131943418,londra.ginto@example.com,Denpasar,2025-08-10,74789.77,"said ""call after 5pm"""
1135,Nalia Sugus,081847615020,nalia.sugus@example.org,Bandung,2023-11-07,113788.21,
1136,Kayan Losih,081719103079,kayan.losih@example.net,Bandung,2026-01-02,228097.15,
1137,Juwan Rilia,081883466760,juwan.rilia@post.example.net,Mataram,2024-11-26,225865.19,
1138,Wiman  Junto,+6281716273687,wiman.junto@mail.example.com,Mataram,2025-03-24,74615.33,
1139,Hanto Juman,089593426094,hanto.juman@example.com,Mataram,2024-02-05,198346.50,
1140,Tamad Zugus,081889996534,tamad.zugus@post.example.net,Mataram,2023-01-19,180791.65,
1141,Hanto Gitri,089579538270,hanto.gitri@mail.example.com,Mataram,2024-08-11,246409.90,
1142,Jugus Tagus,081253348266,jugus.tagus@post.example.net,Mataram,2026-02-26,175325.34,
1143,Zumad Mumad,081166748214,zumad.mumad@mail.example.com,Mataram,2026-07-05,27175.81,
1144,Puman Nanto,081327026297,puman.nanto@example.net,Mataram,2024-06-11,199894,
1145,Purah Ciwan,081826950411,purah.ciwan@example.net,Semarang,2025-12-12,27053.65,
1146,Muman Lowati,081391845174,muman.lowati@example.net,Padang,12/02/2026,15045.19,
1147,Junto Lonto,0811 5910 2886,junto.lonto@post.example.net,Mataram,28.11.2025,161768,
1148,Cisih Wirah,+6282151415919,cisih.wirah@example.org,Surabaya,2024-07-25,231199.81,
1149,Loyan Gilia,081393481517,loyan.gilia@example.net,Mataram,2024-10-04,9603.28,
1150,Cinto Lonto,089548320037,,Medan,2024-03-13,41570,
1151,Loyan Rindra,082197142531,loyan.rindra@example.net,Medan,2024-10-12,121376.89,
1152,Yayan Ciwan,081213820380,yayan.ciwan@mail.example.com,Mataram,2026-05-11,184543.55,
1153,Delia Puwati,081305999040,delia.puwati@post.example.net,Denpasar,2023-06-19,149499.27,
1154,Inwan Puman,081806833324,inwan.puman@example.com,Mataram,2026-04-26,169866.83,
1155,Nasih Zuwati,089589507094,nasih.zuwati@post.example.net,Mataram,2026-02-21,4693.70,
1156,Jugus Nanur,081307040154,jugus.nanur@example.com,Surabaya,2025-03-08,181788.65,"prefers WhatsApp, not email"
1157," Butri Mumad",081163395541,"butri.mumad@example.net ",Medan,28.12.2024,185488,
1158,Ansih Gimad,085147019098,ansih.gimad@example.net,Denpasar,2026-03-21,215648.13,
1159,Pundra Pugus,081149640629,"pundra.pugus@post.example.net ",Semarang,2026-07-17,35373.95,
1160,Derah Fawan,081189746499,derah.fawan@example.com,Surabaya,2023-04-02,246019.93,
1161,Bumad Wiwati,081899743688,bumad.wiwati@example.org,Mataram,2024-11-20,92744.06,
1162,Cimad Loyan,081365261924,cimad.loyan@mail.example.com,Medan,2023-03-25,113674.19,
1163,Andi Suwati,081117794556,andi.suwati@post.example.net,Mataram,2026-02-01,22380.75,
1164,Cinto Tandra,082103000847,cinto.tandra@example.com,Mataram,2024-10-26,199074.52,
1165,Dendra Munur,081396015516,dendra.munur@example.org,Mataram,2023-09-08,162698.41,
1166,Hadi Bundra,0812 6436 0417,,Mataram,2025-10-17,126779.00,
1167,Yanto Witri,081761440985,yanto.witri@example.com,Mataram,2024-01-21,75702.79,
1168,Fawan Sugus,081789917332,fawan.sugus@example.net,Mataram,2026-02-11,79014.39,
1169,Cigus Ginur,081894360333,cigus.ginur@example.net,Padang,2026-01-11,43236.02,
1170,Narah Loyan,081161712295,narah.loyan@example.com,Mataram,2024-01-19,94745.37,
1171,Zutri Tatri,081287396840,,Makassar,12/10/2024,201322.04,
1172,Buwam Gimad,081367936938,buwam.gimad@post.example.net,Mataram,2025-12-08,116254.31,
1173,Puman Lonto,081717717158,puman.lonto@example.com,Mataram,2024-09-06,116867.97,
1174," Anrah Fasih",081399026638,anrah.fasih@example.org,Surabaya,2024-12-26,54614.67,
1175,Anlia Detri,081865561663,anlia.detri@example.net,Denpasar,2023-09-06,98694.09,
1176,Deman Tasih,081152684239,deman.tasih@mail.example.com,Mataram,2026-07-26,60275,
1177,Zuman Logus,081732685638,zuman.logus@example.org,Surabaya,2025-04-16,103249.16,
1178,Pundra Zurah,082190528137,pundra.zurah@post.example.net,Mataram,2025-02-19,209708.24,
1179,Fanur Loman,082142263186,fanur.loman@example.net,Mataram,2023-05-10,83372.80,
1180,Lonto Pudi,089520524308,lonto.pudi@post.example.net,Mataram,2026-06-19,156302.50,
1181,Cinur Wiwan,+6281808930083,cinur.wiwan@example.net,Surabaya,2026-06-27,220045.28,
1182,Muwan Nawati,081208237032,muwan.nawati@post.example.net,Mataram,2025-01-14,34551.39,
1183,Fawati Ciyan,081784753474,fawati.ciyan@example.com,Mataram,2024-07-26,237036.89,
1184,Rimad Anndra,089559448022,rimad.anndra@post.example.net,Padang,2026-08-24,221125.57,
1185,Fawan Yandra,081142938154,fawan.yandra@example.net,Bandung,2026-01-14,200354.54,
1186,Cidi Fanto,081713543851,cidi.fanto@example.org,Surabaya,2025-05-15,166442.87,
1187,Kaman Rindra,081322956623,kaman.rindra@mail.example.com,Bandung,2025-09-07,166084.73,
1188,Tanto Zuwan,+6281122846764,tanto.zuwan@post.example.net,Mataram,2023-06-05,24527.50,
1189,Junto Sunur,081190524213,junto.sunur@mail.example.com,Mataram,2023-09-11,34089.62,
1190,Zusih Kanur,089547058296,zusih.kanur@mail.example.com,Mataram,2026-08-13,223693.65,
1191,Nanto Annto,0811 0712 7084,nanto.annto@mail.example.com,Mataram,2026-07-15,111334.00,
1192,Rimad Giwan,081763650512,rimad.giwan@post.example.net,Mataram,17/11/2024,142991.68,
1193,"Indi Namad ",081252841400,indi.namad@example.com,Denpasar,24/02/2026,131479.15,
1194,Susih Ginto,085178519944,susih.ginto@post.example.net,Mataram,2023-03-21,134090.16,
1195,Cidi Inyan,081251800126,cidi.inyan@example.net,Makassar,2026-02-02,79076.72,
1196,Kagus Nawan,081208696591,kagus.nawan@example.com,Semarang,2023-09-10,64619.24,
1197,Tanto Delia,+6281237276464,tanto.delia@example.net,Bandung,2025-10-21,"133.837,87",
1198,Zundra Suyan,081172265605,zundra.suyan@mail.example.com,Mataram,2024-07-05,25652.68,
1199,Loman Budi,089589289368,loman.budi@example.org,Mataram,2026-07-01,"37.586,42",
1200,Zumad Gitri,082106297670,zumad.gitri@example.com,Mataram,2026-03-06,129969.99,
1201,Kawati Hawati,085139706754,kawati.hawati@example.net,Mataram,2023-04-23,9971.92,
1202,Farah Zuman,081755477700,farah.zuman@post.example.net,Makassar,2025-06-08,175548.21,"wants invoice marked ""urgent"""
1203,Delia Nanur,081744235052,delia.nanur@example.net,Mataram,2025-06-27,166776.03,
1204,Lonur Giwan,081108563608,lonur.giwan@example.com,Makassar,2024-10-01,161564.22,
1205,Junto Muwan,082199559125,junto.muwan@example.org,Mataram,2024-03-01,40426.49,
1206,Yawan Zutri,082121804529,yawan.zutri@mail.example.com,Padang,2025-08-27,86156.86,
1207,Insih Yaman,085103888055,insih.yaman@example.org,Surabaya,2026-08-09,103574.51,
1208,Riman Rindra,085169556651,riman.rindra@example.org,Mataram,2024-10-26,211300.67,
1209,Talia Juyan,081301694749,talia.juyan@example.com,Mataram,2025-01-02,188553.71,
1210,Punto Wiman,081377478082,punto.wiman@example.com,Bandung,2025-03-01,240072.19,
1211,Suyan Lowati,081852390597,suyan.lowati@example.org,Mataram,2024-05-01,105131.29,"wants invoice marked ""urgent"""
1212,Giman Hagus,081118270641,giman.hagus@example.net,Medan,2026-06-28,62558.31,
1213,"Cimad Cinur ",0812 4993 6479,cimad.cinur@example.com,Mataram,2026-01-01,25916,
1214,Tatri Punto,089502501590,tatri.punto@mail.example.com,Mataram,2026-05-10,"4.512,38",
1215,Lolia Giman,089593335396,lolia.giman@example.org,Mataram,2024-05-09,157676.29,
1216,Kamad Degus,082143008594,kamad.degus@mail.example.com,Bandung,2026-08-21,181280.54,
1217,Puman Nawati,+6281839763584,puman.nawati@mail.example.com,Bandung,2024-04-11,121254.97,
1218,Farah Gimad,085126786150,farah.gimad@example.com,Mataram,2025-01-19,182979.24,
1219,Wirah Gisih,081759133082,wirah.gisih@example.org,Padang,2023-03-07,123504.96,
1220,Hayan Riman,081361961719,hayan.riman@mail.example.com,Surabaya,2024-01-23,111241.46,
1221,Andi  Butri,081286771184,andi.butri@example.com,Mataram,20/07/2025,155674,
1222,Loman Pundra,085130451897,loman.pundra@mail.example.com,Makassar,2023-04-20,87481.16,
1223,Munur Julia,081149320854,munur.julia@example.org,Mataram,2024-08-11,23152.70,
1224,Yayan Denur,081349748857,yayan.denur@post.example.net,Bandung,2023-09-14,190569.07,
1225,Julia Cyndra,081301467772,julia.cyndra@post.example.net,Surabaya,2023-03-05,97741.14,
1226,Putri Widi,081855002326,putri.widi@example.net,Bandung,03.02.2026,126329.49,
1227,Fawan Hatri,081835989010,fawan.hatri@example.org,Mataram,2025-08-23,156713.56,
1228,Witri Riwan,081236817635,witri.riwan@example.com,Mataram,2025-04-27,193858.14,
1229,Citri Nayan,081188899622,citri.nayan@mail.example.com,Mataram,2023-07-10,130423.45,
1230,Gidi Nasih,081316489565,gidi.nasih@example.net,Semarang,2026-04-15,149611.08,
1231,Fanto Anwan,089512757933,fanto.anwan@example.org,Mataram,2025-02-06,157281.19,
1232,Tamad Ginto,085141519156,tamad.ginto@example.net,Mataram,2026-07-18,36530.16,
1233,Jugus Dewati,082175387602,jugus.dewati@example.org,Padang,2023-01-24,244288.69,
1234,Ciwan Munur,081885580507,ciwan.munur@mail.example.com,Padang,2024-07-20,82131.74,
1235,Yasih Muwati,081225164617,yasih.muwati@mail.example.com,Mataram,2025-06-04,35447.83,
1236,Winto Lotri,081294722385,winto.lotri@example.com,Mataram,2026-06-21,138481.66,
1237,Fandra Fanur,089576592479,fandra.fanur@example.net,Mataram,2024-02-16,134434.94,
1238,Nawati Gigus,081202560047,nawati.gigus@example.org,Mataram,2023-12-19,12741.88,
1239,Harah Tanur,0813-5722-8832,harah.tanur@example.com,Semarang,2026-05-28,102044.53,
1240,Inwati Sundra,081242702387,inwati.sundra@example.net,Mataram,2026-01-03,79222.82,
1241,Muwan Fawati,081742064155,muwan.fawati@example.com,Surabaya,2023-11-20,215994.79,
1242,Mudi Ginto,085101284477,mudi.ginto@post.example.net,Mataram,2025-09-19,60003.65,
1243,Tayan Kamad,085183155957,tayan.kamad@mail.example.com,Medan,2025-04-16,174285.97,
1244,Ingus Nandra,081176278252,ingus.nandra@mail.example.com,Mataram,2023-06-17,196363.37,
1245,Zudi Yayan,081194677506,zudi.yayan@mail.example.com,Mataram,2026-05-04,128829.75,
1246,Rinto Giman,085112310209,rinto.giman@example.org,Padang,2024-01-28,"154.039,96",
1247,Zomad Londra,081353050492,zomad.londra@post.example.net,Mataram,2025-05-01,217132.75,
1248,Farah Busih,085133774617,farah.busih@post.example.net,Bandung,2025-11-10,81242.02,
1249,"Mugus Butri ",081892899273,mugus.butri@post.example.net,Bandung,2025-01-14,91753.68,
1250,Mutri Nanur,085118067955,mutri.nanur@example.net,Surabaya,2023-01-18,127334.25,
1251,"Losih Yayan ",081726791431,losih.yayan@example.org,Mataram,10/04/2025,156042.46,"moved cities, update on renewal"
1252,"Anwati Ginto ",089507883503,anwati.ginto@post.example.net,Mataram,2023-02-23,123532.88,"duplicate of earlier signup, verify"
1253,Citri Zudi,081305546258,citri.zudi@mail.example.com,Mataram,2024-03-28,178804.20,
1254,Gitri Jumad,085122890193,gitri.jumad@post.example.net,Padang,2025-07-16,20587.39,
1255,Purah Budi,085165843277,purah.budi@example.com,Mataram,2025-11-20,15155.19,
1256,Cilia Nasih,082163346434,"cilia.nasih@post.example.net ",Mataram,18/12/2024,174531.58,
1257,Losih Halia,081396674022,losih.halia@example.net,Surabaya,2023-12-01,115221.72,
1258,Tatri Zunto,081726886544,tatri.zunto@example.net,Mataram,2025-03-25,247229.54,
1259,Buman Giwati,081303105798,buman.giwati@example.net,Semarang,2024-03-12,52511.70,
1260,Annur Anwan,0818-4410-7849,annur.anwan@example.net,Mataram,2023-12-01,"94.183,07",
1261,Susih Insih,081317335070,susih.insih@example.org,Mataram,2025-03-22,100600.25,
1262,Muwan Anman,081700503416,muwan.anman@example.com,Surabaya,2023-12-22,187653.95,
1263,Cilia Bugus,0817 2512 6895,"cilia.bugus@example.net ",Medan,2024-06-08,194631.63,no answer on the number given
1264,Kawati Putri,081288339993,kawati.putri@example.org,Mataram,2023-07-03,189558.33,
1265,Yalia Bundra,081832003386,yalia.bundra@post.example.net,Surabaya,2026-03-23,188298.39,
1266,Bunur Hasih,089541084160,bunur.hasih@example.com,Mataram,2024-10-14,88747.05,
1267,Kasih Andi,085181006599,kasih.andi@example.com,Medan,2026-04-09,125044.79,
1268,Fanto  Kanto,0821-2184-7283,"fanto.kanto@example.com ",Mataram,2024-10-18,144026.16,
1269,Muman Inyan,081279757351,muman.inyan@example.org,Mataram,2024-08-15,48395.16,
1270,Tagus Wimad,081188828709,tagus.wimad@example.net,Mataram,2023-02-23,169825.71,
1271,Zudi Wiwan,081284537069,zudi.wiwan@example.org,Mataram,2023-07-24,207607.58,
1272,Busih Fagus,+6282102808026,busih.fagus@mail.example.com,Mataram,2024-07-14,233125.10,
1273,Riwan Juman,081102441603,riwan.juman@post.example.net,Mataram,2026-05-13,214518.65,
1274,Zunur Bundra,081229369210,zunur.bundra@example.com,Mataram,25/09/2024,42786,
1275,Gidi Zunto,081253960530,gidi.zunto@example.org,Mataram,2026-07-03,77767.58,
1276,"Inrah Wiyan ",089596610454,inrah.wiyan@example.net,Mataram,2024-03-09,"232.600,83",
1277,Zumad Nawati,081847455717,zumad.nawati@post.example.net,Mataram,2026-06-05,249530.20,
1278,Yanur Zulia,081107602585,yanur.zulia@post.example.net,Padang,2024-02-28,198175.74,
1279,Anmad Girah,081221639330,anmad.girah@example.net,Mataram,2023-06-23,67982.41,
1280,Yawati Gindra,081883471528,yawati.gindra@example.com,Bandung,2024-01-25,9599.36,
1281,Jurah Kaman,081388519552,jurah.kaman@post.example.net,Mataram,2023-10-05,178654.57,
1282,Mulia Putri,089547942082,mulia.putri@mail.example.com,Bandung,2025-06-05,141323.36,
1283,Wiwati Handra,082104024312,wiwati.handra@example.org,Padang,2026-07-06,126709.93,
1284,Buwan Inndra,081290719167,buwan.inndra@example.com,Padang,2026-02-01,223932.23,"said ""call after 5pm"""
1285,"Tamad Winur ",0821-0011-8178,tamad.winur@example.net,Mataram,2025-02-17,"125.293,30",
1286,Inndra Sutri,081110834816,inndra.sutri@post.example.net,Makassar,2023-11-22,208582.26,
1287,Nanur Tawan,082105997055,nanur.tawan@mail.example.com,Mataram,2025-01-16,20089.24,
1288," Naman Anman",0895 0234 6184,naman.anman@mail.example.com,Medan,27.02.2025,225380.19,
1289,Zugus Sudi,081121623309,zugus.sudi@example.net,Denpasar,2024-06-19,22332.65,
1290,Annto Kanto,081138750741,annto.kanto@example.net,Surabaya,2026-08-15,206602.04,
1291,Tasih Sundra,081328035942,tasih.sundra@example.net,Mataram,2026-07-21,51476,
1292,Dedi Ridi,0818 3335 5635,dedi.ridi@post.example.net,Mataram,2025-12-16,"153.986,95",
1293,Jugus Anyan,081882891536,jugus.anyan@example.net,Medan,2025-01-14,61343.11,
1294,Jutri Busih,081859161596,jutri.busih@example.org,Surabaya,2023-02-19,47557.24,
1295,Derah Winto,0821-9570-8786,"derah.winto@example.com ",Medan,2026-04-12,99817.11,
1296,Puyan Faman,089521404887,puyan.faman@example.net,Mataram,2024-03-27,38103.42,no answer on the number given
1297,Puman Pulia,081769651633,puman.pulia@mail.example.com,Mataram,2024-05-20,65149.20,
1298,Cinur Natri,081751949623,cinur.natri@example.org,Padang,2025-06-18,184487.92,
1299,Hasih Mugus,082111658021,hasih.mugus@mail.example.com,Surabaya,2023-12-17,172873.97,
1300,Wiyan  Fanto,0817 7966 6520,wiyan.fanto@post.example.net,Mataram,02.03.2023,159297.26,
1301,Farah Pumad,082102059644,,Denpasar,2026-06-13,147303,
1302,Gidi Zuwati,082195975909,gidi.zuwati@post.example.net,Mataram,2026-08-12,248.62,
1303,Juman Hawan,089522103108,juman.hawan@example.net,Medan,2025-01-10,145638.51,
1304,Fadi Risih,081152015911,fadi.risih@post.example.net,Bandung,2024-09-21,235044.52,
1305,Puman Cirah,081857553340,puman.cirah@example.org,Makassar,2026-04-02,101875.30,"moved cities, update on renewal"
1306,Nanto Kanto,081775931946,nanto.kanto@example.org,Semarang,2026-03-15,31229.87,
1307,Fanur Dento,081398082354,fanur.dento@mail.example.com,Mataram,2023-11-26,117159.75,
1308," Annto Cindra",0818 0293 2004,"annto.cindra@example.org ",Surabaya,2026-02-27,42151.41,
1309,Munur Inlia,081249281941,munur.inlia@example.com,Mataram,2026-08-27,202877.76,
1310,Murah Murah,081782978171,murah.murah@post.example.net,Mataram,2025-03-10,150651.60,"moved cities, update on renewal"
1311,Dento Detri,+6289571263629,dento.detri@example.net,Makassar,23.01.2025,43142.89,
1312,Kamad Lowan,081399918792,kamad.lowan@example.net,Makassar,2023-12-19,110509.76,
1313,Tasih Muman,089586645344,tasih.muman@example.net,Mataram,2023-08-28,226465.03,
1314,Nawati Jutri,081252844345,nawati.jutri@post.example.net,Bandung,2024-08-26,195066.65,
1315,Jusih Tanto,081110104902,jusih.tanto@mail.example.com,Mataram,2026-07-08,240045.19,
1316,Zunur Lotri,081256090951,zunur.lotri@example.com,Mataram,2024-09-21,191391.27,no answer on the number given
1317,Butri Pugus,085151880891,butri.pugus@example.com,Padang,2025-12-04,99783.56,
1318,"Susih Kagus ",082135006315,susih.kagus@example.com,Mataram,21.07.2025,100793.70,
1319,Gitri Zudi,085129303769,gitri.zudi@example.com,Medan,2026-02-12,82098.22,
1320,Mugus Susih,0811-1830-6249,mugus.susih@example.net,Bandung,2026-01-25,156768.04,
1321,Yamad Susih,081802400513,yamad.susih@mail.example.com,Mataram,2026-07-11,34738.12,
1322,Buman Wirah,082143095003,buman.wirah@example.net,Denpasar,2026-05-21,163544.57,
1323,Lonto Denur,081742271741,lonto.denur@example.org,Surabaya,2024-05-12,123575.19,
1324,Hawan Yadi,081168014809,hawan.yadi@example.org,Mataram,2025-11-15,131182.16,
1325,Inrah Muman,089515724044,inrah.muman@example.com,Padang,2023-03-23,77024.04,
1326,Muwati Jusih,089533335237,muwati.jusih@example.net,Surabaya,2023-05-27,39172.80,
1327,Winto Hasih,085137524333,winto.hasih@post.example.net,Mataram,2025-11-02,228139.73,
1328,Rinto Sumad,081829789200,rinto.sumad@example.net,Mataram,2025-11-28,133365.19,
1329,Surah Zuwati,081796056775,surah.zuwati@mail.example.com,Denpasar,2026-08-27,203003.74,
1330,Ginto Kalia,081351675757,ginto.kalia@example.net,Mataram,2023-12-09,201887.05,
1331,Sulia Talia,085177436922,sulia.talia@post.example.net,Padang,2025-10-01,204338.40,
1332,Namad  Cinto,081175402494,namad.cinto@post.example.net,Surabaya,28.06.2025,202688.60,
1333,Purah Fasih,085100113070,purah.fasih@post.example.net,Mataram,2024-07-27,25580.89,
1334,Mulia Jugus,085105695692,mulia.jugus@example.org,Mataram,2025-10-27,"48.544,04",
1335,Nayan Girah,081164383789,nayan.girah@example.com,Padang,2024-07-14,219645.03,
1336,Zusih Bundra,081893477674,zusih.bundra@example.net,Bandung,2023-11-24,116338.26,
1337,Anwati Tawati,081373569349,anwati.tawati@mail.example.com,Surabaya,2025-08-03,143765.41,
1338,Mumad Fawati,081383953286,mumad.fawati@mail.example.com,Bandung,2025-06-24,147074.59,
1339,Handra Harah,081762981179,handra.harah@example.net,Mataram,2024-09-05,171582.95,
1340,Detri Anwan,081297386139,detri.anwan@example.com,Semarang,2024-07-20,45519.56,
1341,Bulia Cinto,082137069578,bulia.cinto@mail.example.com,Mataram,2026-05-02,54743.84,
1342,Bunto Suman,0851-6317-5281,bunto.suman@example.com,Surabaya,2026-07-13,158105.50,
1343,"Detri Nawati ",081871220676,detri.nawati@example.net,Medan,2024-09-22,11541,
1344,Riwan Lomad,081369549539,riwan.lomad@example.net,Semarang,2026-03-11,246530.81,
1345,Zunto Deyan,089522462866,zunto.deyan@example.com,Surabaya,2026-05-26,213458.61,
1346,"Murah Nasih ",081207188198,murah.nasih@example.org,Makassar,2026-08-28,148349.94,
1347,Jutri Inndra,081104827852,jutri.inndra@mail.example.com,Medan,2023-10-15,169556.63,
1348,Hayan Butri,085138927848,hayan.butri@example.com,Medan,2025-08-09,216420.85,
1349,Desih Nadi,081352375897,desih.nadi@example.org,Makassar,2024-07-13,216445.35,
1350,Natri Fayan,081223947533,natri.fayan@mail.example.com,Bandung,2025-10-07,1287.70,
1351,Wimad Fadi,081782936111,wimad.fadi@example.org,Surabaya,2026-01-21,52092.11,
1352,Surah Deman,081358239035,surah.deman@example.com,Denpasar,2023-04-24,29378.12,
1353,Jurah Kawati,085165900904,jurah.kawati@mail.example.com,Mataram,2023-08-04,184836.32,
1354,Nagus Gimad,081348660112,nagus.gimad@mail.example.com,Mataram,2025-04-02,65522.98,
1355,Kalia Yawan,081196404765,kalia.yawan@example.net,Mataram,2023-09-24,232766.26,
1356,Nasih Hamad,081775184821,nasih.hamad@post.example.net,Surabaya,2023-03-03,31358.33,
1357,Winto Deyan,081248742196,winto.deyan@example.com,Surabaya,2024-04-10,6173.64,
1358,Cinto Gisih,081233925537,cinto.gisih@post.example.net,Denpasar,2023-03-16,126900.10,
1359,Intri Yamad,082183846601,intri.yamad@example.org,Mataram,2023-01-15,43165.97,"prefers WhatsApp, not email"
1360,Anmad Bunto,081805911080,anmad.bunto@example.net,Denpasar,2025-01-18,241451.37,
1361,Yagus Judi,081210141273,yagus.judi@mail.example.com,Mataram,2023-11-12,77183.87,
1362,Jusih Jutri,081192927251,jusih.jutri@example.org,Mataram,2025-05-06,249057.56,"wants invoice marked ""urgent"""
1363,Budi Fadi,089564056251,budi.fadi@post.example.net,Mataram,2025-05-18,77917.79,
1364,Winto Rirah,081854102988,winto.rirah@example.org,Mataram,2023-06-19,188825.87,
1365,Suwan Cimad,081228517675,suwan.cimad@example.org,Mataram,2024-11-11,207942.19,
1366,Zutri Tawati,0821 8987 3624,zutri.tawati@example.com,Mataram,2023-01-05,170801.27,
1367,Haman Lodi,089554284436,haman.lodi@example.com,Bandung,2023-07-14,91602.96,
1368,Yarah Winto,081329370053,yarah.winto@example.com,Medan,2023-08-18,99887.16,"moved cities, update on renewal"
1369,Kawati Nalia,081843174421,kawati.nalia@mail.example.com,Mataram,2023-12-20,123844.59,
1370,Puyan Pulia,085155867466,puyan.pulia@post.example.net,Mataram,2025-12-01,73322.03,
1371,Demad Windra,089585798608,demad.windra@example.com,Medan,2023-04-07,90007.60,
1372,Winto Anman,081242342603,winto.anman@example.org,Mataram,2023-08-18,198891.36,
1373,Deman Ginur,082130565062,deman.ginur@mail.example.com,Mataram,2025-02-28,231483.05,
1374,Yarah Hawan,081788031537,yarah.hawan@example.org,Bandung,2024-11-26,70441.60,
1375,Munto Ciwan,081867195148,munto.ciwan@example.org,Surabaya,2025-10-18,213765.44,
1376,Ridi Wimad,085157941128,ridi.wimad@mail.example.com,Surabaya,2026-03-09,75950,
1377,Ginto Famad,0821 7727 4825,ginto.famad@mail.example.com,Mataram,2024-05-12,52078.09,
1378,"Nasih Nanur ",0817-8057-7351,"nasih.nanur@post.example.net ",Surabaya,2025-02-12,135565.51,
1379,Rinto Gimad,085197477771,"rinto.gimad@post.example.net ",Semarang,06.04.2026,"73.802,22",
1380,Bunto Tandra,081750009188,bunto.tandra@example.net,Makassar,2026-01-03,246709.68,
1381,Dento Yatri,081346697361,dento.yatri@example.net,Mataram,2026-02-04,120106.30,
1382,Tayan Citri,081800430384,tayan.citri@mail.example.com,Mataram,19.01.2024,50188.87,
1383,Sugus Puman,081809215291,,Mataram,24/10/2025,138268.74,
1384,Yaman Anmad,081248728164,yaman.anmad@example.org,Mataram,2025-05-11,159557.07,
1385,Tanto Ginur,081372934914,tanto.ginur@post.example.net,Mataram,2025-12-07,222075.95,
1386,Puwati Mundra,081854708666,,Mataram,2024-06-20,35641.93,
1387,Giwan Lorah,089561820087,giwan.lorah@mail.example.com,Medan,2023-07-08,66084.94,
1388,Indi Cimad,085185590588,indi.cimad@mail.example.com,Mataram,2025-04-28,13568,
1389," Delia Kanto",081388295044,delia.kanto@post.example.net,Mataram,2024-12-03,203481.40,
1390,Inwan Cindra,089500032579,inwan.cindra@example.org,Mataram,2025-04-25,89729.32,
1391,Cidi Faman,081733087656,cidi.faman@example.com,Surabaya,2025-08-18,227738.49,"VIP, do not discount"
1392,Tayan Puyan,081750841186,tayan.puyan@post.example.net,Semarang,2024-10-19,1305.49,
1393,Antri Anrah,085122440974,antri.anrah@example.com,Mataram,25.07.2024,85578.18,
1394,Degus Hatri,0811-1162-4822,,Medan,2025-06-21,184706.85,
1395,Kawan Juwati,089520877999,kawan.juwati@example.net,Medan,2023-02-03,213233.40,
1396,Innto Nalia,081843810135,innto.nalia@example.org,Makassar,2026-01-28,202511.38,
1397," Jutri Tanur",081122507432,jutri.tanur@POST.EXAMPLE.NET,Mataram,2026-08-21,126701,
1398,Cinto Nadi,081742838932,cinto.nadi@example.com,Mataram,2026-08-07,222465.70,
1399,Rilia Buwan,085131046620,rilia.buwan@mail.example.com,Mataram,28.05.2026,144187.37,
1400,Lonur Ciwan,0813-7163-1693,lonur.ciwan@example.org,Bandung,2025-12-12,115818.08,no answer on the number given
1401,Insih Inmad,081360701623,insih.inmad@example.com,Surabaya,2026-01-26,88390,
1402,Citri Cimad,089591825321,citri.cimad@post.example.net,Mataram,2023-06-16,92893.88,
1403,Sugus Yadi,081711856375,sugus.yadi@example.net,Denpasar,2025-02-03,"42.324,25",
1404,Sugus Yagus,082165518382,sugus.yagus@post.example.net,Medan,2023-04-22,45752.69,
1405,Lonur Muwan,081841120307,lonur.muwan@post.example.net,Mataram,2023-07-10,129750,
1406,Citri Inwan,081848070560,citri.inwan@example.com,Makassar,2025-01-12,153382.23,
1407,Surah Dewan,081206580069,surah.dewan@post.example.net,Denpasar,2026-08-11,62492.00,
1408,Loman Wiwan,+6289593817423,loman.wiwan@EXAMPLE.NET,Mataram,23.03.2023,"64.314,48",
1409,Hadi Bugus,081807071005,hadi.bugus@example.net,Mataram,2025-11-03,14364.44,
1410,Nawati Hasih,081272810666,nawati.hasih@example.org,Bandung,2023-12-18,189128.35,
1411,Cigus Giwati,081376050041,cigus.giwati@example.com,Surabaya,2024-11-12,173006.12,
1412,Suman Bunto,085147872398,suman.bunto@example.net,Mataram,28/10/2024,"147.311,03",
1413,Insih Gitri,081861592569,insih.gitri@post.example.net,Denpasar,2023-12-09,160629.51,
1414,Zugus Namad,089552080929,zugus.namad@example.org,Mataram,2024-10-06,141749.49,
1415,Intri Julia,081386236396,intri.julia@example.com,Makassar,2024-12-22,29438.32,
1416,Indi Kamad,089511744988,indi.kamad@post.example.net,Mataram,2025-05-14,143434.33,
1417,Lowati Kaman,085193302783,lowati.kaman@post.example.net,Mataram,2025-08-25,197582.85,
1418,Riyan Risih,081766363662,riyan.risih@example.net,Semarang,2024-12-19,247670.52,
1419,Rigus Yadi,081157263577,rigus.yadi@example.org,Bandung,2023-04-17,203066.59,
1420,Punto Ridi,089529670283,punto.ridi@example.org,Mataram,2026-07-20,93445.79,
1421,Yatri Zurah,081313845985,yatri.zurah@post.example.net,Makassar,2026-07-07,94558.84,
1422,Suwati Logus,081248913985,suwati.logus@mail.example.com,Semarang,2023-12-17,129467.98,
1423,Loman Nanur,0821 8956 9669,loman.nanur@example.com,Mataram,2023-05-01,227514.15,
1424,Ginto Bundra,085104098583,ginto.bundra@post.example.net,Padang,2025-12-17,52995.43,
1425,Zudi Nalia,089528541321,zudi.nalia@mail.example.com,Mataram,14.09.2024,37869.19,
1426,Anman Cirah,081370998346,anman.cirah@example.net,Mataram,16/05/2025,"174.583,12","paid by transfer, receipt pending"
1427,Dewan Fanto,081385851510,dewan.fanto@post.example.net,Mataram,2024-08-16,72115.16,
1428,"Zundra Juwan ",+6281701315825,zundra.juwan@MAIL.EXAMPLE.COM,Mataram,18/05/2024,"75.546,73",
1429,Rindra Kamad,081271726988,rindra.kamad@mail.example.com,Mataram,2026-05-21,61000.36,
1430,Butri Talia,0811 5276 2882,butri.talia@example.com,Medan,2025-08-20,89495.49,
1431,Lonto Zurah,089596966708,lonto.zurah@mail.example.com,Surabaya,2023-07-05,55250.57,
1432,Inlia Zuman,082134786665,inlia.zuman@post.example.net,Bandung,2024-10-06,135374.83,
1433,Derah Ansih,081895643657,derah.ansih@mail.example.com,Mataram,2026-06-21,8736.37,
1434,Ciwan Yalia,081253781936,ciwan.yalia@post.example.net,Mataram,2023-02-10,224730.73,
1435,"Hawan Hawan ",0818-2283-9621,hawan.hawan@mail.example.com,Denpasar,28.10.2023,189600.03,
1436,Anlia Windra,081896369225,anlia.windra@example.net,Mataram,2024-10-15,13096.37,
1437,Winto Fanto,081875186561,winto.fanto@mail.example.com,Mataram,2025-07-16,135561.34,
1438,Inman Karah,081798434054,inman.karah@example.com,Mataram,2026-07-25,78303.07,
1439,Mutri Tanto,081286667264,mutri.tanto@example.com,Mataram,2025-01-20,17204.83,
1440,Dewati Nanur,0811 5937 6066,dewati.nanur@example.org,Makassar,13.09.2023,4424,
1441,Risih Jutri,081896157894,risih.jutri@example.org,Mataram,2025-02-18,77068.71,
1442,Wiwan Ginur,089595396096,wiwan.ginur@mail.example.com,Mataram,2023-01-03,208977.96,address unclear
1443,Sudi Hatri,089520822985,sudi.hatri@mail.example.com,Mataram,2024-07-17,147005.70,
1444,Inman Fanur,081827542357,inman.fanur@example.net,Mataram,2024-10-22,239811.50,
1445,Inndra Kagus,082114903678,inndra.kagus@example.com,Medan,2026-04-27,2581.95,
1446,Kayan Katri,085126575334,kayan.katri@post.example.net,Mataram,2025-08-20,83970.58,
1447,Hanto Buyan,081372982128,hanto.buyan@example.net,Denpasar,2025-12-08,117769.63,
1448,Cindra Puwan,089506970827,cindra.puwan@example.net,Bandung,2025-12-09,67998.48,
1449,Demad Yatri,085103545432,demad.yatri@example.net,Mataram,2024-01-05,129891,
1450,Inlia Wiman,0812 3119 0659,inlia.wiman@example.net,Mataram,12/02/2026,247383.71,
1451,Gigus Kandra,081732300511,gigus.kandra@post.example.net,Mataram,2025-08-17,151679.03,
1452,Tagus Gindra,081749638171,tagus.gindra@mail.example.com,Bandung,2026-06-02,219859.29,
1453,Cidi Pulia,081255943419,cidi.pulia@example.net,Mataram,2025-07-23,113759.03,
1454,Juman Hawan,081370762848,juman.hawan@example.net,Makassar,2023-04-17,159972.63,
1455,Girah Dedi,081341255478,girah.dedi@example.com,Surabaya,2023-06-16,202966,
1456,Riwan  Dendra,082162417835,riwan.dendra@post.example.net,Mataram,10.12.2025,186047.48,
1457,Tanto Anyan,082129732789,tanto.anyan@example.com,Mataram,2025-12-08,46756.13,"moved cities, update on renewal"
1458,Rinto Kalia,085174402060,rinto.kalia@example.org,Mataram,2025-04-21,36987.12,
1459,Mutri Julia,082154896464,mutri.julia@post.example.net,Makassar,2024-07-06,179306.83,
1460,Natri Sunur,081268856754,natri.sunur@example.net,Mataram,2024-08-16,37755.28,
1461,Taman Suman,082148050730,,Bandung,2026-02-07,170164.41,"moved cities, update on renewal"
1462,Fadi Pugus,081840115864,fadi.pugus@example.com,Denpasar,2023-09-17,201024.68,
1463,Nadi Susih,081132531773,nadi.susih@example.org,Mataram,2024-06-19,44783.53,
1464,Dento Cidi,081793222106,dento.cidi@example.org,Medan,2024-03-27,230718.46,
1465,Yalia Hawati,085190732393,yalia.hawati@example.net,Mataram,2023-01-03,194342.55,
1466,Annto Ridi,089518295107,annto.ridi@example.org,Mataram,2026-04-18,206641.42,
1467,Tawan Tawan,085101364806,tawan.tawan@example.net,Mataram,2026-08-21,69845.44,
1468,Zuman Kawan,081248638074,zuman.kawan@example.org,Mataram,2025-06-01,232246.24,
1469,Naman Logus,081251181524,naman.logus@example.net,Bandung,2023-09-14,201271.10,
1470,Halia Nalia,081772256171,halia.nalia@post.example.net,Mataram,2025-05-26,195864.84,
1471,Harah Delia,085163292618,harah.delia@example.net,Padang,2023-11-06,42445.35,
1472,Dedi Handra,082145213295,dedi.handra@MAIL.EXAMPLE.COM,Mataram,2025-03-23,21016.64,
1473,Yanto Bugus,085183858352,yanto.bugus@example.com,Bandung,2025-06-04,81183.04,
1474,Bugus Katri,081222251996,bugus.katri@mail.example.com,Makassar,2024-12-05,223495.50,
1475,Mumad Harah,082185141424,mumad.harah@post.example.net,Mataram,21/08/2026,175733,
1476,Wirah Pugus,089539360461,wirah.pugus@example.com,Medan,2025-05-08,163288.07,
1477,Pudi Harah,089523893893,pudi.harah@example.net,Mataram,2023-06-04,22106.13,
1478," Nadi Puwan",081399165598,nadi.puwan@mail.example.com,Mataram,2023-07-26,246242.00,
1479,Yadi Fagus,0895 0151 9183,yadi.fagus@example.org,Bandung,2023-02-03,100416.32,
1480,Yanto Bulia,081260475850,,Medan,2024-06-24,"32.069,39",
1481,Sudi Talia,081765994569,sudi.talia@mail.example.com,Mataram,2023-10-23,200688.04,
1482,Nawan Kanto,0813 9694 8774,nawan.kanto@example.net,Bandung,20.05.2026,114341.63,
1483,Zunto Sunur,081119516573,zunto.sunur@example.com,Bandung,19.04.2026,91261.59,
1484,Kandra Zunto,081151652032,kandra.zunto@example.net,Mataram,2026-07-21,249137.21,
1485,Sumad Kandra,082183215268,sumad.kandra@example.net,Mataram,2026-06-28,230044.43,
1486,Anrah Punto,0895 9021 7224,,Mataram,03.02.2026,97016.13,
1487,Tanto Musih,081164577750,tanto.musih@post.example.net,Mataram,2026-07-23,212077.81,
1488,Wiman Girah,082100567161,wiman.girah@example.net,Makassar,2025-06-10,206374.93,
1489,Wiwati Juyan,081217608768,wiwati.juyan@post.example.net,Mataram,2025-04-09,28644.90,
1490,Jundra Budi,089546752146,jundra.budi@example.org,Mataram,2023-03-06,119841.30,
1491,Inrah Demad,+6281769775202,inrah.demad@example.net,Mataram,26.08.2023,56889.44,
1492,Angus Zunur,089574427604,angus.zunur@example.org,Makassar,2025-02-12,527.06,
1493,Zutri Musih,081846039900,zutri.musih@example.org,Mataram,2026-08-16,217027.43,
1494,Zuman Anwati,081196741607,zuman.anwati@mail.example.com,Surabaya,2024-08-04,130642.84,
1495,Delia Munto,081247004352,delia.munto@mail.example.com,Medan,2026-04-16,39692.92,
1496,Windra Desih,081279988621,windra.desih@example.net,Mataram,2023-04-07,53411.22,
1497,Fawan Lowan,081795457355,fawan.lowan@EXAMPLE.COM,Mataram,2026-08-03,75708,
1498,Junto Wiman,085121644112,junto.wiman@example.net,Mataram,17.03.2026,71561.21,
1499,Fayan Rinto,085198538043,fayan.rinto@example.org,Mataram,2025-07-17,186899.90,
1500,Wigus Gitri,085116368123,wigus.gitri@mail.example.com,Mataram,2024-09-25,188360.08,
1501,Anndra Nanto,089577425686,anndra.nanto@example.net,Mataram,2026-07-05,147185.35,
1502,Mudi Hagus,089590630434,mudi.hagus@example.com,Mataram,2025-09-21,249138.24,
1503,Natri Falia,081127752270,natri.falia@example.org,Mataram,2025-09-10,144957.27,
1504,Rinto Intri,085116239153,rinto.intri@post.example.net,Semarang,2023-08-05,43141.09,
1505,Tanto Burah,085144410145,tanto.burah@example.org,Mataram,2026-06-03,158544.22,"duplicate of earlier signup, verify"
1506,Purah Loman,081810750767,"purah.loman@mail.example.com ",Semarang,21.04.2026,193637.40,
1507,Tayan Risih,081784686308,tayan.risih@post.example.net,Surabaya,2025-01-10,58708.93,
1508,Hawan Junto,081727912172,"hawan.junto@post.example.net ",Mataram,2024-01-10,97921.33,
1509,Detri Kanto,081285738683,detri.kanto@example.net,Mataram,2023-06-19,106372.41,"moved cities, update on renewal"
1510,Deyan Tawati,089510805244,deyan.tawati@example.net,Medan,2023-08-13,35909.59,
1511,Nawati Munto,081178062750,nawati.munto@mail.example.com,Mataram,2024-04-05,237511.00,
1512,Anwati Fatri,082119534276,anwati.fatri@mail.example.com,Mataram,2026-06-23,165383.34,
1513,Sumad Rigus,+6289515533651,sumad.rigus@example.org,Mataram,21.08.2024,229722.22,
1514,Riyan Yawan,082102097304,riyan.yawan@example.org,Medan,2026-08-04,201156.83,"VIP, do not discount"
1515,Inndra Narah,0895 5057 7554,inndra.narah@post.example.net,Mataram,13.08.2024,141313.91,
1516,Narah Wilia,089524443571,narah.wilia@mail.example.com,Surabaya,2023-12-01,60343.58,
1517,Wimad Zunur,081381724824,wimad.zunur@post.example.net,Mataram,2025-03-28,248273.65,
1518,Cinto Widi,082132574482,cinto.widi@example.com,Mataram,2026-06-19,69259.21,
1519,Nanto Puman,085135880029,nanto.puman@post.example.net,Padang,2025-08-16,160985.29,
1520,Purah Yalia,081709408696,purah.yalia@example.com,Mataram,2026-04-26,243102.10,
1521,Kagus Giwati,081358872330,kagus.giwati@post.example.net,Bandung,2025-06-09,189380.60,"moved cities, update on renewal"
1522,Jundra Deyan,085124660081,jundra.deyan@example.org,Mataram,2026-01-22,91058.25,
1523,Inman Sudi,081746621394,inman.sudi@example.net,Mataram,2023-06-22,173768.58,
1524,Bugus Suwan,081793360245,bugus.suwan@post.example.net,Medan,2026-05-21,12394.68,
1525,Fanto Ginto,081288105834,fanto.ginto@example.net,Mataram,2024-08-12,124509.41,
1526,Mugus Loman,081135543247,mugus.loman@post.example.net,Mataram,2023-08-18,54093.16,
1527,Junur Londra,081131466501,junur.londra@example.org,Bandung,2024-07-17,32460.09,
1528,Yawan Mutri,081887869250,yawan.mutri@example.org,Mataram,2024-05-23,222581.54,
1529,Girah Hayan,+6281210071528,girah.hayan@example.com,Medan,2025-02-27,116825.47,
1530,Handra Gigus,082193989470,handra.gigus@example.org,Denpasar,2026-03-20,130947.56,
1531,Nawan Punto,081220018636,nawan.punto@example.org,Mataram,2026-02-15,132163.68,
1532,Susih Puman,081227798365,susih.puman@example.net,Mataram,2026-07-05,136679.19,
1533,Yaman Lowati,082140634058,yaman.lowati@example.net,Mataram,2026-03-26,154524.77,
1534,Munto Lonto,081191873854,munto.lonto@example.com,Mataram,2025-08-25,192989.44,
1535," Tagus Ginto",081793910464,tagus.ginto@post.example.net,Medan,23/06/2025,39165.62,
1536,Sumad Sutri,081115925221,sumad.sutri@example.com,Mataram,2024-10-09,318.52,
1537,Zugus Angus,+6281702003164,zugus.angus@example.net,Mataram,23/01/2023,174886.04,"duplicate of earlier signup, verify"
1538,Sulia Musih,081139517065,sulia.musih@example.net,Denpasar,2025-05-06,199561.32,
1539,Ansih Cidi,089571253969,ansih.cidi@mail.example.com,Mataram,2025-07-02,199000.07,
1540,Ingus Muyan,085123328678,ingus.muyan@example.com,Semarang,2023-06-05,6303.02,
1541,Lonto Buman,082143508602,lonto.buman@post.example.net,Padang,2026-01-23,224038.21,
1542,Wiwan Cimad,082184496035,wiwan.cimad@example.org,Semarang,2025-08-08,124822.10,
1543,Cindra Fawati,081810800812,cindra.fawati@example.com,Bandung,2025-09-27,184080.80,
1544,Inrah Rigus,081240731369,inrah.rigus@example.net,Mataram,2024-09-08,95748.33,
1545," Puwati Hasih",0812-3974-8984,puwati.hasih@example.org,Mataram,2025-05-11,18090,follow up next week
1546,Dewati Juman,089578085715,dewati.juman@mail.example.com,Denpasar,2025-06-23,165245.32,
1547," Tadi Kanur",+6289590800418,tadi.kanur@post.example.net,Mataram,2025-02-01,26055.42,
1548,Kandra Nanto,081253584728,"kandra.nanto@example.net ",Bandung,2024-03-13,109233,
1549,Gigus Antri,085191220846,gigus.antri@example.net,Mataram,2026-04-24,152376.49,
1550,Yawati Kayan,082129279190,yawati.kayan@example.com,Bandung,2026-02-21,147096.42,
1551,Puwati Sunto,+6285140815262,"puwati.sunto@example.net ",Mataram,2024-03-28,112342.33,
1552,Nayan Puwati,089535275032,nayan.puwati@post.example.net,Medan,2023-12-11,143763.24,
1553,Gidi Punto,085175381168,gidi.punto@mail.example.com,Makassar,2026-07-23,91051.96,
1554,Nawan Busih,081154461240,nawan.busih@post.example.net,Bandung,2023-11-25,230892.92,
1555,Narah Hamad,081884074347,narah.hamad@mail.example.com,Mataram,2024-09-03,191416.51,
1556,Londra Desih,+6282156426097,londra.desih@mail.example.com,Mataram,2025-11-19,198035,
1557,Inwan Punto,089561407303,inwan.punto@example.net,Denpasar,2024-07-01,218838.88,
1558,Anlia Losih,081216497760,anlia.losih@example.org,Semarang,2023-03-23,115933.31,
1559,"Anwan Cilia ",081123767099,anwan.cilia@mail.example.com,Makassar,2026-07-03,125421.23,
1560,Mugus Gidi,081758890105,mugus.gidi@mail.example.com,Mataram,2023-12-20,114829.54,
1561,Punto Inman,081152584260,punto.inman@example.net,Medan,2024-08-01,21458.74,
1562,Farah Tagus,081272993287,farah.tagus@example.net,Mataram,2023-07-20,76208.68,
1563,Dendra Yanto,+6282188868955,dendra.yanto@example.org,Mataram,2023-05-23,228613,
1564,Lodi Punto,081133106870,lodi.punto@example.org,Bandung,2024-01-03,102540.95,
1565,Yasih Putri,0811-5694-0776,yasih.putri@EXAMPLE.NET,Bandung,2024-11-20,233946,
1566,Fayen Muyan,081104862359,fayen.muyan@mail.example.com,Mataram,28.03.2026,173658.21,
1567,Giyan Ciyan,081888702475,giyan.ciyan@example.org,Mataram,2023-01-26,235620.20,
1568,Sunur Ginto,081873370036,sunur.ginto@post.example.net,Semarang,2025-08-11,147533.22,
1569,Mundra Wigus,081875900001,mundra.wigus@post.example.net,Makassar,2026-01-13,112366.60,
1570,Riyan Rilia,081322669857,riyan.rilia@mail.example.com,Mataram,2023-05-10,142966.12,
1571,Musih Inwati,0813-4869-1253,musih.inwati@post.example.net,Mataram,10/05/2026,"123.808,57",
1572,Bumad Inlia,081755358827,bumad.inlia@example.org,Surabaya,2026-08-09,14550.27,
1573,Dewan Kanto,085106212174,dewan.kanto@example.org,Makassar,2023-12-28,141714.10,
1574,Mutri Giyan,085126946326,mutri.giyan@example.com,Mataram,2024-10-06,151327.01,
1575,Ciwati Innur,081398687023,ciwati.innur@example.org,Bandung,2025-06-20,236041.63,
1576,"Junto Ingus ",0811 5884 2108,junto.ingus@example.com,Mataram,19/04/2026,216201.40,
1577,Anyan Witri,081208487804,anyan.witri@example.org,Mataram,2023-07-09,249459.50,
1578,Zugus Rigus,081234960798,zugus.rigus@example.org,Mataram,2026-07-23,116938.30,
1579,Winur  Sunto,0811 9420 9899,winur.sunto@post.example.net,Surabaya,2026-06-16,208139.17,
1580,Annur Juyan,085197132554,annur.juyan@mail.example.com,Denpasar,2026-03-22,197783.69,"duplicate of earlier signup, verify"
1581,Suman Puyan,089516471050,suman.puyan@MAIL.EXAMPLE.COM,Mataram,2026-08-04,29714.67,
1582,Desih Ciwan,0821-5990-7893,,Surabaya,2023-12-13,136957,
1583,Inlia Witri,082195249086,inlia.witri@example.net,Makassar,2024-08-08,173058.21,
1584,Zugus Ritri,081703598862,zugus.ritri@post.example.net,Medan,2026-07-19,150557.25,
1585,Tatri Tarah,081327503131,tatri.tarah@example.com,Bandung,2023-10-21,16295.75,
1586,Cidi Butri,085180620623,cidi.butri@post.example.net,Mataram,2026-08-18,161643.47,
1587,Lonto Inrah,081390395319,lonto.inrah@example.net,Mataram,2026-08-28,228492.94,
1588,Bunto Mulia,085102577869,bunto.mulia@post.example.net,Mataram,2026-08-06,43300.68,
1589,Dewati Fawan,081131792407,dewati.fawan@mail.example.com,Mataram,2023-10-01,26990.01,
1590,Lowan Winto,081853082490,lowan.winto@post.example.net,Mataram,2025-02-28,240921.94,follow up next week
1591,Lonto Nanto,081709564727,lonto.nanto@mail.example.com,Mataram,2024-08-05,74844.67,
1592,Girah Juyan,081825450760,girah.juyan@mail.example.com,Bandung,2023-01-15,87251.59,
1593,Lonur Logus,081846052594,lonur.logus@example.org,Mataram,2025-05-10,136257.06,
1594,Naman Hatri,081815686053,naman.hatri@post.example.net,Denpasar,2024-04-08,234205.00,
1595,Ryndra Nasih,081354342472,ryndra.nasih@post.example.net,Denpasar,2026-04-13,192753.46,
1596," Zudi Punto",081828083679,zudi.punto@post.example.net,Mataram,21.09.2023,53765.73,
1597,Kalia Yayan,081292172842,kalia.yayan@example.com,Mataram,2026-04-14,173204.91,
1598,Buyan Yanto,081188888002,buyan.yanto@example.org,Semarang,2024-03-10,139921.55,
1599,Cidi Inrah,081292033332,cidi.inrah@post.example.net,Medan,2026-05-08,181279.71,
1600,Anmad Harah,085141981693,anmad.harah@post.example.net,Bandung,11/01/2026,40975.68,
1601,Zunur Pumad,081201927453,zunur.pumad@example.net,Mataram,2025-08-12,116864.08,
1602,Nanto Zugus,081233451679,nanto.zugus@example.net,Mataram,2024-04-21,82788.59,
1603,"Hadi Fawati ",085150335684,hadi.fawati@example.net,Mataram,2024-04-06,79492.25,
1604,Wiman Wilia,082162407310,wiman.wilia@example.org,Mataram,2024-06-26,62341.04,
1605,Cirah Anman,081374512830,cirah.anman@example.net,Mataram,2024-02-16,64393.35,
1606,Mulia Jumad,081816163654,mulia.jumad@example.org,Padang,26/02/2026,236145.63,
1607,"Farah Zunto ",0812-8387-6864,farah.zunto@example.org,Mataram,28.11.2025,71380.37,
1608,Cidi Rinur,082118328724,cidi.rinur@example.net,Bandung,2025-02-01,96331.87,
1609,Hadi Yasih,089565257845,hadi.yasih@example.org,Mataram,2024-11-09,233607.59,
1610,Ginto Kandra,081129179807,ginto.kandra@example.org,Surabaya,2024-07-23,24164.46,
1611,Anman Tawati,081369169878,anman.tawati@mail.example.com,Mataram,2024-09-24,81638.44,
1612,Ciwan Karah,081166540760,ciwan.karah@mail.example.com,Makassar,2025-02-08,57813.93,
1613,Buman Sumad,085133390860,buman.sumad@mail.example.com,Semarang,2024-06-10,83714.64,
1614,Zumad Putri,081120880384,zumad.putri@post.example.net,Medan,2023-03-27,96807.66,
1615,Rigus Windra,085118146419,rigus.windra@example.org,Semarang,16/06/2024,34885,
1616,Pudi Lodi,085185114076,pudi.lodi@example.org,Denpasar,2026-07-11,"119.388,88",
1617,Hawan Yayan,082171227994,hawan.yayan@post.example.net,Mataram,2026-08-09,48498.71,follow up next week
1618,Widi Wilia,089503422461,widi.wilia@example.org,Mataram,2025-07-08,194442.65,
1619,Talia Burah,081324710075,talia.burah@example.org,Mataram,2025-09-14,28585.72,
1620,Tamad Tasih,089526269866,tamad.tasih@example.org,Surabaya,2024-10-24,124052.94,
1621,Hayan Nasih,082195253251,hayan.nasih@example.net,Mataram,2024-06-17,240944.35,
1622,Muwati Lorah,081163216694,muwati.lorah@example.com,Bandung,2026-08-04,106667.12,
1623,Tamad Losih,081169612481,tamad.losih@example.com,Semarang,2025-09-12,67278.96,
1624,Suwan Bulia,081307673739,suwan.bulia@example.org,Mataram,2023-08-07,35076.24,
1625,Rinto Hawan,089511977421,rinto.hawan@post.example.net,Bandung,2026-07-06,17386.12,
1626,Bunto Innto,089594123897,bunto.innto@example.net,Mataram,2026-03-22,74348.07,
1627,Witri Insih,081743101729,witri.insih@example.net,Mataram,2026-08-20,115816.22,
1628,Rindra Hanto,085152997960,rindra.hanto@post.example.net,Mataram,2026-03-01,10010.78,
1629,Gidi Loman,081837851578,gidi.loman@example.com,Padang,2025-12-09,39072.30,
1630,Bunur Bunur,081338882613,bunur.bunur@example.org,Semarang,2023-10-16,49274.41,"said ""call after 5pm"""
1631,Kanto Cinto,081382207831,kanto.cinto@example.net,Mataram,2026-02-24,236968.89,
1632,Londra Tanur,085141842830,londra.tanur@example.org,Mataram,2023-06-09,13601.73,
1633,Rinto Cinto,081164056916,rinto.cinto@example.com,Mataram,2024-06-08,198829.79,
1634,Yasih Fandra,089542123796,yasih.fandra@example.org,Mataram,2026-02-12,34801.46,
1635,Annur Jusih,081103105365,annur.jusih@mail.example.com,Makassar,2024-08-14,124332.74,
1636,Fawati Witri,081282976479,fawati.witri@mail.example.com,Mataram,2024-10-23,243980.95,
1637,Ciwati Lodi,081325547787,ciwati.lodi@example.net,Mataram,2024-11-09,198195.76,
1638,Tamad Pundra,081862355671,tamad.pundra@example.com,Mataram,2024-09-09,234287.57,
1639,Tarah Tarah,081123192796,tarah.tarah@example.com,Mataram,2023-07-04,100299.60,
1640,Inwan Yawan,085125664459,inwan.yawan@example.org,Mataram,2025-07-22,140111.24,"said ""call after 5pm"""
1641,Yasih Ritri,081204588217,yasih.ritri@mail.example.com,Bandung,2025-05-15,101283.44,
1642,Lorah Anrah,081234238282,lorah.anrah@mail.example.com,Mataram,2026-07-17,64284.46,
1643,Dedi Cinto,081814293031,dedi.cinto@example.net,Medan,2023-08-27,82889.59,
1644,Yanto Tatri,081887432069,yanto.tatri@example.net,Mataram,2026-03-17,104719.58,
1645,Kanur Handra,089596414442,kanur.handra@example.com,Surabaya,2023-08-19,49027.91,
1646,Lolia Windra,089549020966,lolia.windra@example.com,Mataram,2025-02-02,219166.91,
1647,Ginto Annur,082121945843,ginto.annur@mail.example.com,Denpasar,2026-04-28,228082.53,
1648,Kayan Intri,089538115663,kayan.intri@example.com,Mataram,2024-11-08,65526.32,
1649,Jutri Jumad,089595054456,jutri.jumad@example.org,Semarang,2023-09-13,248574.31,
1650,Degus Zuyan,081775831268,degus.zuyan@example.net,Mataram,2024-02-12,59418.95,
1651,Ansih Inwan,089502300630,ansih.inwan@post.example.net,Surabaya,2024-05-02,186461.23,
1652,Angus Inyan,085165199423,angus.inyan@example.com,Mataram,2023-03-17,148186.55,
1653,Pudi Yanur,081363605117,"pudi.yanur@mail.example.com ",Mataram,2023-09-21,33220.10,
1654,Anndra Buwati,081328397916,anndra.buwati@example.org,Semarang,2023-09-27,211880.13,
1655,Rilia Famad,081784827097,rilia.famad@example.net,Semarang,2025-10-03,48500.30,
1656,Zunur Wiwan,081718986369,zunur.wiwan@example.org,Surabaya,2025-11-10,242958.14,"wants invoice marked ""urgent"""
1657,Buyan Ciyan,081169421364,buyan.ciyan@post.example.net,Mataram,2026-08-25,198149.55,
1658,Insih Jurah,081748396447,insih.jurah@example.org,Denpasar,2023-03-23,37807.79,
1659,Juman Ingus,081301024703,juman.ingus@example.net,Mataram,2024-09-21,9505.99,no answer on the number given
1660,Anyan Sugus,081374578670,anyan.sugus@example.com,Denpasar,2025-06-16,11096.44,"paid by transfer, receipt pending"
1661,Ciwati Wigus,081868019324,ciwati.wigus@post.example.net,Mataram,2024-10-21,103823.82,
1662,Giwan Nadi,089582662633,giwan.nadi@example.org,Surabaya,2026-07-15,194.50,
1663,Nanur Zuyan,081753359629,nanur.zuyan@mail.example.com,Mataram,2024-10-24,50361.22,
1664,Wimad Zutri,081174333156,wimad.zutri@example.com,Bandung,2023-05-06,175462.78,
1665,Fandra Hayan,081805064578,fandra.hayan@example.net,Mataram,2025-08-27,62930.25,
1666,Rigus Yasih,081136435589,rigus.yasih@mail.example.com,Medan,2026-02-06,60857.76,
1667,Yasih Yawati,081887322507,yasih.yawati@example.org,Surabaya,2025-09-21,202612.45,
1668,Zurah Sudi,081279446090,zurah.sudi@example.net,Mataram,2025-12-06,115424.49,
1669,Falia Kagus,081166500615,falia.kagus@example.net,Mataram,2026-01-16,129344.64,
1670,Innur  Cinur,081762517878,innur.cinur@example.com,Mataram,2024-03-08,136609,
1671,Hayan Wisih,081121084987,hayan.wisih@example.org,Surabaya,2026-04-15,99310.44,
1672,Hayan Hanur,081258958380,hayan.hanur@mail.example.com,Mataram,2023-02-26,178343,
1673,Pugus Kagus,082170610074,pugus.kagus@example.com,Mataram,20.07.2025,38771.12,
1674,Surah Bulia,081303553104,surah.bulia@mail.example.com,Denpasar,2024-10-27,136765.30,
1675,Citri Inman,081337033698,citri.inman@example.net,Mataram,2025-11-13,171973.82,
1676,Nasih Namad,+6281801683311,nasih.namad@example.org,Surabaya,2025-03-09,79943.34,
1677,Bunur Inrah,081800701584,bunur.inrah@example.org,Semarang,2026-07-14,24336.32,
1678,Rinur Juwan,081730154822,rinur.juwan@post.example.net,Mataram,2023-05-03,58512.12,
1679,Annto Kanur,081203483536,annto.kanur@post.example.net,Surabaya,2025-12-04,21099.47,
1680,Yanto Murah,085155347931,yanto.murah@example.com,Mataram,2025-10-04,183754.13,
1681,Insih Yalia,0821 2273 9489,insih.yalia@example.org,Mataram,2025-10-27,113663.99,address unclear
1682,Derah Annto,081818568890,derah.annto@example.org,Mataram,2026-01-01,104169.91,
1683,Juman Nandra,081724891106,juman.nandra@example.com,Surabaya,2023-10-14,75600.88,
1684,Riwan Deguz,081700834553,riwan.deguz@example.org,Semarang,2024-12-14,22384.05,
1685,Anwan Tasih,081172138458,anwan.tasih@example.net,Mataram,2026-03-02,188598.95,
1686,Naman Juman,089524035120,naman.juman@example.com,Surabaya,2023-02-13,239778.05,
1687,Dento Narah,081745073414,dento.narah@example.org,Mataram,2023-03-18,163685.77,
1688,Yadi Halia,081857545237,yadi.halia@example.com,Mataram,2023-07-11,243663.03,
1689,Puman Derah,081814767501,puman.derah@example.org,Mataram,2023-11-09,124067.23,
1690,Sunto Sulia,081295682792,sunto.sulia@example.org,Mataram,2023-01-15,49654.01,
1691,Hatri Butri,085172294927,hatri.butri@example.org,Mataram,2025-02-09,173678.53,
1692,Busih Tandra,089596272094,busih.tandra@example.net,Mataram,2024-04-23,141614.86,
1693,Ginto Hawan,085174051807,ginto.hawan@mail.example.com,Semarang,2024-08-14,219948.74,
1694,Gimad Riwati,081788251842,gimad.riwati@example.org,Mataram,2025-01-25,52309.93,follow up next week
1695,Wiwan Juman,089596488427,wiwan.juman@post.example.net,Mataram,2024-03-21,176670.70,
1696,Punur Winto,081377000876,punur.winto@example.com,Mataram,2025-09-10,51376.69,
1697,Murah Wiyan,089562547500,murah.wiyan@mail.example.com,Mataram,2025-09-14,205058.91,
1698,Rinur Buyan,089557795555,rinur.buyan@mail.example.com,Mataram,2026-03-20,21802.84,
1699,Tarah Antri,085114441008,tarah.antri@example.com,Mataram,2023-04-21,29665.42,
1700,Mumad Lorah,081870600663,mumad.lorah@example.net,Mataram,2024-04-16,225131.69,
1701,Hayan  Yalia,081346254152,hayan.yalia@mail.example.com,Surabaya,04/08/2024,132380.53,
1702,Fawati Loman,081389129096,fawati.loman@EXAMPLE.NET,Semarang,2025-03-28,67276.09,
1703,Derah Natri,081756725599,derah.natri@example.org,Bandung,2025-07-09,14627.88,
1704,Buwan Bugus,0851 1293 3408,buwan.bugus@post.example.net,Mataram,09/06/2026,"28.438,80",
1705,Yamad Bumad,089521947260,yamad.bumad@example.net,Mataram,2024-06-16,79625.82,
1706,Innur Nalia,081817186287,innur.nalia@mail.example.com,Bandung,2025-12-06,222374.79,
1707,Hatri Hamad,081795028271,hatri.hamad@post.example.net,Medan,2023-11-02,165668.06,
1708,Busih Winto,081229171656,busih.winto@example.net,Denpasar,2023-04-25,148932.71,
1709,Munur Cinto,081293512940,munur.cinto@example.org,Mataram,2024-04-01,61249.31,
1710,Yatri Nandra,+6282196903986,yatri.nandra@example.org,Makassar,2025-08-17,30373,
1711,Anndra Karah,081119442775,anndra.karah@mail.example.com,Medan,2024-06-17,217284.47,
1712,Buyan  Fasih,0813 9846 8577,buyan.fasih@mail.example.com,Surabaya,06/09/2025,181074.19,
1713,Muwati Buyan,081293763928,muwati.buyan@example.com,Mataram,2024-04-24,243373.20,
1714,Cinto Sugus,082139658391,cinto.sugus@example.net,Mataram,2025-01-26,107118.71,
1715,Nandra Rigus,+6282175401367,nandra.rigus@example.org,Mataram,2025-05-18,95599.90,
1716,Pudi Innto,081368114689,pudi.innto@EXAMPLE.NET,Mataram,26.07.2023,172660.45,
1717,Zunto Nanto,085141888578,zunto.nanto@example.net,Mataram,2026-04-28,163430.66,
1718,Hawati Riwan,081882855001,hawati.riwan@example.org,Mataram,2025-07-05,214114.49,
1719,Londra Widi,081177889705,londra.widi@mail.example.com,Mataram,2023-12-01,249546.97,
1720,Wimad Wiwan,081318491089,wimad.wiwan@example.net,Bandung,2023-05-09,174038.40,
1721,Loman Riyan,089555501663,loman.riyan@mail.example.com,Mataram,2024-07-09,32390.72,
1722,Katri Kalia,089518977182,katri.kalia@mail.example.com,Mataram,2024-08-15,4175.81,"duplicate of earlier signup, verify"
1723,Gitri Fandra,081262304901,gitri.fandra@example.org,Bandung,26/05/2026,202930.73,
1724,Annur Dedi,081327689210,annur.dedi@post.example.net,Mataram,2025-07-20,105285.13,
1725,Tamad Pumad,085143613335,tamad.pumad@example.net,Mataram,2026-03-17,185038.93,
1726,Derah Anmad,089549722150,derah.anmad@example.org,Mataram,2025-03-04,13099.05,
1727,Mosih Angus,081821715431,mosih.angus@example.com,Makassar,2023-01-01,165485.81,
1728,Tarah Bunur,081215556215,tarah.bunur@post.example.net,Mataram,2023-09-27,166525.77,
1729,Ridi Yadi,081821618121,ridi.yadi@example.net,Mataram,2025-06-16,226982.90,
1730,Anyan  Winto,081260250747,anyan.winto@example.com,Mataram,2025-10-03,65293.00,
1731,Gitri Tagus,082193187208,gitri.tagus@mail.example.com,Mataram,2023-03-26,126188.17,
1732,Hawan Munur,081789857284,hawan.munur@example.com,Mataram,2025-02-27,24177.94,
1733,Rimad Junto,081285277230,rimad.junto@example.org,Semarang,2024-02-16,232741.61,
1734,Gidi Wilia,081714600393,gidi.wilia@example.com,Surabaya,2024-05-16,187724.86,
1735,"Kanur Innto ",081117835777,kanur.innto@example.net,Makassar,2024-07-04,"240.272,34",
1736,Buwati Londra,0851-0549-9705,"buwati.londra@post.example.net ",Mataram,2025-03-12,149516.29,
1737,Bumad Butri,081746654454,bumad.butri@mail.example.com,Mataram,2024-05-17,166658.69,
1738,Fayan Nalia,081742106004,fayan.nalia@mail.example.com,Mataram,2025-03-12,28449.44,
1739,Pulia Jusih,089516755751,pulia.jusih@example.net,Mataram,2023-11-24,76853.08,
1740,Loyan Tawan,0813-4511-1535,loyan.tawan@example.net,Mataram,03.07.2023,113373.67,
1741,Citri Tanto,082184605939,"citri.tanto@example.org ",Mataram,2024-12-18,31588.07,
1742,Gidi Witri,+6281340538776,gidi.witri@example.com,Semarang,2026-05-27,195242.34,
1743,Farah Winto,089583189382,farah.winto@example.net,Makassar,2026-02-17,28877.35,
1744,Bunto Bundra,081895957006,bunto.bundra@example.com,Mataram,2023-08-02,45846.91,"paid by transfer, receipt pending"
1745,Buwati Gilia,081763013191,buwati.gilia@post.example.net,Mataram,2023-02-07,181519.22,
1746,Anlia Riman,081799052489,anlia.riman@example.com,Mataram,2024-03-12,66949.25,
1747,Anwan Zugus,081375409411,anwan.zugus@example.com,Mataram,2026-04-04,149261.62,
1748,Widi Cilia,081123381030,widi.cilia@example.org,Medan,15.10.2024,211933.33,
1749,Bulia Innto,081260740223,bulia.innto@example.net,Mataram,2025-11-02,194813.82,
1750,Wilia Hawati,089538032773,wilia.hawati@post.example.net,Bandung,15.08.2026,121476.80,
1751,Riwati Ciyan,085181431178,riwati.ciyan@example.net,Medan,2024-03-22,91697.86,
1752,Hayan Kanto,081340978942,hayan.kanto@post.example.net,Surabaya,2024-12-10,197818.98,"duplicate of earlier signup, verify"
1753,Puyan Tarah,081715388803,puyan.tarah@example.org,Mataram,2026-08-07,69992.43,
1754,Cigus Puwan,081101116946,cigus.puwan@EXAMPLE.NET,Denpasar,2025-03-28,228862.76,
1755,Fawan Nanto,081741348816,fawan.nanto@post.example.net,Medan,2026-03-25,"130.997,15",
1756,Surah Yagus,081831405509,surah.yagus@post.example.net,Makassar,2024-06-26,73319.36,
1757,Dendra Budi,081121721176,dendra.budi@example.org,Medan,2024-01-25,3166.19,
1758,Tanto Desih,081219868491,tanto.desih@example.net,Mataram,2024-06-17,66638.78,
1759,Kanur Innur,081206792541,kanur.innur@post.example.net,Mataram,2026-06-05,190766.63,
1760,Bunto Anndra,082180814412,bunto.anndra@mail.example.com,Mataram,2026-08-28,228472.73,
1761,Ritri Dento,081316453930,ritri.dento@mail.example.com,Mataram,2024-01-19,207292.11,
1762,Zutri Rinur,081874491927,zutri.rinur@example.org,Mataram,2023-11-01,201404.09,
1763,Fadi Junto,081290999913,fadi.junto@example.com,Mataram,2026-07-24,158989.40,
1764,Mundra Fanto,081856359395,mundra.fanto@example.net,Mataram,2026-06-16,79419.92,
1765,Kayan Dento,0895 0728 8549,kayan.dento@post.example.net,Semarang,2024-10-20,217201.30,
1766,Kawati Pugus,081121950921,kawati.pugus@post.example.net,Mataram,2024-01-23,246885.01,
1767,Degus Ginto,082104217656,degus.ginto@example.net,Medan,2025-07-20,234015.89,
1768,Cirah Ginto,082178336085,cirah.ginto@post.example.net,Medan,2026-08-12,216198.96,"wants invoice marked ""urgent"""
1769,Putri Jugus,085153577748,putri.jugus@example.net,Mataram,2024-04-26,94898.39,
1770," Zundra Kawati",0821 1779 1779,zundra.kawati@mail.example.com,Mataram,2024-02-24,"238.074,75",no answer on the number given
1771,Cindra Winto,085106866495,cindra.winto@example.com,Medan,2026-02-15,33029.95,
1772,Hawan Cinur,081105661710,hawan.cinur@example.org,Bandung,2024-09-12,"222.275,48",
1773,Cidi Yaman,085161473281,cidi.yaman@mail.example.com,Mataram,2025-01-22,77530.18,
1774,Derah Punto,081880806533,derah.punto@example.net,Medan,2025-12-03,124487.99,
1775,Deyan Zundra,081105987515,deyan.zundra@example.com,Mataram,2026-04-28,194381.62,
1776,Kagus Wilia,081205307144,kagus.wilia@example.net,Mataram,2026-01-27,173125.14,
1777,Bundra Nanto,081312734698,bundra.nanto@example.org,Mataram,2025-03-28,114725.78,
1778,Cilia  Gitri,082106214888,cilia.gitri@example.net,Mataram,20.08.2025,5267.79,
1779,Dento Nawati,089569685405,dento.nawati@post.example.net,Makassar,2026-07-26,67417.04,
1780,Julia Mudi,081227880533,,Mataram,22/06/2024,195269.97,
1781,Hamad Juyan,081384023513,hamad.juyan@post.example.net,Makassar,2024-12-08,175296.33,
1782,Handra Sunto,081745504367,handra.sunto@post.example.net,Mataram,2023-10-27,120015.28,
1783,Degus Juwan,081187567342,degus.juwan@post.example.net,Bandung,2024-03-16,101309.58,
1784,Purah Punto,085139116989,purah.punto@post.example.net,Mataram,2026-04-02,205569.36,
1785,Deman Tawati,082161591625,deman.tawati@example.net,Mataram,2025-06-03,13108.76,
1786,Lomad Citi,081716001760,lomad.citi@example.org,Mataram,2026-05-02,129461.34,
1787,Wigus Bunur,089508811626,wigus.bunur@example.net,Mataram,2023-01-12,22805.39,
1788,Jugus Mumad,+6281328710849,jugus.mumad@example.org,Mataram,2023-11-13,46085.69,
1789,Ginto Desih,085160517863,ginto.desih@mail.example.com,Makassar,2024-06-03,124071.19,
1790,Mugus Butri,081246651553,mugus.butri@example.net,Bandung,2026-02-24,123423.88,
1791,Juwan Mundra,081826954151,juwan.mundra@example.org,Semarang,2025-08-24,48496.83,
1792,Puyan Kanto,081240941305,puyan.kanto@example.net,Padang,2023-06-27,229086.89,
1793,Junto Ciyan,085173803058,junto.ciyan@example.org,Mataram,2023-12-05,45929.26,
1794,Nanur Kanto,0817-5756-4405,nanur.kanto@example.org,Surabaya,2024-09-14,202921,
1795,Jutri Fanur,082165530061,jutri.fanur@example.net,Semarang,2023-03-14,60211.25,
1796,Wimad Hawan,081178982444,wimad.hawan@mail.example.com,Mataram,2023-07-13,7129.12,
1797,Anlia Puman,085162200887,anlia.puman@example.com,Bandung,2024-12-16,78399.24,
1798,Pudi Puyan,085156664191,pudi.puyan@example.org,Mataram,2023-06-23,22986.26,
1799,Falia Gimad,081792330251,falia.gimad@mail.example.com,Mataram,2024-12-25,228371.10,
1800,Puwan Suyan,081300079661,puwan.suyan@example.com,Denpasar,2026-04-01,89560.53,
1801,Haman Zulie,081804913040,haman.zulie@example.org,Surabaya,2024-07-19,232601.86,
1802,Lowan Jumad,081374648635,lowan.jumad@post.example.net,Mataram,2026-06-28,65770.48,
1803,Cilia Juyan,085113599416,cilia.juyan@example.org,Mataram,2026-08-01,193014.58,
1804,Tadi Fanur,081722308928,tadi.fanur@example.net,Mataram,2023-08-20,37892.22,
1805,Deyan Zuyan,081824799397,deyan.zuyan@example.org,Denpasar,2024-07-22,87592.63,
1806,Fanur Gidi,081285406228,fanur.gidi@example.org,Medan,2023-02-22,230209.36,
1807," Burah Hawati",081845052928,burah.hawati@post.example.net,Mataram,2026-01-08,142786.12,
1808,Mugus Cilia,081107802104,mugus.cilia@example.org,Mataram,2024-05-21,45473.59,
1809,Rindra Ciyan,081286655774,rindra.ciyan@example.com,Bandung,2023-12-17,167278.22,
1810,Zulia Julia,082149382039,zulia.julia@post.example.net,Mataram,2023-08-08,181508.27,
1811,Fatri Cinur,085102199286,fatri.cinur@example.org,Semarang,2025-06-16,62007.26,
1812,Lomad Narah,081344748040,lomad.narah@mail.example.com,Mataram,2025-12-16,222992.43,
1813," Dento Kayan",0813-2143-2740,dento.kayan@example.com,Makassar,2024-10-02,81169,
1814,Mulia Muwati,089566323929,mulia.muwati@mail.example.com,Mataram,2024-11-10,119585.06,
1815,Fandra Sulia,081791428333,fandra.sulia@post.example.net,Mataram,2026-07-14,178145.25,
1816,Talia Nagus,0821-1444-7263,talia.nagus@example.com,Mataram,2023-10-08,"191.972,15",
1817,Farah Tandra,082117244742,farah.tandra@example.org,Semarang,2026-05-01,233741.47,
1818,Yazih Fandra,089542123796,yazih.fandra@example.org,Mataram,2026-02-12,97672.77,
1819,Juwan Yanto,089526014865,juwan.yanto@example.org,Mataram,2023-06-23,71966.12,
1820," Muwan Tanur",0817-3411-3104,muwan.tanur@mail.example.com,Surabaya,2026-07-22,184726.97,
1821,Naman Faman,089556815685,naman.faman@mail.example.com,Mataram,2025-10-23,"37.561,52",
1822,Budi Pumad,081751604802,budi.pumad@example.com,Mataram,2024-04-25,247211.75,
1823,Lotri Fanto,085126242479,lotri.fanto@mail.example.com,Surabaya,2025-09-08,626.91,
1824,Tasih Tayan,082190528320,"tasih.tayan@example.net ",Mataram,15/01/2026,215948.80,
1825,Lowan Halia,081313643018,lowan.halia@post.example.net,Surabaya,2023-03-07,173470.12,
1826,"Hawan Kagus ",082107247236,hawan.kagus@MAIL.EXAMPLE.COM,Mataram,2025-10-14,"18.110,59",
1827,Wisih Lonto,081228283685,wisih.lonto@example.org,Padang,2026-08-06,164844.18,
1828,"Sunur Tadi ",089525717045,sunur.tadi@post.example.net,Medan,10/11/2024,4372.43,
1829,Tasih  Detri,0812 6771 6116,tasih.detri@MAIL.EXAMPLE.COM,Mataram,13/03/2024,213215,
1830,Gidi  Zurah,081336973769,gidi.zurah@post.example.net,Bandung,23.07.2026,237701.36,
1831,Lodi Cinur,082153517267,lodi.cinur@mail.example.com,Bandung,2025-01-12,196356.81,
1832,Lowan Winto,082194576966,lowan.winto@example.net,Mataram,2026-01-01,152659.81,
1833,Hanur Yaman,089511280917,hanur.yaman@example.org,Mataram,2024-11-01,53049.33,
1834,Pulia Zunur,081719565799,pulia.zunur@example.net,Padang,2025-01-27,218980.92,
1835,Inwati Sudi,081882246105,inwati.sudi@example.org,Mataram,2026-05-02,5286.66,
1836,Kanto Zunto,081367536420,kanto.zunto@post.example.net,Mataram,2025-05-08,173400.07,
1837,Hadi Harah,082178984131,hadi.harah@post.example.net,Mataram,2023-03-11,155756.69,
1838,"Intri Punur ",0812 0775 0997,intri.punur@example.com,Mataram,2023-06-27,107940.61,
1839,Kaman Puwati,081193491567,kaman.puwati@example.net,Mataram,2024-09-18,93144.68,
1840,Girah Cindra,082151444160,girah.cindra@example.com,Mataram,2024-09-04,169145.95,
1841,Yadi Sunto,081166602485,yadi.sunto@example.org,Denpasar,2024-03-18,214683.02,
1842,Punto Ginto,081740489268,punto.ginto@example.com,Denpasar,2023-09-28,103464.15,
1843,Hagus Ansih,089581252398,hagus.ansih@mail.example.com,Surabaya,2026-05-11,90145.68,
1844,Jusih Yawan,081216892114,jusih.yawan@example.com,Mataram,2026-03-25,230792.26,
1845,Jumad Yanur,081179335983,jumad.yanur@mail.example.com,Mataram,2025-05-07,185394.14,
1846,"Fanto Nasih ",+6281238591923,fanto.nasih@post.example.net,Semarang,09/03/2026,23850.55,
1847,Ginur Ciwati,0811 9105 8982,ginur.ciwati@post.example.net,Denpasar,2025-08-20,130700,
1848,Yadi Tawan,081388854316,yadi.tawan@mail.example.com,Mataram,2023-08-10,100458.51,
1849,Buwati Buman,081851238585,buwati.buman@example.net,Mataram,2024-06-03,207808.82,
1850,Kawati Gilia,081152910997,kawati.gilia@example.com,Mataram,2025-01-04,193434.67,
1851,Sumad  Annto,+6281192867594,sumad.annto@example.org,Mataram,09.01.2024,3987.78,
1852," Fanto Ciwan",081773200438,fanto.ciwan@mail.example.com,Mataram,2026-06-25,107347.86,
1853,Annto Nawati,081105825430,annto.nawati@example.com,Mataram,2023-12-06,213668.35,address unclear
1854,Tamad Logus,082126909396,tamad.logus@post.example.net,Mataram,2026-05-12,163258.43,
1855,Nayan Hasih,085185550078,nayan.hasih@post.example.net,Mataram,17.08.2026,240248.03,
1856,Munur Riyan,081363237980,munur.riyan@mail.example.com,Mataram,2023-05-19,121951.91,
1857,Dedi Murah,081880287947,dedi.murah@example.net,Semarang,2023-05-05,159874.57,
1858,"Sunto Juwan ",0817-2158-3493,sunto.juwan@mail.example.com,Makassar,17.04.2023,60002,"duplicate of earlier signup, verify"
1859,Wiman Sundra,085125778879,wiman.sundra@mail.example.com,Mataram,2025-01-04,236134.52,
1860,Cinur Bunto,081811504169,cinur.bunto@post.example.net,Makassar,2025-09-23,15025.85,address unclear
1861,Zurah Buyan,085109382415,zurah.buyan@example.org,Mataram,2025-02-19,203549.99,
1862,Suyan Nanur,081131030124,suyan.nanur@example.com,Mataram,2026-06-25,149626.48,
1863," Fanur Anrah",0895 4234 0401,fanur.anrah@example.org,Bandung,10/01/2025,85584.49,
1864,Tandra Innto,081736966542,tandra.innto@example.org,Bandung,2023-05-24,206996.86,
1865,Winto Hamad,089514240258,winto.hamad@example.net,Mataram,2023-09-24,202670.70,
1866,Zunur Losih,081178896933,zunur.losih@mail.example.com,Mataram,2025-12-21,162870.48,
1867,Ingus Fandra,085149370851,ingus.fandra@mail.example.com,Mataram,2024-05-03,"132.191,63",
1868,Winto Bunto,081821898653,winto.bunto@example.net,Bandung,2026-08-06,224565.17,
1869," Tanto Kadi",089533487587,"tanto.kadi@post.example.net ",Semarang,01.10.2024,174880.48,
1870,Nagus Naman,082175703689,nagus.naman@example.com,Makassar,2024-03-20,76944.82,
1871,Yayan Anman,0851-1521-2932,,Mataram,15/03/2023,185387.20,
1872,Buyan Degus,081312908300,buyan.degus@post.example.net,Mataram,2025-08-10,115292.87,
1873,Suyan Pusih,081796785195,suyan.pusih@mail.example.com,Mataram,2025-01-15,12958.40,
1874,Busih Farah,081797586338,busih.farah@example.org,Mataram,2026-05-25,234529.81,"duplicate of earlier signup, verify"
1875,Zuman Fandra,081714451023,zuman.fandra@example.org,Bandung,2024-09-05,122004.69,
1876,Puyan Tanto,082105974997,puyan.tanto@post.example.net,Mataram,2023-03-01,199718.11,
1877,Inman Fayan,081389085390,inman.fayan@example.org,Mataram,2024-09-08,236492.60,
1878,Bunto  Dendra,085182523565,bunto.dendra@example.com,Surabaya,13/11/2025,173448.17,
1879,Giman Innur,082189542626,giman.innur@mail.example.com,Mataram,2024-06-17,7024.26,
1880,Zutri Inmad,081305528072,zutri.inmad@example.org,Mataram,2023-10-28,90113.55,
1881,Fandra Famad,081159716380,fandra.famad@post.example.net,Surabaya,2023-08-17,13762.90,
1882,Bulia  Nagus,081211497311,,Mataram,27.01.2024,146087.39,
1883,Judi Dento,082124330831,judi.dento@post.example.net,Surabaya,2024-06-28,48796.50,
1884,Hanto Nanto,081205417987,hanto.nanto@example.com,Denpasar,2026-01-15,245552.71,follow up next week
1885,Dento Naman,081150700221,dento.naman@example.com,Mataram,2024-03-12,240614.90,
1886,Tanto Logus,082143448794,tanto.logus@mail.example.com,Mataram,2023-08-03,212080.47,
1887,Falia Jugus,081285568030,falia.jugus@post.example.net,Medan,2023-07-01,133660.50,
1888,"Zuwati Budi ",0813-1793-9740,zuwati.budi@example.net,Mataram,2024-02-06,167000.37,
1889,Delia Katri,081361124349,delia.katri@mail.example.com,Semarang,2023-05-13,226706.91,
1890,Tawan Nawati,081896964691,tawan.nawati@post.example.net,Mataram,2025-02-16,202289.23,
1891," Lowati Cinto",089595868492,lowati.cinto@example.org,Mataram,2025-05-20,226672.21,
1892,Pugus Gigus,+6282141188001,pugus.gigus@example.org,Makassar,21.12.2024,133285,
1893,Cinur Deman,085196882019,cinur.deman@example.net,Bandung,2026-02-05,44370.38,
1894,Ginto Anndra,081854787919,ginto.anndra@example.com,Mataram,2026-05-08,226437.24,
1895,Fandra Cilia,081104054988,fandra.cilia@example.net,Bandung,2023-07-25,117919.64,
1896,Ciman Lonur,081882178265,ciman.lonur@example.org,Medan,2023-10-28,3888.82,
1897,Zulia Pundra,081252838082,zulia.pundra@example.org,Mataram,2024-05-04,160224.12,
1898,Handra Natri,081282874554,handra.natri@post.example.net,Mataram,2025-10-21,"138.499,88",
1899,Taman Kayan,081397763204,taman.kayan@example.com,Medan,2024-04-28,70641.79,
1900,Dewan Anndra,082165527265,dewan.anndra@example.net,Medan,06.08.2023,127580.09,
1901,Halia Famad,082129924711,halia.famad@post.example.net,Medan,2025-10-09,156313.66,
1902,Ridi Hayan,081198957797,ridi.hayan@mail.example.com,Mataram,2024-09-28,224578.66,
1903,Farah Gimad,081838157618,farah.gimad@example.org,Denpasar,2023-06-04,100553.45,
1904,Anmad Witri,081732322355,anmad.witri@post.example.net,Mataram,2023-05-23,35229.87,
1905,Nalia Haman,081343588655,nalia.haman@example.org,Mataram,2023-02-20,58674.34,
1906,Purah Sumad,081788300154,purah.sumad@example.com,Mataram,2026-02-27,"8.735,64",
1907,Fanto Juyan,081707289932,fanto.juyan@example.net,Mataram,2023-12-10,186124.57,
1908,Mulia Munto,081254045928,mulia.munto@example.net,Mataram,2023-05-22,159672.29,
1909,Yamad Witri,081870522201,yamad.witri@mail.example.com,Semarang,2025-04-07,212083.89,
1910,Winto Pudi,082162095891,winto.pudi@example.net,Medan,27/10/2024,"205.856,63",
1911,Muwan Riwati,082127863297,muwan.riwati@example.com,Mataram,2025-08-19,220499.26,
1912,Dento Sunto,089537037950,dento.sunto@example.net,Mataram,2025-09-09,77101.58,
1913,Yawan Cinur,081834253915,yawan.cinur@example.org,Mataram,2024-10-08,119922.27,
1914,Riyan  Karah,+6285185833934,riyan.karah@mail.example.com,Bandung,2024-11-13,49128.27,
1915,Yayan Hanto,081345175770,yayan.hanto@post.example.net,Mataram,2023-06-16,131943.80,
1916,Anwati Cirah,082154055900,anwati.cirah@example.com,Mataram,2023-10-27,177523.26,
1917,Fadi Nanto,081710304474,fadi.nanto@example.org,Mataram,2025-02-02,86851.47,
1918,Jundra Wigus,082101338337,jundra.wigus@example.org,Bandung,2026-07-02,126454.69,
1919,Yandra Winto,081156191217,yandra.winto@example.net,Bandung,2024-02-20,229056.00,
1920," Bulia Inrah",081876309671,bulia.inrah@post.example.net,Semarang,25.11.2023,24894,
1921,Bulia Surah,082173914414,bulia.surah@example.net,Mataram,2024-12-22,37507.28,
1922,Inman Bunto,081707549899,inman.bunto@example.org,Mataram,2025-06-24,238003.90,
1923,Hamad Rinto,081326985355,hamad.rinto@example.com,Medan,2025-09-20,139341.51,
1924,Pundra Girah,081349315670,pundra.girah@mail.example.com,Mataram,2023-08-23,166334.90,
1925," Wisih Bunur",0817 2049 6303,wisih.bunur@example.com,Mataram,2024-09-08,163040,
1926,Kanto Sunto,081157493301,kanto.sunto@mail.example.com,Padang,2024-12-06,184215.64,
1927,Fanto Juman,089502397620,fanto.juman@post.example.net,Mataram,2026-08-10,243487.28,
1928,"Tayan Lolia ",0817 8740 2798,tayan.lolia@EXAMPLE.NET,Mataram,26.05.2024,28294,
1929,Giwan Giyan,081834227242,giwan.giyan@example.net,Mataram,2026-07-09,96364,
1930,Demad Hayan,081174423862,demad.hayan@example.com,Mataram,2026-05-22,111445.47,"prefers WhatsApp, not email"
1931,Riwati Juyan,089507578447,riwati.juyan@example.net,Mataram,2026-05-03,209886.54,
1932,Butri Sulia,+6281803798607,butri.sulia@EXAMPLE.COM,Mataram,2024-05-07,41725.39,
1933,Munto Muwan,089595126084,munto.muwan@mail.example.com,Mataram,2025-12-18,58490.44,
1934,Zuwan Surah,081883605446,zuwan.surah@mail.example.com,Mataram,2026-03-03,13638.40,
1935,Natri Lowati,089595610416,natri.lowati@example.org,Padang,2025-08-18,135171.08,
1936,Desih Yanur,081854426576,desih.yanur@example.net,Bandung,2023-12-23,48424.29,
1937,Wiwati Fawati,082145408390,wiwati.fawati@mail.example.com,Mataram,2023-06-02,37726.20,
1938,Innur Nadi,089554497850,innur.nadi@example.com,Mataram,2025-07-26,57458.19,
1939,Buwan Hamad,081272450893,buwan.hamad@example.org,Makassar,2026-05-03,27462.61,
1940,Innur Juwati,0817-9167-1800,innur.juwati@POST.EXAMPLE.NET,Mataram,27.03.2023,45288.97,
1941,Sunto  Zunto,081275542719,sunto.zunto@example.org,Mataram,2026-04-10,128385.22,
1942,Gindra Citri,0817-6922-9192,gindra.citri@EXAMPLE.ORG,Semarang,17/11/2025,96692,
1943,Deyan Pudi,081205149472,deyan.pudi@example.org,Mataram,2025-11-21,235027.69,
1944,Lonto Buwan,081835081294,lonto.buwan@example.org,Mataram,2023-09-20,62561.13,
1945,Nadi Falia,081348955230,nadi.falia@example.net,Mataram,2025-09-08,145481.22,
1946,Dento Nagus,081730467216,dento.nagus@example.org,Mataram,2024-04-03,137187.33,
1947,Nawan Farah,081251261322,nawan.farah@post.example.net,Mataram,2024-07-22,83035.43,
1948,Ciman Nadi,081863277806,ciman.nadi@example.org,Mataram,2025-12-01,156087.08,
1949,Zurah Deyan,082165065611,zurah.deyan@mail.example.com,Mataram,2025-01-21,140187.85,
1950,Wigus Kanto,081181794189,wigus.kanto@example.org,Mataram,2024-11-13,39198.99,
1951,Buwati Lowati,085137364585,buwati.lowati@example.org,Mataram,2026-06-02,3896.96,
1952,Dento Hatri,081867336549,dento.hatri@example.org,Mataram,2025-06-28,80416.86,"VIP, do not discount"
1953,Cirah Riyan,082187535715,cirah.riyan@example.net,Mataram,2024-01-11,163906.52,
1954,Sulia Wigus,085139874808,sulia.wigus@post.example.net,Mataram,2025-06-08,121532.76,
1955,"Judi Puwan ",0811-1151-1187,,Mataram,16/03/2026,5436.52,
1956,Nandra Zunur,082153232879,nandra.zunur@example.net,Mataram,2025-02-25,220784.05,
1957,Nanur Farah,081719736944,nanur.farah@example.org,Mataram,2023-04-23,192606.95,
1958,Winto Bugus,081108222874,winto.bugus@post.example.net,Padang,2025-02-23,160960.50,
1959,Bunto Zumad,081345169615,bunto.zumad@example.com,Mataram,2026-02-19,246126.65,
1960,Wirah Sulia,081326736613,wirah.sulia@EXAMPLE.COM,Surabaya,2023-07-24,122237.05,
1961,Innto Jundra,082168418572,innto.jundra@post.example.net,Mataram,2023-06-04,87541.07,
1962,Zundra Kandra,085108394655,zundra.kandra@example.org,Surabaya,2024-04-28,185454.97,
1963,Lowan Ciman,081288642653,lowan.ciman@example.net,Mataram,2026-02-08,164182.91,
1964,Purah Fayan,089519697103,purah.fayan@example.net,Medan,2025-11-18,206729.79,
1965,Tatri Wimad,+6282128902994,tatri.wimad@example.com,Semarang,2023-10-28,"72.522,96",
1966,Yanto Musih,081297862027,yanto.musih@example.org,Makassar,2026-03-17,247437.77,
1967,Zugus Hawan,081357241098,zugus.hawan@example.net,Surabaya,2026-05-06,9564.40,
1968,Pusih Kandra,081737967552,pusih.kandra@mail.example.com,Mataram,2024-12-02,43039.02,
1969,"Giwati Punto ",+6285125326519,giwati.punto@example.org,Bandung,22/01/2026,194047.40,
1970,Inman Zuman,082145020138,inman.zuman@mail.example.com,Mataram,2023-10-25,122615.34,
1971,Sutri Mundra,081785285811,sutri.mundra@example.com,Mataram,2026-07-18,168640.50,
1972,Hasih Cigus,089542633110,hasih.cigus@example.org,Surabaya,2023-08-15,70699.56,
1973,"Nawan Ginur ",+6281883101443,nawan.ginur@mail.example.com,Mataram,2025-10-07,4506.72,
1974,Fawati Riwan,0895 3628 9879,fawati.riwan@post.example.net,Mataram,23.06.2026,139585,
1975,Tanur Hadi,089572417287,tanur.hadi@example.net,Mataram,2023-09-21,79728.39,
1976,Zuman Tarah,081826023785,zuman.tarah@post.example.net,Denpasar,2026-02-08,155953.26,
1977,Ritri Handra,0821-6479-2946,ritri.handra@example.org,Makassar,2024-10-01,99490.34,
1978,"Judi Dewan ",0895-0213-9289,judi.dewan@example.com,Mataram,2024-11-05,"202.999,92",
1979,Loman Nayan,081278058265,loman.nayan@post.example.net,Bandung,2024-10-09,229285.31,
1980,Widi Ciria,085165091864,widi.ciria@example.org,Surabaya,2024-01-25,6343.59,
1981,Zulia Dendra,082161521898,zulia.dendra@example.net,Semarang,18.03.2024,161471.03,
1982,"Fawati Gilia ",0812-0835-9356,fawati.gilia@post.example.net,Mataram,25.06.2026,163195.48,
1983,Punto Ciwati,085190410452,punto.ciwati@mail.example.com,Mataram,2023-06-22,199320.63,
1984,Narah Tanto,081850812348,narah.tanto@example.net,Bandung,2026-05-03,221310.97,
1985,Annto Mulia,081870055622,annto.mulia@example.org,Surabaya,2024-09-08,118393.21,
1986,Surah Wirah,081819838178,surah.wirah@post.example.net,Medan,2025-07-11,45701.60,
1987,Zuwan Insih,081739305395,zuwan.insih@example.com,Mataram,2024-06-20,34717,
1988,Zuwati Buyan,082172646150,zuwati.buyan@post.example.net,Padang,2026-07-12,167619.28,
1989,Sumad Junur,081296158324,sumad.junur@example.net,Mataram,2024-03-07,217922.25,
1990,Antri Zudi,081233385974,antri.zudi@example.net,Mataram,2025-03-03,19248.84,
1991,Loman Pugus,081873288883,loman.pugus@example.com,Medan,2026-06-24,11147.45,
1992,Gidi Munur,081240978169,gidi.munur@mail.example.com,Mataram,16.02.2026,133053.70,
1993,Punur Tamad,081317834880,punur.tamad@example.com,Surabaya,2023-10-03,210397.59,
1994,Windra Girah,089512674900,windra.girah@example.net,Mataram,2026-04-25,201765.52,no answer on the number given
1995,Susih Insih,081132858201,susih.insih@example.org,Mataram,2023-10-07,216009.78,
1996,Hamad Ciyan,089514936505,,Mataram,2025-06-24,7505.45,
1997,Budi Winto,089593348098,budi.winto@mail.example.com,Mataram,2023-12-10,215455.79,
1998,Nasih Tamad,081210383361,nasih.tamad@example.com,Mataram,2023-11-26,115141.28,
1999,Mutri Taman,0817 0746 7593,mutri.taman@example.net,Padang,2025-07-12,97854.48,
2000,Purah Zulia,085146900544,purah.zulia@example.org,Bandung,2023-11-23,24797.06,
2001,Juwati Pundra,085184116372,juwati.pundra@example.org,Medan,2025-02-23,213704.11,
2002,Yawati Yasih,081871468396,yawati.yasih@example.net,Mataram,2025-09-24,134068.02,
2003,Muwan Zunto,081365509576,muwan.zunto@mail.example.com,Mataram,2023-06-25,147246.78,
2004,Yasih Kaman,081763490371,yasih.kaman@example.net,Padang,2023-09-19,245202.42,
2005,Sundra Buman,089579807034,sundra.buman@mail.example.com,Mataram,2023-01-12,145847.43,
2006,Jugus Inyan,081381876853,jugus.inyan@example.org,Mataram,2025-04-27,123942.79,
2007,Riwan Winto,089561720698,riwan.winto@example.com,Mataram,2023-08-06,19107.34,
2008,Ginto Desih,081740730570,ginto.desih@example.org,Padang,2025-03-17,174619.45,
2009,Lonto Ciman,+6285165870094,lonto.ciman@example.com,Mataram,2023-05-07,123948.03,
2010,Kamad Zundra,081280668596,"kamad.zundra@example.com ",Padang,2023-04-20,100276,
2011,Haman Rirah,+6285132556721,haman.rirah@mail.example.com,Mataram,2025-08-24,37068.43,
2012,Lonur Suman,081102996060,lonur.suman@example.org,Mataram,2026-07-12,84297.16,address unclear
2013,Zurah Tasih,081336862166,zurah.tasih@example.net,Mataram,2026-08-23,40575.12,
2014,Zugus Wiyan,085133307249,zugus.wiyan@example.net,Mataram,2026-05-04,143505.44,
2015,Bugus Punto,081236627908,bugus.punto@example.com,Mataram,2024-12-17,224957.71,
2016,Lonto Munur,0812 1127 6232,lonto.munur@mail.example.com,Mataram,21/05/2025,26166.67,
2017,Inyan Inman,0821-7617-2924,inyan.inman@post.example.net,Medan,2026-01-18,24876.53,
2018,Lowati Punur,081203605139,lowati.punur@example.com,Mataram,2026-08-24,135857.55,
2019,Rilia Muwati,081168395276,rilia.muwati@post.example.net,Mataram,2024-03-19,198387.16,
2020,Sulia Hanto,081287871800,sulia.hanto@mail.example.com,Mataram,2023-08-04,246110.93,
2021,Annur Faman,089572707701,annur.faman@post.example.net,Mataram,2026-03-02,33788.16,
2022,Susih Ciwan,081884644436,susih.ciwan@example.org,Mataram,2023-04-22,37857.45,
2023,Buyan Insih,081121867135,buyan.insih@mail.example.com,Mataram,2023-02-21,239606.05,
2024,Munto Losih,082186777881,munto.losih@example.net,Mataram,2026-08-07,132142.66,
2025,Yandra Busih,081132524638,yandra.busih@post.example.net,Mataram,2025-06-24,205064.84,
2026,Punto Pumad,081326700951,punto.pumad@example.org,Mataram,2026-02-18,223508.20,
2027,Puwati Junto,081371193756,puwati.junto@example.com,Medan,2023-02-19,180130.91,
2028,Winur Pugus,081229559308,winur.pugus@example.org,Semarang,2023-05-26,111668.26,
2029,Zuwati Gisih,089523636786,zuwati.gisih@example.com,Makassar,2026-06-08,33888.38,
2030,Nagus  Losih,081166255326,nagus.losih@example.com,Mataram,02.11.2025,118726.54,"wants invoice marked ""urgent"""
2031,Gilia Yasih,081302644357,gilia.yasih@example.org,Mataram,2025-11-15,230421.44,
2032,Kawati Andi,082167476969,kawati.andi@post.example.net,Surabaya,2025-11-02,213942.40,
2033,Inmad Susih,081827186113,inmad.susih@example.com,Mataram,2026-04-02,185341.01,
2034," Yayan Kayan",0821-9768-5140,yayan.kayan@mail.example.com,Mataram,2025-06-22,115800.76,
2035,Zundra Yawati,085189844104,zundra.yawati@example.net,Bandung,2026-02-10,137789.37,
2036,Fayan Yarah,085153914191,fayan.yarah@post.example.net,Surabaya,2026-02-16,121865.47,
2037,Kandra Winto,082128997576,kandra.winto@example.com,Medan,2026-08-22,140696.63,
2038,Tanto Hagus,081703176795,tanto.hagus@example.org,Surabaya,2025-05-27,208632.00,
2039,Rinto Fadi,081870436847,rinto.fadi@example.org,Bandung,2024-06-03,194442.48,
2040,Cimad Naman,085120930653,cimad.naman@mail.example.com,Mataram,2023-04-01,235251.60,"moved cities, update on renewal"
2041,Sunur Fawati,085124660852,sunur.fawati@example.net,Mataram,2026-05-11,112463.28,
2042," Dento Mugus",085157928986,dento.mugus@example.net,Mataram,2026-07-01,37933.66,
2043,Ginto Nanto,081187049905,ginto.nanto@post.example.net,Bandung,2023-07-19,862.89,
2044,Muwati Kaman,0821 4579 6640,muwati.kaman@example.com,Mataram,2026-08-26,"105.026,94",
2045,Citri Bumad,0851 4314 7306,citri.bumad@example.com,Bandung,2024-08-02,232339.43,
2046,Riwan Annto,085147476454,riwan.annto@example.net,Bandung,2026-06-14,46248.65,address unclear
2047,Taman Wisih,081314000978,taman.wisih@example.org,Mataram,2023-02-28,220127.78,
2048,Jundra Muman,081240458925,jundra.muman@post.example.net,Mataram,2026-07-19,130029.14,
2049,Juyan Zunto,081241462158,juyan.zunto@example.net,Denpasar,2026-05-26,186773.96,
2050,Loman Nawan,081230697215,loman.nawan@example.com,Mataram,2023-08-15,224291.53,
2051,Muyan Fanur,081882135344,muyan.fanur@example.com,Mataram,2025-10-16,235140.61,"prefers WhatsApp, not email"
2052,Yanto Kanur,085150496363,yanto.kanur@example.org,Semarang,2025-07-05,186580.23,
2053,Yanur Puwan,0851 8531 7537,yanur.puwan@example.net,Mataram,2025-05-25,180498.83,
2054,Puwan Tayan,081816904770,puwan.tayan@example.com,Mataram,2023-06-16,21071.37,
2055,Zutri Zugus,081363235710,zutri.zugus@example.com,Medan,2026-04-24,27746.22,
2056,Mutri Riyan,081761121283,mutri.riyan@post.example.net,Mataram,2024-01-19,147440.59,
2057,Sulia Kawan,082172129320,sulia.kawan@example.org,Mataram,2025-05-14,13157.13,
2058,Denur Hawan,081209854501,denur.hawan@example.net,Bandung,2025-06-25,141620.25,
2059,Inman Jundra,081784628035,inman.jundra@example.net,Mataram,2024-04-10,203597.75,
2060,Puman Dento,085188882017,puman.dento@mail.example.com,Mataram,2023-05-18,136093.04,
2061,Zunto Jutri,085114241218,zunto.jutri@post.example.net,Mataram,2023-05-09,178674.10,
2062,Butri Sudi,082117886431,butri.sudi@post.example.net,Mataram,2023-03-06,228446.89,
2063,Dendra Nawati,081324868328,dendra.nawati@mail.example.com,Mataram,2026-02-09,"13.095,14",
2064,Wiyan Sundra,081293984602,wiyan.sundra@example.net,Makassar,2025-04-20,136195.15,
2065,"Buman Zuman ",0817-8593-9351,buman.zuman@mail.example.com,Mataram,14.04.2023,236777,
2066,Yatri  Fanur,081151743840,yatri.fanur@example.com,Bandung,2023-06-16,14516.46,
2067,Inmad Deman,+6281104825520,inmad.deman@post.example.net,Mataram,10/03/2023,223427.35,
2068,Sunto Taman,081702491241,sunto.taman@example.net,Mataram,2026-02-08,134038.44,
2069,Gidi Karah,085103618608,gidi.karah@example.com,Mataram,2025-04-06,188659.01,
2070,Kanto Zumad,081308906327,kanto.zumad@post.example.net,Bandung,2023-12-18,45500.11,
2071," Fatri Yawan",085198264062,fatri.yawan@mail.example.com,Medan,06.02.2026,208096.70,
2072,Jundra Inman,081251048308,jundra.inman@example.org,Mataram,2026-03-03,176377.18,
2073,Namad Tawan,081880180584,namad.tawan@mail.example.com,Mataram,2023-07-02,120928.25,
2074,Yanur Falia,081163611994,yanur.falia@mail.example.com,Mataram,2024-03-12,19347.82,
2075,Lolia Zuyan,+6281318627699,"lolia.zuyan@example.org ",Mataram,2025-12-04,11787.59,"VIP, do not discount"
2076,Hatri Mumad,081372556216,hatri.mumad@example.org,Mataram,2026-02-05,175327.66,
2077,Ginto Mutri,089541952088,ginto.mutri@example.net,Bandung,2024-12-20,127449.64,
2078,Fandra Pugus,081260664670,fandra.pugus@example.net,Mataram,2023-02-02,"36.602,03",
2079,Zumad Londra,081353050492,zumad.londra@post.example.net,Mataram,01.05.2025,45378.19,"said ""call after 5pm"""
2080,Sundra Juman,0813-0595-2126,sundra.juman@mail.example.com,Mataram,2024-04-28,84602.15,
2081," Muyan Fayan",081263177175,muyan.fayan@example.com,Mataram,10.03.2023,136036.65,
2082,Nanto Fanto,081706321246,nanto.fanto@example.org,Medan,2023-11-08,60803.73,
2083,Cinto Hasih,081789260943,cinto.hasih@mail.example.com,Mataram,2025-06-02,126856.21,
2084,Cinto Giwan,081792468925,"cinto.giwan@example.net ",Mataram,23.08.2024,107691.82,
2085,Fagus Nanur,085181747857,fagus.nanur@example.net,Mataram,2023-03-25,113232.39,
2086,Farah Sutri,081761907086,farah.sutri@example.net,Bandung,2026-08-08,"70.670,30",
2087,Jundra Pudi,081760426054,jundra.pudi@example.org,Padang,2023-04-27,148901.08,
2088,Zurah Andi,089556611325,zurah.andi@post.example.net,Bandung,2026-06-10,116314.31,
2089,Muman Hanto,081199347609,muman.hanto@example.org,Mataram,2025-07-25,142635.76,
2090,Yawati Kawan,081747961802,yawati.kawan@example.com,Bandung,2026-07-11,4438.73,
2091,Inwati Fandra,081334299696,inwati.fandra@example.com,Makassar,2023-03-24,8321.67,
2092,Juwati Katri,081385591203,juwati.katri@example.org,Surabaya,2024-10-04,161505.42,
2093,Ingus Anlia,081212749426,ingus.anlia@example.org,Mataram,2024-07-11,218598.62,
2094,Juwati Ciyan,085129922266,juwati.ciyan@example.org,Mataram,2026-07-09,45970.96,address unclear
2095,Puwati  Loman,089550782328,puwati.loman@post.example.net,Mataram,2023-07-28,211447,
2096,Sunto Kadi,081706880914,sunto.kadi@post.example.net,Mataram,2024-11-26,91259.69,
2097,Lotri Lotri,081131078699,lotri.lotri@example.com,Mataram,2026-06-01,66697.68,
2098,Delia Muwan,082141040966,delia.muwan@example.org,Makassar,2026-02-23,201002.18,
2099,"Hamad Anman ",081843804184,hamad.anman@example.com,Medan,24.07.2023,"167.281,51",
2100,Cigus Jundra,082156523348,cigus.jundra@post.example.net,Mataram,2026-08-18,30138.49,
2101,Yalia Pumad,081754358447,yalia.pumad@example.com,Mataram,2024-09-22,56820.82,
2102,Yasih Intri,081739588821,yasih.intri@example.com,Denpasar,12.02.2025,"80.066,09",
2103,Buyan Annur,085167703308,buyan.annur@example.net,Medan,2024-11-15,134492.88,
2104,Zuman  Naman,+6289588434349,,Mataram,2024-11-05,193473.55,
2105,Punur Logus,081889089551,punur.logus@mail.example.com,Mataram,2023-05-24,140271.28,
2106,Dewan Fandra,081776007239,dewan.fandra@example.net,Mataram,2023-03-08,120342.35,
2107,Yaman Yalia,081806643585,yaman.yalia@mail.example.com,Mataram,2024-01-14,200422.14,
2108,Loman Taman,+6281166080217,loman.taman@post.example.net,Mataram,2026-03-23,204815.63,
2109,Rimad Sulia,081179232925,rimad.sulia@example.net,Mataram,2025-06-13,132382.86,
2110,Inwati Hayan,085163177261,inwati.hayan@post.example.net,Mataram,2026-08-25,46966.07,
2111,Kadi Dento,081704324682,kadi.dento@post.example.net,Mataram,2024-08-05,187864.10,
2112,Rinur Anmad,081305499200,rinur.anmad@example.org,Mataram,2025-07-03,49819.19,
2113,Winto Naman,085108208396,winto.naman@post.example.net,Mataram,2025-11-19,237047.01,
2114,Mudi Tanto,081869047493,mudi.tanto@mail.example.com,Mataram,2024-01-22,131238.51,
2115,Zulia Winto,081282495636,zulia.winto@example.org,Mataram,2026-04-20,64418.43,
2116,Nanto Cinto,082114749507,nanto.cinto@example.net,Mataram,2024-10-06,1046.46,
2117,Harah Tasih,081758644845,harah.tasih@mail.example.com,Mataram,2025-10-14,45448.38,
2118,Sumad Yanur,081300435029,sumad.yanur@example.com,Surabaya,2023-05-23,153640.57,
2119,Rindra Hanto,0821-3072-4291,rindra.hanto@mail.example.com,Bandung,2024-03-15,210337.03,
2120,Farah Bunto,081342737979,farah.bunto@post.example.net,Mataram,2023-05-18,48525.90,
2121,Yawan Rinto,081193622624,yawan.rinto@example.com,Mataram,2023-03-05,109425.11,
2122,Tatri Muyan,081322033386,tatri.muyan@example.net,Mataram,2026-03-09,100705.80,
2123,Ginto Nandra,081776764624,ginto.nandra@mail.example.com,Mataram,2023-03-20,202336.06,
2124,Annur Sunur,081208613925,annur.sunur@example.net,Mataram,2026-01-09,39558.27,
2125,Antri Jundra,+6281266970208,antri.jundra@mail.example.com,Mataram,2023-05-08,214152.91,
2126,Rimad Gisih,081237057040,rimad.gisih@example.org,Mataram,2025-03-23,206431.73,
2127,Cigus Wisih,081880984123,cigus.wisih@example.net,Mataram,2024-08-23,177406.70,
2128,Namad Hadi,081846518834,namad.hadi@example.net,Mataram,2024-02-28,60692.79,
2129,Kanur Gitri,085127533521,kanur.gitri@example.org,Bandung,2024-03-17,62743.38,
2130,Fawati Bunto,081253193657,fawati.bunto@example.com,Surabaya,2025-11-05,"131.111,50",
2131,Anrah Mumad,081101568139,anrah.mumad@example.org,Medan,2024-08-17,225245.82,
2132,Zuyan Buyan,089504774077,zuyan.buyan@example.net,Mataram,2025-01-16,185409.40,
2133,Intri Riyan,085148977224,intri.riyan@post.example.net,Mataram,2026-08-19,119594.43,
2134,Ginur Sundra,0895-8651-1405,"ginur.sundra@example.net ",Medan,19/02/2025,135931.43,
2135," Kanur Tawati",0895 3018 6563,kanur.tawati@example.org,Mataram,2026-08-27,143539.98,
2136,Yandra Muwan,081788954153,yandra.muwan@example.net,Mataram,12.04.2024,"52.989,34",
2137,Ciyan Dendra,089509239580,ciyan.dendra@post.example.net,Mataram,2026-03-19,70359.14,
2138,"Angus Widi ",081744199048,angus.widi@example.org,Surabaya,2026-01-17,62292.92,
2139,Anwan Anman,082124432204,anwan.anman@example.net,Makassar,2026-06-06,143377.73,
2140,Annur Buman,081740417017,annur.buman@example.com,Mataram,2023-09-02,237000.73,
2141,Hanto Wiman,081810108735,hanto.wiman@post.example.net,Bandung,2026-05-04,47111.79,
2142,Winto Junur,081729569198,winto.junur@example.org,Bandung,2024-08-10,122902.16,
2143,Loyan Hagus,085174153331,loyan.hagus@example.net,Mataram,2025-10-18,101295.77,
2144,"Kamad Hanto ",085108703295,kamad.hanto@mail.example.com,Medan,2024-05-14,"25.569,61",
2145,Kaman Muyan,082132187676,kaman.muyan@example.com,Mataram,2026-01-10,113401.49,
2146,Fanto Citri,081357977595,fanto.citri@mail.example.com,Medan,02.03.2025,148800.66,
2147,Cirah Cinur,081880119077,"cirah.cinur@example.com ",Bandung,2025-06-14,128557.90,
2148,Zuwan Cinto,081127605958,zuwan.cinto@example.com,Bandung,2025-10-03,82185.13,"wants invoice marked ""urgent"""
2149,Handra Ritri,082162446612,handra.ritri@example.net,Mataram,2026-03-02,33539.01,
2150,Yanur Naman,081745239146,yanur.naman@mail.example.com,Makassar,2024-10-18,155665.57,
2151,Kandra Dedi,081141756189,kandra.dedi@post.example.net,Mataram,2025-05-28,70843.29,
2152,Nagus Rilia,081353306250,nagus.rilia@example.com,Mataram,2024-03-09,36027.21,
2153,Sudi  Puwati,0811-6309-3614,sudi.puwati@example.net,Mataram,15/12/2023,"8.740,93",
2154,Innto Famad,081135575781,innto.famad@example.com,Surabaya,2025-12-09,136800.03,
2155,"Wiwan Bundra ",085172095840,"wiwan.bundra@example.org ",Surabaya,2024-04-21,82513.12,
2156,Cinur Bugus,081283314410,cinur.bugus@example.net,Mataram,2025-01-07,21618.34,
2157,Halia Hanto,081886102148,halia.hanto@example.net,Bandung,2023-06-22,123337.95,
2158,Lonto Sundra,081143432424,lonto.sundra@post.example.net,Medan,2026-01-12,74056.20,
2159,Junto Nasih,081852416945,junto.nasih@mail.example.com,Mataram,2023-08-06,45495.99,
2160,Buyan Zundra,0812-0292-7988,,Surabaya,2023-08-06,154887.86,
2161,Cinur Nawati,081813720607,cinur.nawati@example.org,Denpasar,2024-10-19,15358.02,
2162,Fasih Winto,081857132642,fasih.winto@post.example.net,Mataram,2025-12-27,212185.46,
2163,Insih Ginur,081366063175,insih.ginur@mail.example.com,Mataram,2023-04-14,171872.54,
2164,Wiwati Mumad,082154552368,wiwati.mumad@post.example.net,Bandung,2024-04-13,178777.45,
2165,Pugus Murah,082144437532,pugus.murah@mail.example.com,Medan,2025-12-15,183916.76,follow up next week
2166,Hanur Surah,081399651933,hanur.surah@example.org,Mataram,2024-03-12,45810.71,
2167,Giwati Pusih,081833948040,giwati.pusih@post.example.net,Mataram,2026-05-23,100065.75,
2168,Mundra Buwati,081767621103,mundra.buwati@mail.example.com,Mataram,2025-03-11,214108.01,
2169,Rinur Fandra,082178076618,rinur.fandra@example.com,Mataram,2025-11-26,156436.25,
2170,Juwan Mudi,081832172954,juwan.mudi@example.com,Makassar,2024-11-21,225479.05,
2171,Delia Rinto,081324439988,delia.rinto@example.net,Surabaya,2023-05-19,34167.81,
2172,Giman Muman,081745087544,giman.muman@post.example.net,Bandung,2024-10-14,200829.60,
2173,Juwati Ciwati,081842216189,juwati.ciwati@mail.example.com,Mataram,2025-05-14,185086.61,
2174,Anwan Cimad,081733352565,anwan.cimad@example.net,Mataram,2024-11-22,69075.62,
2175,Muwan Inndra,081732888454,muwan.inndra@post.example.net,Mataram,25.06.2025,141384,
2176,Gidi Yanur,081709177204,gidi.yanur@example.org,Mataram,2026-03-08,36023.05,
2177,Inrah Gitri,081841325129,inrah.gitri@post.example.net,Bandung,2025-01-18,212184.59,
2178,Tarah Munur,081787732349,tarah.munur@example.org,Makassar,2023-12-27,83650.71,
2179,Winur Farah,081255479594,winur.farah@example.com,Mataram,18.02.2026,217907.61,
2180,Rinto Inrah,081186350495,rinto.inrah@example.org,Medan,2023-07-04,11309.83,
2181,Lolia Nanto,082132282561,lolia.nanto@example.net,Surabaya,2024-09-07,13435.42,
2182,Ritri Junto,089575928391,ritri.junto@example.org,Mataram,2026-05-23,235005.71,
2183,Yarah Kawan,089588762993,yarah.kawan@mail.example.com,Mataram,2025-09-17,42486.91,
2184,Lolia Inndra,0821 0881 3122,,Mataram,2023-05-03,121728.95,
2185,Nadi Yanto,085153801398,nadi.yanto@example.org,Surabaya,2023-01-17,180726.29,
2186,Hawan  Jumad,0895-0413-9342,hawan.jumad@example.net,Denpasar,2026-05-11,88324.12,
2187,Widi Yayan,081386130772,widi.yayan@example.net,Mataram,2024-02-05,108497.85,
2188,Sunto Hasih,089598731351,sunto.hasih@mail.example.com,Mataram,2025-09-19,1740.29,
2189,Busih Dedi,081742217070,busih.dedi@mail.example.com,Mataram,2024-03-15,84381.79,
2190,Inyan Londra,089570043768,inyan.londra@example.org,Mataram,2026-07-25,82991.06,
2191,"Zunur Dedi ",081754951458,zunur.dedi@example.com,Mataram,2026-04-24,175870.63,
2192,Degus  Kandra,081117446150,,Bandung,12/10/2025,18770,
2193,Zudi Zugus,+6281727469641,"zudi.zugus@mail.example.com ",Medan,2026-02-05,27296.56,
2194," Rimad Lonur",082105567135,rimad.lonur@example.org,Mataram,2024-11-09,173661.96,
2195,Rilia Munur,082137703651,rilia.munur@post.example.net,Mataram,2023-06-06,207517.86,
2196,Juwati Desih,0818 9926 1147,juwati.desih@post.example.net,Mataram,2026-04-11,"76.805,92",
2197,Rinto Cindra,082130293282,rinto.cindra@example.com,Bandung,2026-05-25,334.33,
2198,Yarah Windra,081725058237,yarah.windra@example.com,Mataram,2024-11-16,88576.36,no answer on the number given
2199,Gidi Sunto,0851-8293-8428,,Mataram,01.08.2025,225539.35,
2200,Annto Hagus,081304280235,annto.hagus@example.org,Mataram,2026-08-09,"98.205,50",
2201,Wiman Handra,082188478802,wiman.handra@example.com,Mataram,2025-07-04,77919.18,
2202,Citri Zusih,082105327390,citri.zusih@example.com,Makassar,2024-01-16,"85.824,36",
2203,Cigus  Bunto,+6281374421849,cigus.bunto@MAIL.EXAMPLE.COM,Mataram,2024-09-04,160245.63,
2204,"Gimad Losih ",082168442423,gimad.losih@POST.EXAMPLE.NET,Bandung,2025-08-24,"18.687,83",
2205,Busih Zundra,081109599000,busih.zundra@post.example.net,Mataram,2023-05-23,197833.99,
2206,Bundra Zuwan,081189680751,bundra.zuwan@post.example.net,Mataram,2024-06-12,132769.06,
2207,Dento Riman,081173019720,dento.riman@mail.example.com,Bandung,20/06/2025,34575.16,
2208,Dento Hawati,081815687407,dento.hawati@example.org,Padang,2025-06-19,59162.32,
2209,Nanto Puyan,082195295375,nanto.puyan@example.com,Bandung,2024-05-04,96881.18,
2210,Denur Yarah,081360201331,denur.yarah@example.com,Medan,2023-05-16,98079.10,no answer on the number given
2211,Cirah Bumad,081236870266,cirah.bumad@mail.example.com,Mataram,2025-12-10,201013.71,
2212,Riman Wimad,082146746016,riman.wimad@mail.example.com,Mataram,2026-04-15,177080.10,
2213,Tawan Musih,081876750448,tawan.musih@example.com,Medan,2025-04-04,126913.99,
2214,Sundra Cirah,081871268895,sundra.cirah@example.org,Mataram,2024-05-02,187992.69,
2215,Lonto Yatri,081387752023,lonto.yatri@post.example.net,Mataram,2024-05-17,55007.17,
2216,Yamad Anwati,085194706852,yamad.anwati@example.net,Mataram,2024-09-12,223088.85,
2217,Ciwati Pulia,081729922884,ciwati.pulia@mail.example.com,Makassar,2024-05-06,115256.51,
2218,Halia  Yalia,081744836756,halia.yalia@example.com,Mataram,2023-06-26,116204.94,
2219," Giyan Anlia",081797494769,giyan.anlia@post.example.net,Mataram,27.06.2025,68127,
2220,Jurah Sumad,081736172435,jurah.sumad@example.com,Medan,2025-12-21,53730.58,
2221,Risih Mutri,081831197869,risih.mutri@example.org,Mataram,2023-08-04,202499.63,"wants invoice marked ""urgent"""
2222,Mugus Dento,081744297921,mugus.dento@example.com,Bandung,2025-07-08,4970.17,
2223,Denur Rindra,085122553426,denur.rindra@example.net,Medan,2024-02-16,211549.56,"prefers WhatsApp, not email"
2224,Fayan Zuyan,085128386464,fayan.zuyan@example.com,Mataram,2024-09-07,151063.41,address unclear
2225,Zumad Innur,081836774857,zumad.innur@example.com,Mataram,2025-12-21,102984.62,
2226,Wiyan Kaman,085146918224,wiyan.kaman@post.example.net,Mataram,2025-06-13,173744.56,
2227,Kadi Zuman,0895 0942 5726,kadi.zuman@example.net,Mataram,05/12/2024,9413.36,
2228,Kanto Wirah,089501359334,kanto.wirah@example.com,Semarang,2025-09-22,173263.53,
2229,Riwan Suyan,089549311207,riwan.suyan@example.com,Surabaya,2023-07-09,41439.63,
2230,Innur Faman,081233293646,innur.faman@mail.example.com,Makassar,2023-02-17,2026.66,
2231,Inrah Taman,081731501471,inrah.taman@post.example.net,Medan,2024-08-10,21211.33,"wants invoice marked ""urgent"""
2232,Hawati Suwati,085190030481,hawati.suwati@example.org,Denpasar,2025-07-22,140167.56,
2233,Anwati Tawan,0817-0689-5121,anwati.tawan@example.org,Mataram,2024-05-16,243685.51,
2234,Innur Cimad,081840336936,innur.cimad@example.net,Mataram,2024-02-10,62990.51,
2235,Buwati Jurah,082192774668,buwati.jurah@example.org,Mataram,2023-08-26,195653.73,
2236,Demad Rinur,089501632105,demad.rinur@mail.example.com,Mataram,2023-08-10,32674.83,
2237,Zutri Fawan,082115123179,zutri.fawan@example.net,Mataram,2025-01-15,224382.12,
2238,Ciwan Puman,081388271295,ciwan.puman@mail.example.com,Mataram,21.10.2025,"39.747,58",
2239,Kayan Gigus,081815150507,kayan.gigus@example.org,Mataram,2025-03-07,126090.66,
2240,"Jutri Zuman ",081280152971,jutri.zuman@example.net,Mataram,2024-03-02,"44.880,16",
2241,Judi Sunto,081228659334,judi.sunto@example.org,Bandung,2023-04-15,67405.32,
2242,Falia Narah,081775503290,falia.narah@mail.example.com,Denpasar,2024-01-09,152579.50,
2243,Cilia Cimad,081369634847,cilia.cimad@example.org,Mataram,2024-05-09,154177.73,
2244,Yarah Cinto,081875751427,yarah.cinto@example.org,Makassar,2024-03-14,174915.83,
2245,Gigus Yanur,089547111575,gigus.yanur@example.net,Mataram,2026-03-17,89260.42,
2246,Pusih Inlia,089592092474,pusih.inlia@post.example.net,Denpasar,2025-11-23,35174.93,
2247,Fagus Londra,081231104178,fagus.londra@example.com,Mataram,2025-08-08,113188.54,
2248," Kalia Gilia",081146933239,kalia.gilia@example.net,Mataram,12/12/2025,232484.94,
2249,Munur Zudi,081749272795,munur.zudi@example.com,Denpasar,2024-05-26,199302.90,
2250,Rinur Falia,081880637389,rinur.falia@example.com,Mataram,2025-12-22,57694.51,
2251,Zumad Hayan,081748877264,zumad.hayan@example.org,Semarang,2023-07-18,36486.21,
2252,Sumad Tanto,089593946122,sumad.tanto@mail.example.com,Mataram,2026-03-06,37666.50,
2253,Zusih Loyan,081856017836,zusih.loyan@mail.example.com,Semarang,2025-03-18,16932.51,
2254,Loman Wiwati,081209751761,loman.wiwati@example.com,Makassar,05.07.2024,115489.88,
2255,Nasih Zurah,081705451877,nasih.zurah@example.org,Mataram,2023-11-06,114735.37,
2256,Fadi Giwan,081261628363,fadi.giwan@example.org,Semarang,2026-05-06,127208.72,
2257,"Yawati Zusih ",0813-3431-6182,yawati.zusih@example.net,Padang,19/10/2025,123413.02,
2258,Lomad  Yanto,081744677843,lomad.yanto@example.com,Mataram,2026-06-18,9064.86,
2259,Kanto Karah,081240058847,kanto.karah@example.net,Medan,2026-01-19,6831.44,
2260,Ciman Zurah,0821-2789-9804,ciman.zurah@example.org,Mataram,2023-05-27,90727,
2261,Giman Intri,0818-3135-0548,giman.intri@mail.example.com,Mataram,28.01.2025,221115.72,
2262,Buyan Fadi,081778851587,buyan.fadi@example.org,Mataram,2026-06-05,206046.36,
2263,Rinto Sulia,081332511027,rinto.sulia@example.com,Padang,2025-07-14,71122.97,
2264,Sunto Anyan,089564060200,sunto.anyan@post.example.net,Makassar,2023-11-27,158179.45,
2265,Giwati Inmad,089549318198,giwati.inmad@example.com,Surabaya,2026-04-21,213795.21,
2266,"Harah Wilia ",081858797216,harah.wilia@EXAMPLE.NET,Bandung,2026-04-24,3797.08,
2267,Juyan Fadi,081818845866,juyan.fadi@post.example.net,Mataram,2024-04-07,129176.74,
2268,Tamad Hanur,085122260116,tamad.hanur@example.net,Mataram,2023-06-19,237461.34,
2269,Ginur Wimad,081750920147,ginur.wimad@example.com,Surabaya,2026-02-23,175471.43,
2270,Londra Dento,081238051313,londra.dento@mail.example.com,Mataram,2026-08-09,197989.72,
2271,Gitri Gimad,0813 4503 6279,gitri.gimad@post.example.net,Mataram,2024-04-12,238175.71,
2272,Windra Katri,081765748904,windra.katri@post.example.net,Medan,2026-08-25,85809.88,
2273,Jundra Puwan,081840305015,jundra.puwan@post.example.net,Denpasar,2026-01-05,242881.89,
2274,Gimad Tanur,081790580422,gimad.tanur@example.com,Mataram,2026-06-17,218077.55,
2275,Cilia Muman,081221118545,cilia.muman@post.example.net,Surabaya,2025-08-26,13973.36,
2276,Zulia Witri,085168832754,zulia.witri@example.com,Mataram,2024-04-28,16523.71,
2277,Jutri Insih,081286128104,"jutri.insih@example.com ",Surabaya,15.09.2024,98142.69,
2278,Anwati Ginto,081169959248,anwati.ginto@example.org,Mataram,2025-05-21,165834.67,
2279,Anrah Lonto,081387065229,anrah.lonto@example.org,Mataram,2023-08-08,93100.49,
2280,Sudi Giman,085135370717,sudi.giman@example.org,Mataram,2025-07-06,3254.57,
2281,"Dento Cimad ",+6281342197226,dento.cimad@example.com,Mataram,12/12/2023,86873.74,
2282,Mutri Kaman,081298868520,mutri.kaman@EXAMPLE.ORG,Bandung,2023-01-24,187111,
2283," Yadi Nagus",0851 2908 9269,yadi.nagus@example.net,Mataram,2025-07-05,"128.671,27",
2284,Antri Cindra,081858767819,antri.cindra@example.com,Mataram,17/01/2026,9983,
2285,Pulia Annur,089553783275,pulia.annur@example.net,Mataram,2023-11-13,139656.61,
2286,Hanto Giyan,081384956266,hanto.giyan@post.example.net,Mataram,2023-03-25,70960.17,
2287,Mudi Mugus,081308432972,mudi.mugus@post.example.net,Mataram,2025-03-21,206362.46,
2288,Zunto Munto,081240206175,zunto.munto@example.net,Mataram,03.01.2024,46931.26,
2289,Puwati Indi,081382045488,puwati.indi@mail.example.com,Mataram,2023-12-02,200536.77,
2290,Deman Ritri,081178866974,deman.ritri@post.example.net,Medan,2026-05-12,205922.09,
2291,Kadi Logus,0813-7235-2045,kadi.logus@post.example.net,Surabaya,09.11.2024,49673.06,
2292,Muyan Sunto,085141006574,muyan.sunto@mail.example.com,Mataram,2025-12-24,91501.96,
2293,Riyan Zuyan,082190485348,riyan.zuyan@example.com,Mataram,2026-04-10,2328.13,
2294,Gindra Kamad,081300552209,gindra.kamad@example.com,Mataram,2023-04-04,249113.84,
2295,Yayan Giyan,082165000125,yayan.giyan@example.org,Mataram,2024-04-11,128718.89,follow up next week
2296,Windra Cinur,081871849966,windra.cinur@example.org,Mataram,2026-05-18,83042.03,
2297,Tawan Giyan,081134782105,tawan.giyan@example.org,Mataram,2025-07-02,159006.68,
2298,Desih Ingus,081209543599,desih.ingus@example.org,Mataram,2024-04-01,204678.30,
2299,Haman Nawan,081329976853,haman.nawan@example.com,Mataram,2026-08-16,161716.09,
2300,Loyan Harah,089501931109,loyan.harah@example.com,Mataram,2025-02-12,184646.60,
2301,Bundra Winto,082138168750,bundra.winto@example.org,Mataram,2024-01-22,129679.22,
2302,Wiman Lowan,081722770527,wiman.lowan@example.org,Mataram,2023-03-04,144285.65,
2303,Famad Yawati,081355616162,famad.yawati@example.net,Surabaya,2026-01-26,17840.05,
2304,Dewan Rindra,081799407926,dewan.rindra@example.net,Mataram,2026-01-11,15812.81,
2305,Haman Yalia,081213731874,haman.yalia@example.org,Mataram,2023-12-28,232851.91,
2306,Giwati Junur,085170909673,giwati.junur@example.net,Padang,2023-10-27,62312.46,
2307,Insih Sugus,081300444409,insih.sugus@example.org,Mataram,2025-01-11,192245.95,
2308,Gigus Sunto,081811912430,gigus.sunto@example.org,Mataram,2025-07-03,100927.08,
2309,Ansih Anlia,082102151517,ansih.anlia@post.example.net,Mataram,2023-06-14,86532.44,
2310,Fatri  Sumad,081319884470,fatri.sumad@post.example.net,Mataram,23/05/2024,23575,
2311,Juwan Sunto,081774688438,juwan.sunto@example.com,Mataram,2024-01-25,195672.97,
2312,Juyan Karah,081172088882,juyan.karah@example.net,Mataram,2023-07-26,219310.26,
2313,Tanur Sutri,081744440926,tanur.sutri@example.org,Mataram,2025-12-25,221077.13,
2314,Kawati Ingus,081144536701,kawati.ingus@example.org,Mataram,2026-04-09,59739.15,
2315,Yaman Fawan,081830144627,yaman.fawan@mail.example.com,Mataram,2026-04-20,108310.36,
2316,Sudi Fasih,089573504686,sudi.fasih@mail.example.com,Mataram,2024-08-19,56996.88,
2317,Mugus Innur,081338470549,mugus.innur@example.net,Mataram,2023-07-06,240647.10,
2318,Windra Pulia,082127333832,windra.pulia@mail.example.com,Denpasar,2026-07-02,57440.96,"VIP, do not discount"
2319,"Rilia Cisih ",081828834341,rilia.cisih@mail.example.com,Bandung,2026-01-15,82401.27,
2320,Nawati Dewati,081720882198,nawati.dewati@example.net,Mataram,2026-06-13,248885.25,
2321,Cimad Talia,081129040980,cimad.talia@example.org,Semarang,17.08.2025,152327.15,
2322,Pulia Punto,085146125274,pulia.punto@post.example.net,Mataram,2025-01-23,160000.82,
2323,Rilia Anman,089579405957,rilia.anman@example.net,Makassar,2025-03-05,204516.17,
2324,Lonto Losih,081716624231,lonto.losih@example.org,Makassar,2025-11-20,24721.18,
2325,Bulia Yanur,082127278406,bulia.yanur@mail.example.com,Mataram,2023-09-10,105673.95,
2326,Dento Fanur,082159747841,dento.fanur@post.example.net,Bandung,2023-09-10,18662.39,
2327,Yanto  Ginto,081171345400,yanto.ginto@EXAMPLE.NET,Medan,2024-09-23,94153.15,
2328,Innto Jutri,081352257259,innto.jutri@mail.example.com,Bandung,2025-09-18,3977.11,
2329,Bulia Annto,081333065020,bulia.annto@example.com,Medan,2023-12-03,95680.52,
2330,Kanto Pundra,081243012842,kanto.pundra@mail.example.com,Mataram,2024-05-14,64768.25,
2331,Natri Zundra,081341724922,natri.zundra@post.example.net,Mataram,2023-09-18,77119.66,
2332,Dento Winto,082121678054,dento.winto@post.example.net,Mataram,2024-04-06,209223.02,
2333,Giyan Rinur,+6281824592125,giyan.rinur@example.net,Semarang,06/05/2026,3890.42,
2334,Fayan Tayan,081331979431,fayan.tayan@example.org,Medan,2024-11-26,155178.01,
2335,Dewati Nandra,081831359486,dewati.nandra@post.example.net,Mataram,2026-01-28,63581.32,
2336,Antri Deyan,085176485279,"antri.deyan@mail.example.com ",Mataram,20.05.2024,"176.171,07",
2337,Loyan Deyan,089591820552,loyan.deyan@example.org,Semarang,2023-07-18,222849.75,
2338,Junto Yamad,081197707740,junto.yamad@example.net,Mataram,2023-03-11,19464.16,
2339,Zundra Yamad,081703386523,zundra.yamad@example.org,Mataram,2023-04-01,148352.54,
2340,Lorah Busih,081384535846,lorah.busih@post.example.net,Denpasar,2024-05-15,29269.00,"wants invoice marked ""urgent"""
2341,Zuwan Fatri,081322305934,"zuwan.fatri@example.net ",Mataram,03/07/2025,115471,"prefers WhatsApp, not email"
2342,Kanto Katri,081710071714,"kanto.katri@example.net ",Makassar,2024-07-03,19865.22,
2343,"Cilia Kawati ",0818-5756-1986,cilia.kawati@mail.example.com,Bandung,2023-10-13,225292,
2344,Taman Buwan,085198181821,taman.buwan@example.net,Mataram,2023-04-27,1335.47,
2345,Innur Innto,082112124060,innur.innto@example.com,Mataram,2024-02-08,146406.68,
2346,Bunur Bumad,081102476363,bunur.bumad@post.example.net,Mataram,2025-12-18,152468.55,
2347,Hamad Lowan,081121126860,hamad.lowan@post.example.net,Mataram,2026-06-02,58106.13,"moved cities, update on renewal"
2348,Fadi Buwan,089526488728,fadi.buwan@post.example.net,Mataram,2023-10-07,89164.31,
2349,Loman Zunto,081250495887,loman.zunto@post.example.net,Mataram,2026-06-25,21543.50,
2350,Musih Zuwan,081163369794,musih.zuwan@example.com,Mataram,2025-01-25,203610.33,
2351,Cinto Anman,0813-9355-6056,cinto.anman@post.example.net,Bandung,2025-08-01,60170.75,
2352," Hayan Nandra",081130233624,hayan.nandra@example.net,Surabaya,22/08/2025,"224.898,51",follow up next week
2353,Fanto Sumad,081143021441,fanto.sumad@example.net,Mataram,2024-02-16,47633.95,"prefers WhatsApp, not email"
2354,Rigus Juyan,081320646339,rigus.juyan@post.example.net,Bandung,2023-03-18,49166.35,
2355,Tawan Yayan,0813 5844 8223,tawan.yayan@post.example.net,Mataram,2025-06-08,34018.46,
2356,Munur Lodi,0821-5218-3396,munur.lodi@mail.example.com,Mataram,04/03/2023,28485.86,
2357,Sunur Indi,081102596912,sunur.indi@mail.example.com,Mataram,2024-12-19,110842.11,
2358,Kandra Narah,081813939625,kandra.narah@example.com,Mataram,2024-11-15,201345,
2359,Kanto Juman,081879013670,kanto.juman@example.org,Surabaya,2023-02-02,165634.00,
2360,Wiwan Kanto,082135981352,wiwan.kanto@example.org,Makassar,2025-02-04,113904.07,
2361,Mudi Murah,082126424475,mudi.murah@post.example.net,Mataram,05/08/2026,73331.03,"prefers WhatsApp, not email"
2362,Mumad Lonur,081243750517,mumad.lonur@mail.example.com,Medan,15.12.2025,132699.79,
2363,Lonto Budi,085199665101,lonto.budi@example.org,Surabaya,2026-05-02,208439.31,
2364,Dedi Antri,081825401482,dedi.antri@example.net,Bandung,2024-01-24,134496.69,
2365,"Hadi Anman ",081327907590,"hadi.anman@mail.example.com ",Mataram,2024-07-08,122536.71,"paid by transfer, receipt pending"
2366,Tanto Sugus,081235528348,tanto.sugus@post.example.net,Mataram,2026-05-20,55956.05,
2367,Lolia Tatri,082125191462,lolia.tatri@example.com,Mataram,2024-12-07,26031.10,
2368,Yanur Muti,081893816383,yanur.muti@example.org,Mataram,2023-05-17,27979.45,
2369,Anmad Annto,081838399968,anmad.annto@example.com,Mataram,2023-03-22,175659.22,
2370,Punto  Sunto,0895 4743 2910,punto.sunto@example.com,Mataram,2025-03-13,"31.589,75",
2371,Cilia Anndra,081388466245,cilia.anndra@post.example.net,Makassar,2026-07-25,44948.15,
2372,Desih Tawan,0812 3124 8106,"desih.tawan@mail.example.com ",Mataram,2025-10-09,53185.27,
2373," Jugus Suman",081381532500,jugus.suman@example.com,Mataram,2025-08-08,"235.121,08",address unclear
2374,Tasih Antri,081133894013,tasih.antri@mail.example.com,Mataram,2024-07-18,82611.47,
2375,Rinto Sundra,081190995963,rinto.sundra@post.example.net,Bandung,2025-08-12,139717.95,
2376,Tarah Sutri,081142586482,tarah.sutri@example.com,Medan,2026-01-10,189795.63,
2377,Fatri Haman,085152596391,fatri.haman@post.example.net,Mataram,2023-08-10,67430,
2378,Bumad Talia,081120291407,bumad.talia@example.net,Semarang,2026-01-10,114479.22,
2379,Surah Fawan,081236521241,surah.fawan@example.org,Medan,2024-01-28,107168.79,
2380,Yanur Loman,081357998986,yanur.loman@example.com,Makassar,2026-02-05,885.42,
2381,Yayan Putri,082186675131,yayan.putri@example.org,Mataram,2023-03-16,98858.20,
2382,Sugus Yatri,081245548676,sugus.yatri@mail.example.com,Mataram,2023-03-24,202432.29,
2383,Budi Sugus,081222892996,budi.sugus@example.com,Mataram,2023-02-07,113068.25,
2384,Yanur Taman,081875176585,yanur.taman@mail.example.com,Mataram,2024-10-10,99431.30,
2385,Munto Nasih,081721296296,munto.nasih@post.example.net,Denpasar,2023-07-07,5431.32,
2386,Mumad Fanur,081129229411,mumad.fanur@example.org,Mataram,2026-05-04,237300.42,
2387," Muwati Bunto",082103100970,muwati.bunto@example.org,Bandung,07/09/2023,128440.49,
2388,Fayan Inman,089554822765,fayan.inman@example.net,Mataram,2023-07-13,150765.15,
2389,Gigus Sumto,081811912430,gigus.sumto@example.org,Mataram,2025-07-03,140350.86,
2390,Anmad  Julia,0851-7010-8796,anmad.julia@example.com,Mataram,2024-03-10,182789.90,
2391,Anrah Lolia,089557345803,anrah.lolia@example.com,Mataram,2026-01-09,83644.26,
2392,Ansih Zusih,081886464168,ansih.zusih@post.example.net,Makassar,2026-06-22,169232.93,
2393,Annto Nasih,081377866309,annto.nasih@example.org,Mataram,2024-12-13,121921.37,
2394,Ciman Annur,089542471482,ciman.annur@mail.example.com,Makassar,2023-09-18,27917.58,
2395,Wilia Insih,081875113284,wilia.insih@mail.example.com,Mataram,2023-09-12,229957.32,
2396," Inrah Dewati",0851 8707 3342,inrah.dewati@example.net,Medan,2023-07-09,83096.45,
2397,Rigus Falia,082154442201,rigus.falia@post.example.net,Semarang,2026-02-02,21810.54,
2398,Buwan Demad,082168861235,buwan.demad@mail.example.com,Mataram,2026-01-10,33421.99,
2399,Rigus Lodi,081701350761,rigus.lodi@mail.example.com,Makassar,09.10.2023,239493,
2400,Anwati Dento,081880728404,anwati.dento@example.org,Mataram,2024-08-19,146852.95,
2401,Kamad Kamad,081778146590,kamad.kamad@mail.example.com,Mataram,2025-04-22,177809.67,
2402,Dento Sundra,0818 2278 9431,dento.sundra@example.org,Bandung,2023-02-20,9213.90,
2403,Juwati Tagus,081717874837,juwati.tagus@MAIL.EXAMPLE.COM,Mataram,02.08.2024,16948.36,
2404,Kanur Zutri,081289683102,kanur.zutri@post.example.net,Mataram,2026-01-13,30879.77,
2405,Rimad Zurah,081119938167,rimad.zurah@example.net,Mataram,2026-02-22,83215.47,
2406,Gilia Riwati,081214682912,gilia.riwati@mail.example.com,Mataram,2023-04-13,140941.78,
2407,Mundra Dewati,081782569926,mundra.dewati@example.org,Mataram,2025-08-20,164244.77,
2408,Putri Widi,089537971929,putri.widi@mail.example.com,Semarang,2024-09-01,77474.53,
2409,Nanto  Bulia,081232114373,nanto.bulia@post.example.net,Mataram,28/04/2023,"66.517,85",
2410,Citri Hanto,085148069368,citri.hanto@EXAMPLE.NET,Bandung,2024-01-03,118121.10,
2411,Judi Kayan,081344417572,judi.kayan@mail.example.com,Mataram,2024-08-24,112513.95,
2412,Zuwan Juwan,081705522828,zuwan.juwan@example.org,Mataram,2023-10-03,245966.40,
2413,Bunto Yaman,085101732895,,Bandung,25/08/2026,26000.90,
2414,Buwan Gigus,082177951464,buwan.gigus@mail.example.com,Mataram,2025-05-07,119743.91,
2415,Zunto Yanto,081218585609,zunto.yanto@POST.EXAMPLE.NET,Mataram,2023-10-16,31528.48,
2416,Zuyan Jugus,089598940332,zuyan.jugus@mail.example.com,Mataram,04.11.2023,"124.930,56",
2417,Delia Sunto,081889557517,delia.sunto@example.net,Pontianak,2024-04-22,170071.68,
2418,Inyan Zulia,081163601945,inyan.zulia@example.net,Mataram,2024-07-28,169173.70,
2419,Losih Rinto,081256115232,losih.rinto@example.com,Mataram,21.04.2024,16417,
2420,Tamad Juntu,081874813651,tamad.juntu@example.com,Mataram,2025-08-27,90623.34,
2421,Suwati Yawati,082124262676,suwati.yawati@post.example.net,Mataram,2025-05-08,118479.18,
2422,Bundra Natri,0851-6286-0746,bundra.natri@example.org,Padang,2026-03-07,71938.22,
2423,Inrah Hanto,085191259141,inrah.hanto@example.net,Mataram,2025-04-03,68564.46,
2424,Kaman Logus,081712126432,kaman.logus@example.com,Semarang,2023-02-03,17809.33,
2425,Giyan Degus,081879039484,giyan.degus@example.net,Medan,2026-05-17,58562.92,
2426,Inwati Tanur,081175823062,inwati.tanur@example.com,Mataram,2023-09-10,231200.03,
2427,Ciwati Dendra,081811751466,ciwati.dendra@mail.example.com,Mataram,2023-01-17,163649.34,
2428,Logus Junur,081890301258,logus.junur@example.net,Mataram,2026-06-26,139459.91,
2429,Mulia Muwati,085160268835,mulia.muwati@post.example.net,Mataram,2023-08-24,208221.32,
2430,Cindra Yayan,081352319903,cindra.yayan@example.com,Mataram,2023-01-20,60830.56,
2431,Indi Muwan,081743261422,indi.muwan@example.net,Mataram,2024-03-08,204729.76,
2432,Julia Jutri,+6281877994515,julia.jutri@EXAMPLE.ORG,Mataram,16.05.2026,129418.07,
2433,Narah Girah,081891910002,narah.girah@example.com,Bandung,25.07.2024,68459.38,
2434,Angus Ridri,081230299360,angus.ridri@post.example.net,Mataram,2024-06-28,120719.50,
2435,Rimad Punto,081296823454,rimad.punto@example.com,Bandung,2026-04-26,182944.14,
2436,Nayan Cinur,081347824568,nayan.cinur@example.com,Mataram,2025-07-03,75356.97,
2437,Nagus Tanto,081336607777,nagus.tanto@example.net,Surabaya,2025-08-17,230591.73,
2438,Deyan Puyan,089597983188,deyan.puyan@mail.example.com,Makassar,2025-08-25,128371.68,
2439,Suwan Hagus,082111049529,suwan.hagus@example.com,Mataram,2024-04-01,182374.54,
2440,Handra Zundra,+6281261882914,handra.zundra@mail.example.com,Mataram,2024-05-15,108194,
2441," Namad Anmad",082160656983,,Makassar,2026-05-22,"26.538,47",
2442,Anyan Yawati,081362216834,anyan.yawati@mail.example.com,Mataram,2025-06-21,98742.29,
2443,Julia Rilia,089537566625,julia.rilia@mail.example.com,Denpasar,2024-09-08,195669.42,
2444,Puyan  Hagus,081705895116,puyan.hagus@EXAMPLE.ORG,Mataram,11/04/2024,208827.24,
2445,Sunto Muwan,0818 4031 5581,sunto.muwan@example.org,Mataram,2023-06-16,53331.63,
2446,Suyan Nawati,089586125447,suyan.nawati@example.com,Mataram,2026-07-28,219041.11,
2447,Sunur Wiyan,089546544094,sunur.wiyan@example.com,Medan,2026-04-05,96690.85,
2448,Lomad Muwan,085181767320,lomad.muwan@example.org,Mataram,2026-05-19,74882.98,
2449,Murah Winur,089558696340,murah.winur@example.net,Denpasar,2023-02-06,26168.77,
2450,Natri Mulia,081742753955,natri.mulia@example.org,Makassar,2026-05-11,207827.75,
2451,Lodi Rindra,081759248665,lodi.rindra@post.example.net,Mataram,2026-03-17,235272.16,
2452,Zusih Pumad,081232159620,zusih.pumad@example.org,Mataram,2025-02-11,147366.95,
2453,Lonto Punto,085129652533,lonto.punto@example.org,Mataram,2024-11-28,145901.63,
2454,Musih Suyan,081775446994,musih.suyan@example.net,Mataram,2026-04-01,153676.41,
2455,Losih Yadi,081357639494,losih.yadi@example.org,Semarang,2024-05-09,148176.70,
2456,Natri Wiwan,085188767053,natri.wiwan@mail.example.com,Mataram,2025-12-07,40440.81,
2457,Fandra Pumad,081731533216,fandra.pumad@post.example.net,Denpasar,2025-12-13,181087.33,
2458,Nawan Katri,085110399679,nawan.katri@example.net,Mataram,2024-03-17,138174.76,
2459,Widi Nawan,081809250004,widi.nawan@mail.example.com,Mataram,2024-11-12,203657.08,
2460,Cimad Mumad,081191855802,cimad.mumad@mail.example.com,Mataram,2025-01-10,148295.52,"paid by transfer, receipt pending"
2461,Fandra Gimad,085141577552,fandra.gimad@example.org,Mataram,2023-07-07,132099.15,
2462,Giyan Lomad,085195091129,giyan.lomad@example.com,Medan,2026-01-16,146202.20,
2463,Putri Kayan,081237422392,putri.kayan@example.org,Mataram,2024-03-25,110862.61,follow up next week
2464,Witri Yadi,081725206229,witri.yadi@example.com,Mataram,2023-09-22,210129.20,
2465,Rilia Cirah,0895 4684 9706,rilia.cirah@example.com,Bandung,2023-12-07,190718.53,
2466,Naman Sugus,+6281704640269,naman.sugus@post.example.net,Mataram,21/02/2026,8415.07,
2467,Hatri Winto,081154768096,hatri.winto@example.net,Mataram,2023-05-02,99335.06,
2468,Gitri Tanto,082161604366,gitri.tanto@POST.EXAMPLE.NET,Mataram,18.03.2024,2731,
2469,Hamad Yarah,081221792622,hamad.yarah@example.com,Mataram,2024-12-12,106190.85,
2470,Wiwati Nasih,085140731418,wiwati.nasih@example.net,Mataram,2023-05-22,12623,
2471,Degus Jutri,081213917960,degus.jutri@example.net,Mataram,2026-04-11,73563.60,
2472,Windra Yasih,089598831797,windra.yasih@EXAMPLE.ORG,Mataram,16.04.2024,32411.75,"wants invoice marked ""urgent"""
2473,Nasih Sudi,0851 2633 4671,nasih.sudi@example.com,Makassar,21/06/2024,196459.21,
2474,Taman Nawan,081171646707,taman.nawan@example.net,Mataram,2025-06-22,226967.12,
2475,Nasih Anrah,+6281372869109,nasih.anrah@example.net,Mataram,2024-04-13,120397.61,
2476,Musih Angus,081821715431,musih.angus@example.com,Makassar,2023-01-01,63970.24,
2477,Winto Wigus,081339762485,winto.wigus@example.org,Medan,10.10.2024,3543.88,
2478,Nanto Intri,081130848546,nanto.intri@example.com,Mataram,2026-03-18,40947.51,
2479,Hanur Puyan,081798148583,hanur.puyan@example.org,Mataram,2024-06-25,248081.71,
2480,Inmad Suwati,081233150549,inmad.suwati@example.com,Mataram,2024-05-27,197523.22,
2481,Jugus Muwati,0818-6727-6629,jugus.muwati@example.com,Mataram,2023-03-05,214607,
2482,Anyan Buwati,089524442355,"anyan.buwati@example.com ",Mataram,2023-01-18,"55.557,29",
2483,Ciyan Lowan,081712269491,ciyan.lowan@example.com,Mataram,2024-09-22,197706.07,
2484,Wiyan Windra,0821-4617-8216,wiyan.windra@mail.example.com,Mataram,2023-01-03,32253.98,
2485,Hadi Yatri,081320984957,hadi.yatri@example.org,Bandung,2024-12-09,88747.28,
2486,Buwan Gimad,081367936938,buwan.gimad@post.example.net,Mataram,2025-12-08,61686.01,
2487,Fanto Bunur,081831250615,fanto.bunur@example.com,Surabaya,2024-05-08,245802.28,
2488,Yanto Famad,081122456846,yanto.famad@post.example.net,Mataram,08/01/2025,98980.29,
2489,Wilia Fanur,+6281157461567,"wilia.fanur@example.com ",Mataram,2023-03-17,154912.34,
2490,Inwati Innto,082169059199,inwati.innto@example.com,Surabaya,2024-04-05,235631.43,
2491,Pudi Zudi,081296349094,pudi.zudi@example.com,Mataram,2023-01-07,82043.16,
2492,Tanto Fanto,082193852225,tanto.fanto@mail.example.com,Medan,2023-07-23,142431.06,
2493,Sulia Harah,081866116605,sulia.harah@post.example.net,Bandung,2023-07-20,16394.73,
2494,Rindra Nasih,081354342472,rindra.nasih@post.example.net,Denpasar,2026-04-13,26059.88,
2495,Zutri Kawati,082177053155,zutri.kawati@post.example.net,Semarang,2026-03-26,177337.59,
2496,Hamad Zunur,081366971574,hamad.zunur@example.net,Mataram,2025-02-28,46176.78,
2497,Hayan Dento,089589194786,hayan.dento@mail.example.com,Makassar,12/04/2026,32569.66,
2498,Munur Zutri,081723642991,munur.zutri@post.example.net,Bandung,2025-09-15,133830.84,
2499,Hanto Zuyan,081398343467,hanto.zuyan@example.org,Makassar,2025-11-10,138877.06,
2500,Bumad Surah,081740889182,bumad.surah@example.net,Mataram,2023-03-20,47177.94,
2501,Purah Anwati,081327348724,purah.anwati@example.org,Makassar,2025-12-08,164162.55,
2502,Harah Punto,081754685537,harah.punto@example.org,Padang,2025-01-25,6834,
2503,Nawati Butri,085104390348,nawati.butri@example.com,Surabaya,2025-09-09,218084.57,
2504,Hadi Butri,089575575448,hadi.butri@example.com,Bandung,2024-07-03,184090.86,
2505,Nandra Bunur,081783133829,nandra.bunur@post.example.net,Mataram,2025-09-11,140842.29,
2506,Nayan Tanur,081399242027,nayan.tanur@example.com,Mataram,2025-03-20,"236.373,88",
2507,Julia Fawan,0851-6150-9821,julia.fawan@example.com,Surabaya,2024-02-18,5744,
2508,Musih Rinto,081126555112,musih.rinto@example.com,Mataram,25/01/2025,149213.55,
2509,Ingus Cidi,082188633336,ingus.cidi@post.example.net,Medan,2026-07-13,7657.22,"said ""call after 5pm"""
2510,Anyan Demad,081242703419,anyan.demad@example.org,Mataram,2024-06-27,43381.20,
2511,Yalia Hadi,082124177373,yalia.hadi@example.com,Mataram,2024-06-13,94447.59,
2512,Fanto Fandra,085179661468,fanto.fandra@example.com,Padang,2026-03-15,109348.24,
2513,Mumad Murah,085126459262,mumad.murah@mail.example.com,Mataram,2023-08-28,165706.43,
2514,Lonto Julia,082148011045,lonto.julia@mail.example.com,Mataram,2026-06-09,32258.42,"VIP, do not discount"
2515,Punto Busih,081332468177,punto.busih@example.com,Mataram,2024-08-25,228204.68,
2516,Dewan Inrah,+6281759080675,dewan.inrah@example.net,Mataram,2026-03-18,"210.066,69",
2517,Sumad Zundra,081227646676,sumad.zundra@post.example.net,Mataram,2023-03-27,205940.46,
2518,Kadi Buyan,081869778622,kadi.buyan@example.org,Mataram,2026-02-11,107041.18,address unclear
2519,Lonto Fandra,081181355682,lonto.fandra@example.org,Denpasar,2025-11-01,38914.80,
2520," Lonur Risih",081140377484,lonur.risih@mail.example.com,Mataram,15/01/2026,"188.122,83",
2521,Wiman Tasih,081870148903,wiman.tasih@example.com,Mataram,2026-07-24,142543.94,
2522,Degus Giman,081897785901,degus.giman@example.org,Mataram,2023-08-28,208598.38,
2523,Yanto Wiyan,085137354505,yanto.wiyan@example.net,Mataram,14/04/2025,245831.47,
2524,Deman Kalia,082114230429,deman.kalia@example.org,Semarang,2023-04-13,3711.28,
2525,Gitri Hawati,081700492993,gitri.hawati@example.net,Bandung,2023-01-16,228688.55,
2526,Kanto Buwati,081301043885,kanto.buwati@example.org,Bandung,2023-03-28,177815.53,
2527," Fayan Sulia",081781943993,fayan.sulia@example.net,Denpasar,25.01.2023,23968.48,
2528,Hayan Namad,089533864129,hayan.namad@example.com,Mataram,2026-07-10,7986.79,
2529,"Zurah Lotri ",081243727298,zurah.lotri@example.org,Mataram,2023-08-01,124314.30,
2530,Faman Anndra,081707917929,faman.anndra@example.org,Denpasar,2024-03-24,101864.88,
2531,Bunur Hadi,081800962577,bunur.hadi@post.example.net,Mataram,2024-09-25,93766.81,
2532,Naman Kamad,0812 1413 0298,naman.kamad@example.org,Mataram,2025-09-06,46984.22,
2533,Angus Inman,082101444214,angus.inman@example.org,Makassar,2024-07-19,146460.88,
2534,Jutri Deyan,081710947931,jutri.deyan@example.net,Semarang,2023-03-21,173337.40,
2535,Hanto  Hayan,+6281789539983,hanto.hayan@example.com,Mataram,2023-01-03,140577.44,
2536,Kasih Anmad,085159725415,kasih.anmad@example.org,Medan,2024-01-03,13135.44,
2537,Lodi Hawan,081883220974,lodi.hawan@example.org,Mataram,2023-03-14,149009.80,
2538,Tatri Intri,081297461320,tatri.intri@example.com,Bandung,2025-09-04,150605.43,
2539,Butri Yaman,082178756382,butri.yaman@example.net,Mataram,2025-12-17,136914.02,
2540,Deman Namad,081720818787,deman.namad@mail.example.com,Mataram,2024-07-16,12310.95,
2541,Punur  Zudi,081335207345,punur.zudi@post.example.net,Mataram,2023-08-19,214037,
2542,Kadi Derah,081237739635,kadi.derah@POST.EXAMPLE.NET,Mataram,24/07/2023,186020.57,
2543,Inwan Anwati,081778937622,inwan.anwati@example.com,Mataram,2025-07-23,33804.85,
2544,Rinur Natri,085197082123,rinur.natri@example.org,Bandung,2025-02-17,168605.52,
2545,Citri Mundra,089548527831,citri.mundra@example.net,Medan,2025-01-04,77687.04,
2546,Tanto Murah,089596842470,tanto.murah@mail.example.com,Mataram,2025-07-02,210892.10,
2547,Hayan Fanto,081270786518,hayan.fanto@example.net,Mataram,2024-11-12,231250.16,
2548,Budi Falia,081134635489,budi.falia@mail.example.com,Mataram,2023-10-17,53748.70,
2549,Ansih Fasih,089561493135,ansih.fasih@example.org,Mataram,2023-07-22,82638.93,
2550," Rigus Ginto",081301340204,rigus.ginto@example.org,Surabaya,2023-12-06,65486.06,
2551,Bulia Rilia,082119192039,bulia.rilia@example.com,Makassar,2024-12-01,96812.29,
2552,Zusih Zuwan,0813 6620 0626,zusih.zuwan@mail.example.com,Mataram,16/04/2023,169775.38,
2553,Farah Demad,082128171443,farah.demad@mail.example.com,Mataram,2026-06-23,195110.24,
2554,Tatri Rilia,089573547292,tatri.rilia@post.example.net,Mataram,2026-04-13,120307.02,
2555,Mumad Falia,081206239494,mumad.falia@example.org,Mataram,2026-06-01,78705.06,
2556,Namad  Yalia,0817-9606-9477,,Mataram,21/05/2024,40648.23,
2557,Lowati Tawati,082107788805,lowati.tawati@example.net,Mataram,2024-07-14,22940.56,
2558,Anyan Nawan,081301792099,anyan.nawan@example.com,Mataram,2024-11-20,171645.54,
2559,Juwan Winur,089595716610,juwan.winur@example.org,Mataram,2025-05-28,49421.32,
2560," Dento Tadi",081782007873,dento.tadi@example.com,Mataram,2026-03-01,119448.16,
2561,Famad Tanto,081387054749,famad.tanto@example.net,Makassar,2024-01-08,105563.73,
2562,Hatri Julia,085125191973,hatri.julia@example.com,Mataram,2023-10-09,50694.05,
2563,Ciman Immad,0821 9637 9611,ciman.immad@example.com,Denpasar,14/05/2023,238632,
2564,Lolia Girah,0812 3009 8365,lolia.girah@example.org,Bandung,2026-06-12,90675.96,
2565,Rirah Bunto,081844701282,rirah.bunto@example.org,Mataram,2024-06-19,34681.97,
2566,Hadi Fanto,085183435063,hadi.fanto@mail.example.com,Bandung,2026-07-07,99804.94,
2567,Ingus Kasih,081122584200,ingus.kasih@example.org,Medan,2025-10-25,23687.69,
2568,Kawati Bugus,081166663876,kawati.bugus@example.com,Mataram,2023-01-24,224013.64,
2569,Tawati Judi,082115037683,tawati.judi@post.example.net,Surabaya,2024-05-25,17989.17,
2570,Gimad Nasih,081766820410,gimad.nasih@mail.example.com,Mataram,2026-05-11,124039.91,
2571,Kanto Fasih,089533028356,"kanto.fasih@example.net ",Mataram,21.04.2024,93544.04,
2572,Londra Pugus,081356135290,londra.pugus@post.example.net,Denpasar,2025-03-27,189015.71,
2573,Haman Kaman,081326421465,haman.kaman@example.org,Mataram,2026-04-16,241919.81,
2574,Zunur Zundra,082173281741,zunur.zundra@MAIL.EXAMPLE.COM,Padang,11/07/2026,124183.13,
2575,Hanto Hamad,081348767771,hanto.hamad@example.com,Makassar,2024-12-21,174838.48,
2576,Jutri Pugus,+6289577492287,jutri.pugus@example.org,Bandung,2026-04-03,"219.303,78",
2577,Yanur Rinur,081195965419,yanur.rinur@post.example.net,Bandung,2025-04-01,61252.63,
2578,Lowan Hawan,081358447158,lowan.hawan@example.org,Mataram,2026-05-04,109184.14,
2579,Innto Giyan,089529237681,innto.giyan@mail.example.com,Mataram,2025-03-27,28839.14,
2580,Kanur Nawan,089524379783,kanur.nawan@example.com,Mataram,2025-03-14,26690.80,
2581,Zuwati Sutri,081325565278,zuwati.sutri@example.net,Mataram,2024-12-20,115934.15,
2582,Nagus Ginur,081294741782,nagus.ginur@example.net,Makassar,2026-05-06,179546.84,
2583,Inwati Riyan,081791307289,inwati.riyan@mail.example.com,Mataram,2025-12-14,68748.20,
2584,Giwati Detri,081190275488,giwati.detri@post.example.net,Mataram,2026-07-13,37619.81,
2585,Inrah Giwati,085109688434,inrah.giwati@mail.example.com,Mataram,2026-03-25,127251.90,
2586,Punto Yatri,085153829174,punto.yatri@example.com,Mataram,2023-06-24,175096.42,
2587,Tanto Juyan,082194240291,tanto.juyan@example.com,Mataram,2025-10-06,187823.76,
2588,Logus Yarah,0895-5717-7852,,Surabaya,19/05/2023,241998.80,
2589,"Nawati Tasih ",0817 6973 0763,nawati.tasih@example.com,Mataram,2023-01-15,8413.61,
2590,Mumad Fadi,081370124938,mumad.fadi@example.com,Bandung,2023-06-15,168070.72,
2591,Nasih Inyan,082130976149,nasih.inyan@example.org,Makassar,2024-02-09,242063.65,
2592,Kamur Gitri,085127533521,kamur.gitri@example.org,Bandung,2024-03-17,180245.56,
2593,Kanto Wiwati,081131271384,kanto.wiwati@example.org,Makassar,2023-02-19,191453.87,
2594,Inman Ritri,081715624096,inman.ritri@example.net,Bandung,2025-12-16,174834.10,
2595,Dedi Zunur,081870991319,dedi.zunur@example.org,Mataram,2024-02-07,11707.72,
2596,Denur Nanur,081784921622,denur.nanur@example.net,Mataram,2025-03-23,159423.81,
2597," Nandra Desih",0895-5680-7972,nandra.desih@post.example.net,Mataram,2025-07-23,204805.42,
2598,Annto Gimad,082195173184,annto.gimad@example.org,Semarang,2023-11-04,118305.56,
2599,Ciman Innur,081846797372,ciman.innur@post.example.net,Makassar,2026-01-08,200476.49,
2600,Buman Zundra,081100160003,buman.zundra@example.com,Mataram,2024-09-12,147636.75,
2601,Mundra Inlia,081822468799,mundra.inlia@example.org,Medan,2023-09-17,232922.14,
2602,Gimad Gimad,081889553749,gimad.gimad@mail.example.com,Mataram,2024-08-13,152622.60,
2603,Yanur Judi,0818 4483 9825,yanur.judi@example.org,Mataram,17/04/2026,32206.58,
2604,Purah Tasih,081798652841,purah.tasih@mail.example.com,Medan,2025-04-25,230363.90,
2605,Yanto Dento,082156004638,yanto.dento@example.net,Bandung,2024-05-04,12811.24,"prefers WhatsApp, not email"
2606,Dento Naman,081215076178,dento.naman@example.org,Mataram,2025-10-02,25132.96,
2607,Windra Innto,0851-1124-4636,windra.innto@post.example.net,Mataram,2024-06-07,91136.69,
2608,Juwan Innto,085148292371,juwan.innto@post.example.net,Mataram,2023-06-10,166624.61,
2609,Sulia Gisih,085108013919,sulia.gisih@post.example.net,Mataram,2023-12-15,37040.58,"duplicate of earlier signup, verify"
2610,Falia Lowati,+6281721108499,falia.lowati@example.org,Denpasar,09.09.2024,226688.67,
2611,Risih Buwati,081784287430,risih.buwati@example.org,Surabaya,2025-08-13,139572.74,
2612,Riwan Buwati,0851-7707-1936,riwan.buwati@post.example.net,Bandung,17/10/2023,42548.40,
2613,Sutri Kaman,085186549644,sutri.kaman@mail.example.com,Mataram,2023-07-28,91913.02,
2614,Hawan Yanto,081709529604,hawan.yanto@example.net,Mataram,2024-03-14,159054.13,
2615,Munur Zurah,081714574375,munur.zurah@mail.example.com,Mataram,2025-02-27,173322.58,
2616,Puman Kalia,081173045379,puman.kalia@example.com,Bandung,2026-01-23,199808.05,
2617,Budi Mugus,081139777609,budi.mugus@mail.example.com,Makassar,2024-02-09,193031.16,
2618,Fanto Fayan,0821 5711 9965,fanto.fayan@mail.example.com,Mataram,2026-06-22,54894.51,
2619,Rindra Nalia,082122603131,rindra.nalia@mail.example.com,Mataram,2024-09-01,128169.66,"paid by transfer, receipt pending"
2620,Fawan Punto,0813 2397 1032,fawan.punto@post.example.net,Mataram,2023-04-24,245333,
2621,Kadi Yasih,0813-1970-5290,kadi.yasih@example.org,Mataram,03/05/2023,172947.41,
2622,"Surah Puwati ",082192314383,,Surabaya,2026-01-04,"112.494,57",
2623,Wirah Kadi,081366655236,wirah.kadi@mail.example.com,Mataram,2025-03-15,70909.28,
2624,Wilia Kanto,081204497911,wilia.kanto@example.net,Denpasar,2023-02-09,236212.01,
2625,Hamad Yanur,081734349276,hamad.yanur@example.com,Mataram,2026-03-07,36911.54,
2626,Giwati Pulia,081117284410,giwati.pulia@mail.example.com,Medan,2024-09-12,131786.65,
2627,Buyan Fagus,082173381047,buyan.fagus@mail.example.com,Mataram,2023-04-24,91803.15,
2628," Ginur Jusih",+6281190475564,ginur.jusih@post.example.net,Mataram,13.05.2026,"103.202,28",
2629,Nadi Rindra,085100281284,nadi.rindra@post.example.net,Makassar,2023-06-14,14203.07,
2630,Delia Mundra,081851245760,delia.mundra@example.net,Mataram,2025-10-19,202243.28,
2631,"Yagus Bunur ",081375341948,yagus.bunur@example.net,Mataram,2026-01-14,"45.051,32",
2632,Juman Intri,+6281774693257,juman.intri@example.net,Bandung,14.11.2024,119344.20,
2633,Wilia Juman,085182255307,wilia.juman@mail.example.com,Padang,2025-03-19,63052.20,
2634,Hasih Anmad,089579018459,hasih.anmad@example.com,Medan,2024-10-05,60868.61,"paid by transfer, receipt pending"
2635,Derah Hanto,089553310019,derah.hanto@mail.example.com,Mataram,2025-05-16,160372.89,
2636,Juman Muwati,081729163357,juman.muwati@example.org,Mataram,2024-03-18,70365.02,
2637,Anyan Tagus,081145713894,anyan.tagus@example.org,Mataram,2024-05-14,117438.82,
2638,Hatri Inwan,081757547973,hatri.inwan@mail.example.com,Mataram,2026-01-07,222947.17,no answer on the number given
2639,Kanto  Mumad,0851-4811-2923,,Mataram,2025-03-09,52611.26,
2640,Tawati Punto,085191867064,tawati.punto@post.example.net,Medan,2024-12-28,99153,
2641,Mulia Burah,089555313981,mulia.burah@example.net,Medan,2023-11-17,113212.00,
2642,Taman Dedi,081233822892,taman.dedi@post.example.net,Mataram,2024-12-23,180544.96,
2643,Zunto Puman,0817 5350 3603,zunto.puman@mail.example.com,Surabaya,14/03/2023,"108.222,97",
2644,Yanto Judi,081262576080,yanto.judi@mail.example.com,Mataram,2023-08-16,10087.01,
2645,Mundra Ritri,089502765256,mundra.ritri@example.net,Bandung,2026-04-17,176513.07,
2646,Bugus Yaman,085151281821,bugus.yaman@post.example.net,Mataram,2025-07-24,65158.44,
2647,Kanto Taman,081272627061,kanto.taman@example.com,Mataram,2026-06-21,176663.79,
2648,Ginur Zuyan,081794044627,ginur.zuyan@EXAMPLE.NET,Mataram,26/10/2025,192132.48,
2649,Lowan Jugus,081381319738,lowan.jugus@post.example.net,Mataram,2025-09-27,27425.59,
2650,Annur Citri,+6281833207705,"annur.citri@mail.example.com ",Mataram,2026-05-28,150561.63,
2651,Suman Junto,081823671823,suman.junto@mail.example.com,Bandung,2026-08-02,31304.61,
2652,Kanto Tadi,081124939585,kanto.tadi@mail.example.com,Medan,2023-06-18,65263.14,follow up next week
2653,Zunto Julia,081222385710,zunto.julia@post.example.net,Surabaya,2023-11-17,141705.97,
2654,Zuman  Rinto,0812 0854 7459,zuman.rinto@MAIL.EXAMPLE.COM,Mataram,17/10/2024,29439.00,
2655,Fatri Kaman,089518144795,fatri.kaman@post.example.net,Bandung,2023-07-23,76056.63,
2656,Puyan Rinto,082132157657,puyan.rinto@example.net,Mataram,2023-12-10,103207.25,
2657,Ritri Nanur,081345211975,ritri.nanur@example.com,Mataram,2023-12-04,23411.55,
2658,Mutri Fanto,081292125938,mutri.fanto@mail.example.com,Surabaya,2023-12-16,64884.25,
2659,Mugus Wigus,081122724597,mugus.wigus@post.example.net,Mataram,2023-07-01,27514.33,
2660,Riwan Witri,081841673314,riwan.witri@post.example.net,Bandung,2026-05-26,66341.64,
2661,Buwan Kalia,081204824321,buwan.kalia@mail.example.com,Mataram,2026-02-13,178480.36,
2662,Mumad Ginur,0821 5029 0058,,Mataram,01/02/2026,194038.34,
2663,Muwan Losih,081775130954,muwan.losih@post.example.net,Mataram,2024-01-04,46006.18,
2664,Wilia Ginto,085112264244,wilia.ginto@example.org,Mataram,2026-08-25,85671.00,
2665,"Hasih Wimad ",081818502877,hasih.wimad@example.net,Mataram,01.07.2023,245171.01,
2666,"Rigus Giwati ",082140888164,"rigus.giwati@example.org ",Padang,2025-03-09,"216.005,05",
2667,Bunur Riwan,081393770875,bunur.riwan@POST.EXAMPLE.NET,Medan,15/08/2023,93163.33,
2668,Ciman Yarah,+6281863672463,ciman.yarah@example.org,Makassar,2024-04-06,505.90,
2669,Hatri Kento,089563412073,hatri.kento@example.com,Mataram,2024-07-01,164806.59,
2670,Kanto Buman,081778318076,kanto.buman@example.org,Medan,2024-01-15,165543.29,
2671,Pulia Tanto,089593570203,pulia.tanto@mail.example.com,Mataram,2024-12-11,153825.05,
2672,Anlia Kanur,081252727945,anlia.kanur@example.net,Makassar,2025-10-13,209957.67,
2673,Muman Kadi,0821-3928-9768,muman.kadi@example.org,Medan,2026-02-26,2416.29,
2674,Purah Nanto,+6281854851410,"purah.nanto@example.org ",Mataram,2023-06-18,88913.24,
2675,Yatri  Tamad,081224946930,yatri.tamad@mail.example.com,Bandung,21.06.2026,"48.440,28",
2676,Riyan Winur,081222672418,riyan.winur@example.com,Bandung,2026-04-11,119605.22,
2677,Gidi Ridi,081306518507,gidi.ridi@example.net,Mataram,2024-08-20,111190.22,
2678,Cirah  Rinto,0817 1080 2357,cirah.rinto@post.example.net,Semarang,19.03.2023,57574,
2679,Falia Zuwan,081289045876,falia.zuwan@mail.example.com,Mataram,2026-08-03,243449.55,
2680,Pumad Anyan,081278396652,pumad.anyan@example.net,Makassar,15/01/2026,238333.18,
2681,Putri Inrah,+6281264289409,putri.inrah@example.org,Bandung,2026-02-25,187228.11,
2682,Faman Gidi,089541584130,"faman.gidi@example.net ",Mataram,13.08.2026,236905.19,
2683,Dento Handra,+6281318869158,dento.handra@example.org,Mataram,2026-05-27,213645,
2684,Surah Ingus,081785715610,surah.ingus@post.example.net,Mataram,2026-03-16,162368.35,
2685,Gigus Cindra,081182012760,gigus.cindra@example.org,Mataram,2026-03-01,217851.04,
2686,Inlia Kalia,089513357774,inlia.kalia@example.net,Mataram,2026-02-16,157177.62,
2687,Fadi Faman,082115404112,fadi.faman@example.net,Semarang,2023-10-07,233605.47,
2688,Gimad Bunur,085124981964,gimad.bunur@post.example.net,Mataram,2023-09-17,88510.27,
2689,"Kawan Suwati ",+6289552131208,kawan.suwati@example.org,Mataram,2023-02-02,"145.795,56","said ""call after 5pm"""
2690,Wiwati Dewati,082185220754,wiwati.dewati@post.example.net,Semarang,2025-12-01,31137,
2691,Yagus Antri,081380941528,yagus.antri@example.org,Bandung,22/10/2023,178201.93,
2692,Narah Tawan,081355223258,narah.tawan@example.com,Mataram,2024-07-01,35474.63,
2693,Yasih Muwan,089540351502,yasih.muwan@example.net,Semarang,2025-02-08,227394.83,
2694,Nanur Yanur,081167371727,nanur.yanur@example.com,Bandung,2023-03-24,24511.31,
2695,Hawati Wilia,089513924287,hawati.wilia@mail.example.com,Medan,2024-05-26,217191.52,
2696,Narah Pumad,085183057273,narah.pumad@example.org,Mataram,2023-01-22,210903.90,
2697," Faman Yarah",089552308514,faman.yarah@example.com,Mataram,2026-05-15,61207.32,
2698,Gimad Hadi,082141756879,gimad.hadi@example.net,Mataram,2025-12-05,13446.61,
2699,Nalia Fandra,085125736501,nalia.fandra@example.net,Mataram,2025-10-26,242059.93,
2700,Annur Zutri,081350855605,annur.zutri@mail.example.com,Mataram,2025-02-04,155397.31,
2701,Susih Tanto,089586210095,susih.tanto@mail.example.com,Surabaya,2024-11-20,222071.74,
2702,Fandra Citri,081228397140,fandra.citri@post.example.net,Mataram,2024-04-10,173047.62,
2703,Dedi Windra,082142971231,dedi.windra@mail.example.com,Mataram,2026-05-03,70988.86,
2704,Hasih Kamad,081241222108,hasih.kamad@mail.example.com,Mataram,2023-08-17,110395.99,"prefers WhatsApp, not email"
2705,Dento Denur,0811-3844-6821,dento.denur@mail.example.com,Mataram,2023-01-06,198665,
2706,Suyan Puwati,085132969978,suyan.puwati@example.net,Mataram,2024-06-07,102187.16,
2707,Riman Hawati,089550491168,riman.hawati@mail.example.com,Mataram,2026-02-07,47219.11,
2708,Ridi Nawan,081269383815,ridi.nawan@mail.example.com,Medan,2026-01-03,86204.84,
2709,Gimad Ritri,081307864629,gimad.ritri@mail.example.com,Mataram,2023-03-12,153813.31,
2710,Tanto Logus,082129996582,tanto.logus@mail.example.com,Mataram,2026-07-15,36865.61,
2711,Ansih Cindra,081305871915,ansih.cindra@mail.example.com,Mataram,2023-01-19,100319.89,
2712,Jundra Detri,085160376952,jundra.detri@mail.example.com,Bandung,09/11/2024,115595.09,
2713,Hayan Riwan,081729185974,hayan.riwan@example.net,Surabaya,2025-11-06,141917.82,
2714,Junto Yanto,081835242056,,Mataram,2025-06-13,50018.14,
2715,"Tanto Zuwan ",089532712803,tanto.zuwan@mail.example.com,Mataram,26/04/2023,34866,
2716,Kaman Hayan,081856333079,kaman.hayan@mail.example.com,Mataram,2026-02-18,31381.18,
2717,Jutri Tandra,081209436463,jutri.tandra@example.com,Makassar,2026-07-12,86321.90,
2718,Pudi Naman,089502778735,pudi.naman@mail.example.com,Mataram,2024-03-19,249046.08,
2719,Wisih Wimad,081876799173,wisih.wimad@post.example.net,Bandung,2023-06-23,22135.18,
2720,Muyan Rinur,089555401300,muyan.rinur@example.com,Mataram,2023-09-17,127660.96,
2721,Annto Junur,081781205115,annto.junur@example.net,Denpasar,2026-07-11,50316.95,
2722,Junto Sunto,081735948992,junto.sunto@mail.example.com,Padang,2024-09-20,79547.45,no answer on the number given
2723,Hanto Nanur,085107151562,hanto.nanur@mail.example.com,Mataram,2025-04-06,"204.917,29",
2724,Gidi Inmad,081789342900,gidi.inmad@post.example.net,Mataram,2026-05-07,201130.20,
2725,Sudi Kandra,082176485859,sudi.kandra@example.com,Mataram,2025-07-01,225939.40,
2726,Cidi Nayan,081727196236,cidi.nayan@example.com,Medan,2025-09-12,29473.20,
2727,Yadi Bunur,081864182533,yadi.bunur@example.com,Surabaya,2023-07-16,23617.72,
2728,Zutri Deyan,0851-6629-5594,,Surabaya,02.01.2026,28759,
2729,Susih Fenur,081765851313,susih.fenur@example.org,Mataram,2024-05-01,190679.44,
2730," Riyan Jumad",0851 9459 0775,riyan.jumad@example.com,Mataram,2026-03-15,110485.96,
2731,Mundra Tamad,081778608226,mundra.tamad@mail.example.com,Surabaya,2026-07-10,189264.95,
2732,Riwan Yawati,081265324726,riwan.yawati@example.org,Mataram,2024-02-08,156774.55,
2733,Yatri Rirah,081778006134,yatri.rirah@example.net,Semarang,2023-11-23,150476.81,
2734,Anmad Kaman,085139679103,anmad.kaman@example.net,Mataram,2026-01-06,53268.56,
2735,Kalia Tanto,+6281881083568,,Mataram,2023-05-01,"165.557,12",
2736,Ciyan Lotri,081732201516,ciyan.lotri@post.example.net,Mataram,2024-03-20,169884.59,
2737,Inmad Tayan,081800721186,inmad.tayan@example.net,Mataram,2023-01-10,115048.88,
2738,Juyan Buwati,081286447310,juyan.buwati@post.example.net,Bandung,2025-09-06,229482.13,"paid by transfer, receipt pending"
2739," Riyan Sunto",+6281198764372,riyan.sunto@example.org,Mataram,2025-11-28,"107.137,55",
2740,Burah Judi,081817262167,burah.judi@example.com,Mataram,2023-02-03,178047.75,
2741,Zunur Yawati,+6281890649522,"zunur.yawati@post.example.net ",Mataram,2026-05-13,81877,
2742,Giyan Junto,081259295159,giyan.junto@post.example.net,Makassar,2023-08-03,"208.401,99",
2743,Zutri Deyan,085156903268,zutri.deyan@post.example.net,Mataram,2025-10-18,4353.14,
2744,Ciyan Faman,085176948463,ciyan.faman@example.org,Mataram,2024-08-01,115776.21,
2745,Muman Cinur,0812-7268-1945,muman.cinur@example.org,Mataram,23.10.2025,27141.43,
2746,Tawati Ridi,081260522454,tawati.ridi@post.example.net,Mataram,28.04.2023,42659.99,
2747,Puyan Munto,082154751480,puyan.munto@mail.example.com,Mataram,2026-06-07,141754.08,
2748,Pundra Zuyan,081840070642,pundra.zuyan@example.net,Mataram,2023-12-20,185196.09,
2749,Sunur Dewati,085117144468,sunur.dewati@example.net,Mataram,2025-05-17,83968.55,
2750,Lowati Suman,0817 1632 5433,lowati.suman@example.com,Bandung,2023-03-15,63120.78,
2751,Tawan Pumad,081784273198,"tawan.pumad@mail.example.com ",Mataram,23/06/2023,177137.40,
2752,Innto Puman,081130389724,innto.puman@example.net,Bandung,09/03/2025,192412.03,
2753,Nanto Munur,0818-2455-2455,nanto.munur@mail.example.com,Surabaya,2023-12-07,3646,
2754,Anman Pusih,081867597390,anman.pusih@mail.example.com,Mataram,24/08/2023,218902,
2755,Suwati Nayan,081738029646,suwati.nayan@example.com,Mataram,2023-07-24,170630.88,"said ""call after 5pm"""
2756,Hanur Andi,081155258220,hanur.andi@example.com,Makassar,2024-04-15,103880.58,
2757,Suwan Desih,085149260678,suwan.desih@post.example.net,Mataram,2023-07-15,217223.54,
2758,"Buyan Sundra ",0813 0947 3031,buyan.sundra@example.net,Mataram,22/02/2024,202932.59,
2759,Munur Nandra,085172172210,,Mataram,2023-10-04,152424.55,
2760,Inlia Hamad,089580251702,inlia.hamad@example.com,Mataram,2024-12-27,18889.77,
2761,Gilia Annto,081719336284,gilia.annto@post.example.net,Mataram,2025-10-04,231138.69,
2762,Gilia Junto,081888327161,gilia.junto@example.com,Mataram,2024-07-11,106629.24,
2763,Hatri Anwan,081221561900,hatri.anwan@example.org,Semarang,2024-10-27,69756.13,
2764,Juwati Andi,081341718185,juwati.andi@example.net,Mataram,2026-07-01,50949.00,
2765,Nawati Kamad,089518863010,nawati.kamad@mail.example.com,Semarang,2024-11-11,46041.32,
2766," Falia Mudi",0818 0930 2357,,Mataram,25/10/2023,96799.87,
2767,Nawan Punto,081883460719,nawan.punto@example.org,Surabaya,2023-01-06,202304,
2768,Rirah Zulia,+6282119056030,rirah.zulia@example.org,Mataram,2025-08-11,112465.09,
2769,Hanur Zudi,085131463692,hanur.zudi@example.net,Mataram,2023-11-25,197158.21,
2770,Naman Kayan,081858832159,naman.kayan@post.example.net,Semarang,2023-01-18,28945.04,
2771,Denur Nayan,081193927310,denur.nayan@example.net,Surabaya,2025-06-04,122491.35,
2772,Bumad Dento,081215885433,bumad.dento@mail.example.com,Medan,2023-02-21,125210.14,
2773,Juyan Cinto,085153380379,juyan.cinto@example.org,Mataram,2023-06-16,217339.41,
2774,Putri Tarah,081340117435,putri.tarah@example.com,Mataram,2025-07-20,116899.88,
2775,Nanto Rindra,081888710586,nanto.rindra@example.com,Padang,2023-08-10,161920.74,
2776,Cimad Hanto,089548380773,cimad.hanto@post.example.net,Padang,2024-08-20,5357.42,
2777,Jumad Nayan,081119248818,jumad.nayan@mail.example.com,Mataram,2024-08-19,20051.87,
2778,Denur Zusih,085161119150,denur.zusih@post.example.net,Mataram,2026-02-04,74211.86,address unclear
2779,Buwati Bumad,089585773926,buwati.bumad@post.example.net,Mataram,2024-08-17,101038.99,
2780,Sugus Giyan,081267411308,sugus.giyan@post.example.net,Mataram,21.08.2023,50288.67,
2781,Murah Hanto,081336714232,murah.hanto@post.example.net,Mataram,25.07.2024,221958.17,
2782,Busih Gilia,+6281158633033,busih.gilia@post.example.net,Medan,2025-04-17,"94.989,99",
2783," Lonur Surah",089548793664,lonur.surah@example.com,Mataram,27.06.2025,5752,
2784,Deyan Sulia,085162515928,deyan.sulia@post.example.net,Padang,2024-07-05,122074.39,
2785,Kasih Yatri,0818-9873-0157,kasih.yatri@EXAMPLE.NET,Bandung,2024-12-24,"206.524,42",
2786,Zurah Punto,081204913206,zurah.punto@example.net,Denpasar,15.10.2025,178423.92,"wants invoice marked ""urgent"""
2787,Riwan Riyan,082128937529,riwan.riyan@example.org,Mataram,2023-05-17,41862.44,
2788,Munto Anyan,089576943847,munto.anyan@example.org,Mataram,2024-09-04,232240.09,
2789,Punur Inndra,089507852075,punur.inndra@example.net,Mataram,2025-07-28,232898.59,
2790,Yamad Rinto,081382389241,yamad.rinto@post.example.net,Mataram,2026-07-15,230436.54,
2791,Deyan Anman,081867113550,deyan.anman@example.net,Bandung,2025-04-22,198579.48,
2792,Suman Cinur,081291834817,suman.cinur@mail.example.com,Semarang,2023-05-09,136217.92,
2793,Yaman Bunur,089583886457,yaman.bunur@example.org,Mataram,2023-10-10,"197.135,07",
2794,Namad Tanur,085125199735,namad.tanur@example.org,Mataram,2026-03-22,90841.02,
2795,Ritri Ritri,085186507921,ritri.ritri@post.example.net,Mataram,2023-09-03,127513.65,
2796,Indi Pudi,081280839020,indi.pudi@example.net,Bandung,2024-08-26,110994.20,
2797,Loyan Mulia,081104740846,loyan.mulia@example.org,Mataram,2023-02-08,75015.27,
2798,Rinur Innur,081886409873,rinur.innur@example.org,Mataram,2024-04-07,189166.52,
2799,Zundra Zugus,089590829009,zundra.zugus@example.org,Surabaya,2026-05-08,246586,
2800,Rigus Judi,085157468101,rigus.judi@mail.example.com,Mataram,2026-06-10,192093.38,
2801,Anndra Bumad,085112246292,anndra.bumad@post.example.net,Bandung,2023-11-21,67238.41,
2802,Tanto Ritri,089552059258,tanto.ritri@example.org,Bandung,2024-06-15,96349.29,
2803,Cinto Wiman,+6281772346869,cinto.wiman@example.org,Semarang,16/06/2023,42737.06,
2804,Suyan Logus,089545857593,suyan.logus@example.com,Mataram,2026-02-26,236940.70,
2805,"Tawan Munto ",089525106999,tawan.munto@example.org,Surabaya,03/07/2025,"136.605,78",
2806,Dedi Yandra,089558396373,dedi.yandra@example.org,Surabaya,2024-07-12,35585.50,
2807,Lonur Tanur,081895935949,lonur.tanur@mail.example.com,Semarang,2023-08-09,73243.39,
2808,Inrah Dento,0818-3108-8266,inrah.dento@mail.example.com,Bandung,2026-07-18,54766.89,
2809,Rindra Anwan,085114106195,rindra.anwan@example.net,Bandung,2025-07-25,215563.24,
2810,"Innto Punur ",0817-4923-5381,"innto.punur@example.org ",Mataram,23.09.2023,64904.71,
2811,Mutri Juwati,081118189786,mutri.juwati@example.org,Mataram,2023-10-26,11272.43,
2812,Ginto Riyan,081223542841,ginto.riyan@example.org,Makassar,2025-02-21,81175.67,
2813,Hayan Wisih,082170302895,hayan.wisih@example.org,Denpasar,2025-10-22,103978.31,
2814,Pulia Rilia,+6282141755289,pulia.rilia@post.example.net,Bandung,08/05/2025,131595.97,
2815,Halia Jumad,081209730714,halia.jumad@example.org,Mataram,2023-12-13,67188.83,
2816,Desih Mumad,0811-7189-0832,"desih.mumad@example.net ",Mataram,2023-10-14,153897.73,
2817,Susih Fanto,085184242256,susih.fanto@example.org,Mataram,2026-05-24,172335.22,
2818,Hagus Tawati,081871936184,hagus.tawati@mail.example.com,Mataram,2024-12-02,160367.46,"VIP, do not discount"
2819,Junto Ginto,081896680665,junto.ginto@example.org,Mataram,2023-02-21,238716.40,
2820,Inrah Kanto,081874364364,inrah.kanto@post.example.net,Denpasar,2023-08-17,54322.65,
2821,Lomad Halia,085110583280,lomad.halia@example.com,Mataram,2024-11-14,248647.59,
2822,Dewati Punto,081222259019,dewati.punto@example.org,Mataram,2026-08-02,194524.26,
2823,Muwati Inwan,085106164857,muwati.inwan@mail.example.com,Bandung,2024-04-25,168647.82,
2824,Wiman Zuwati,0818-6675-3560,,Mataram,10/09/2024,131326.30,
2825,Rindra Namad,081280640251,rindra.namad@post.example.net,Mataram,2025-12-08,86856.26,
2826,Zugus Buman,081754199513,zugus.buman@mail.example.com,Padang,2026-02-09,196847.10,
2827,Pumad Antri,089500229777,pumad.antri@mail.example.com,Mataram,2026-01-24,116835.94,
2828,Harah Mudi,081317576316,harah.mudi@example.net,Mataram,2024-03-24,236012.80,
2829,Zuwati Annur,+6281260165937,zuwati.annur@post.example.net,Surabaya,2023-12-05,248442.62,
2830,Cigus Ridi,081284870095,cigus.ridi@example.org,Makassar,2026-02-13,106472.20,
2831,Dento Inndra,081264836898,dento.inndra@example.net,Mataram,2026-06-17,67785.29,
2832,Giyan Punto,0817 0758 9283,giyan.punto@example.com,Surabaya,24.01.2023,28427.48,
2833,Rimad Anyan,081774663113,rimad.anyan@post.example.net,Mataram,2024-01-12,121628.49,
2834,Kanto  Pulia,085138877651,kanto.pulia@post.example.net,Mataram,2026-04-24,18820.22,
2835,Gidi Dedi,081368564708,gidi.dedi@example.net,Surabaya,2023-04-21,153617.13,
2836,Riman Riwan,081398863765,riman.riwan@mail.example.com,Semarang,2024-11-22,110239.34,
2837,Bundra Anwan,081123070623,bundra.anwan@example.org,Mataram,2026-05-13,48281.15,
2838,Nanto Jusih,081135621504,nanto.jusih@post.example.net,Mataram,2026-06-25,157022.04,
2839,Nalia Yayan,089558531305,nalia.yayan@example.com,Bandung,2023-10-14,78144.96,
2840,Nadi Tamad,0813 6690 0094,nadi.tamad@post.example.net,Mataram,2026-03-03,220758.73,
2841,Punto Budi,081245004750,punto.budi@mail.example.com,Denpasar,2026-05-04,80835.44,
2842,Inyan Annto,085150839017,inyan.annto@example.com,Mataram,2023-01-26,68774.60,"said ""call after 5pm"""
2843,Dento Bunur,081190107449,dento.bunur@mail.example.com,Mataram,2024-11-15,56319.42,
2844,Wigus Purah,081249900452,wigus.purah@post.example.net,Bandung,2024-12-09,113017.34,
2845,Inwan Sulia,081827392097,inwan.sulia@post.example.net,Mataram,2026-06-08,134956.01,
2846,Tawati Derah,0821 3920 7454,tawati.derah@mail.example.com,Semarang,2026-04-02,50537.81,
2847," Denur Sunur",0811 1163 9479,denur.sunur@example.org,Mataram,2026-04-27,75517.93,
2848,Kasih Natri,081392599059,kasih.natri@example.net,Mataram,2024-01-07,152762.45,
2849,Sugus Fasih,081890466059,sugus.fasih@example.net,Semarang,2025-06-08,82348.78,
2850,Tawan  Susih,081757735140,tawan.susih@EXAMPLE.ORG,Mataram,2026-02-15,245649.33,
2851,"Winur Lomad ",081725983531,winur.lomad@mail.example.com,Mataram,03.12.2025,"116.215,43",
2852,Detri Cinto,085198558875,detri.cinto@post.example.net,Mataram,2023-11-16,221540.45,
2853,Mugus Famad,081177112399,mugus.famad@example.net,Mataram,11.07.2025,160810.54,
2854,Ginto Pusih,081760244841,ginto.pusih@post.example.net,Surabaya,2024-10-06,53333.38,
2855,Sundra Mundra,089559447754,sundra.mundra@example.net,Mataram,2023-02-06,243861.61,
2856,Ginto Susih,081711348754,ginto.susih@mail.example.com,Mataram,2023-04-01,80835.94,
2857,Purah Yasih,081276560295,purah.yasih@post.example.net,Mataram,2025-01-17,132950.27,
2858,Innto Nadi,081125355296,innto.nadi@example.org,Mataram,2025-05-11,70641.73,
2859,Fatri Juyan,0817-9050-6472,fatri.juyan@example.org,Makassar,2026-07-20,"185.670,81",
2860,Kadi Inmad,0895-5145-2555,kadi.inmad@mail.example.com,Bandung,11/12/2025,"107.653,91",
2861,Yaman Lolia,081839738846,yaman.lolia@example.org,Makassar,2025-06-22,131181.56,
2862,Nawati Kayan,+6289552370535,nawati.kayan@post.example.net,Mataram,2023-06-11,"18.286,22",
2863,Suman Tawan,081344867595,suman.tawan@example.net,Mataram,2026-05-26,202180.54,
2864,Wiman Yalia,082136186524,wiman.yalia@example.com,Mataram,2023-03-15,32303.29,
2865,Windra Tarah,081865500620,windra.tarah@example.net,Bandung,2023-09-01,133691.89,
2866,Yanto Bundra,081875369047,yanto.bundra@example.org,Mataram,2024-10-28,75360.58,
2867,Yandra Buwan,081240110837,"yandra.buwan@post.example.net ",Padang,2025-04-10,141611.01,
2868,Nayan Fagus,081710126552,nayan.fagus@example.org,Mataram,2023-06-03,163991.10,
2869,Windra Hawan,085170095402,windra.hawan@example.net,Denpasar,2026-08-11,50647.18,
2870,Anwati Rindra,081321139840,anwati.rindra@example.com,Medan,2025-10-18,175175.02,
2871,Lorah Cinur,081888700647,lorah.cinur@example.org,Mataram,2024-04-17,83260.05,
2872,Halia Musih,081762928959,halia.musih@example.net,Mataram,2023-03-08,160439.22,
2873,Namad Tamad,081193690736,namad.tamad@example.com,Mataram,2024-08-09,55184.55,
2874,Anmad Tawan,0895-6264-0945,anmad.tawan@example.com,Bandung,2024-11-01,93537.21,
2875,Lonto Wisih,081841423343,lonto.wisih@post.example.net,Mataram,2023-08-09,103351.56,
2876,Anrah Anwan,081181009725,anrah.anwan@example.net,Surabaya,2023-12-23,95069.17,
2877,Hawati  Deyan,081854017708,hawati.deyan@example.com,Padang,2024-11-16,224679.86,
2878,Kadi Sundra,082101490600,,Mataram,2025-03-01,40619.67,
2879,Bumad Kayan,089598844486,bumad.kayan@example.com,Mataram,2023-10-03,215798.12,
2880,Rilia Sumad,081799885063,rilia.sumad@mail.example.com,Bandung,2025-04-22,224169.81,
2881,"Losih Yanto ",0812-5492-7318,losih.yanto@EXAMPLE.COM,Mataram,2023-07-21,75276.99,
2882,Kanto Muyan,081154858619,kanto.muyan@mail.example.com,Mataram,2025-07-27,8662.20,
2883,Lowati Innto,+6281899644674,lowati.innto@example.org,Mataram,21/04/2025,184251.85,
2884,Pugus Bunto,081771457485,pugus.bunto@post.example.net,Mataram,2026-04-21,136882.75,
2885,Windra Yandra,085162287215,windra.yandra@post.example.net,Mataram,2024-01-03,223917.59,
2886,Hanto Kanto,081815687093,hanto.kanto@mail.example.com,Mataram,2024-05-19,34452.36,
2887,Nayan Kaman,081798795798,nayan.kaman@example.com,Mataram,06/06/2023,8889,
2888,Putri Denur,081145694206,putri.denur@mail.example.com,Mataram,2026-02-13,247545.17,
2889,Delia Windra,081876720754,delia.windra@mail.example.com,Mataram,2023-07-24,195097.69,
2890,Cindra Yawan,082114096624,cindra.yawan@example.net,Semarang,2026-02-10,219083.69,
2891,Wiwan Dento,081240116989,wiwan.dento@MAIL.EXAMPLE.COM,Mataram,21.07.2026,71131,
2892,Winto Muwan,082101373235,winto.muwan@example.org,Mataram,2025-12-12,167237.86,
2893,Lolia Inwan,081747158276,lolia.inwan@mail.example.com,Surabaya,2023-07-28,171800.54,
2894,Anman Hasih,+6281269333388,anman.hasih@EXAMPLE.NET,Medan,08.10.2024,172416.17,
2895,Tayan Suwan,081704766669,tayan.suwan@mail.example.com,Denpasar,2026-03-03,83843.98,
2896,Nawan Zuman,081237095876,nawan.zuman@example.com,Mataram,2026-08-01,73266.64,
2897,Dewati Yagus,082107790692,dewati.yagus@mail.example.com,Makassar,2025-11-28,176688.49,
2898,Nanto Gimad,081789917446,nanto.gimad@example.org,Mataram,2025-05-27,75113.71,
2899,Anwati Nawati,0812 9425 8882,"anwati.nawati@example.org ",Mataram,11.10.2025,"210.395,96",
2900,Loyan Anwati,0821-4350-9021,loyan.anwati@mail.example.com,Mataram,2025-10-02,248558.60,
2901,Fandra Inmad,081849991261,fandra.inmad@example.org,Mataram,2023-09-18,81669.68,
2902,Yamad Londra,082176096336,yamad.londra@example.net,Mataram,2023-12-16,187087.50,
2903,Inlia  Kadi,0895 1877 2049,inlia.kadi@example.net,Denpasar,2024-09-05,19251.65,
2904,Zudi Hamad,082131143638,zudi.hamad@post.example.net,Surabaya,2026-06-20,91308.97,
2905,Burah Denur,081379874848,burah.denur@post.example.net,Mataram,2025-04-20,33029.47,
2906,Rirah Kalia,082148571775,rirah.kalia@example.org,Semarang,2025-06-27,81364.64,
2907,Cindra Juwan,081168564946,cindra.juwan@example.org,Medan,02.12.2024,107040,
2908,Gitri Sutri,081103070031,gitri.sutri@example.net,Mataram,2025-08-23,168064.31,
2909,Lorah Sumad,085124670753,lorah.sumad@mail.example.com,Mataram,2024-06-28,215749.40,
2910,Lowati  Ingus,082115153150,"lowati.ingus@mail.example.com ",Bandung,21.06.2026,214798.63,
2911,Haman Anrah,081142516227,haman.anrah@mail.example.com,Semarang,04/08/2025,189474.48,
2912,Widi Denad,089556157290,widi.denad@mail.example.com,Surabaya,2023-04-22,198806.88,
2913,Sumad Sunur,081271683643,sumad.sunur@mail.example.com,Mataram,2025-09-07,188462.11,
2914,Dento Ginto,081110618898,dento.ginto@post.example.net,Mataram,2025-12-17,126455.68,
2915,Anlia Kaman,089584970650,anlia.kaman@post.example.net,Mataram,2023-01-02,202905.27,"duplicate of earlier signup, verify"
2916,Tawan Zumad,085109090025,tawan.zumad@example.net,Mataram,2025-06-23,68339.53,
2917,Ginto Bunto,081852152082,ginto.bunto@POST.EXAMPLE.NET,Mataram,17.05.2026,49164.62,
2918,Yanto Taman,081358714109,yanto.taman@example.net,Surabaya,2025-04-14,41908.73,
2919,Rindra Zunto,081804001948,rindra.zunto@example.org,Bandung,2023-08-07,65915.77,
2920,Hanto Kandra,081167935754,hanto.kandra@post.example.net,Bandung,2024-02-06,248473.65,
2921,Zuwati Muwan,081315242548,zuwati.muwan@example.org,Surabaya,2026-06-19,24938.12,
2922,Yanto Giyan,081712179389,yanto.giyan@post.example.net,Bandung,2026-07-16,29137.52,
2923,Dewati Wiwati,085169152266,dewati.wiwati@example.net,Mataram,2024-05-27,51640.42,
2924,Sutri Junur,081269357955,sutri.junur@example.org,Mataram,2023-11-20,69372.22,
2925,Pusih Wirah,081209037068,pusih.wirah@mail.example.com,Surabaya,2024-11-02,163237.84,
2926,Nanto Nayan,081759576884,nanto.nayan@example.org,Mataram,2026-01-06,202604.21,
2927,Kalia Ciwan,081759435106,kalia.ciwan@post.example.net,Surabaya,2025-10-08,237992.11,
2928,Hayan Haman,081701535121,hayan.haman@example.com,Bandung,2023-07-08,105973.55,
2929,Buwan Purah,081154654077,buwan.purah@post.example.net,Mataram,2023-05-18,62571.91,
2930,Fanur Sulia,085192484123,fanur.sulia@post.example.net,Mataram,2024-04-23,74213.24,
2931,Fatri Widi,+6289548688578,,Mataram,2025-11-22,44137.58,
2932,Suman Yasih,089556687764,suman.yasih@mail.example.com,Makassar,2026-01-16,167450.03,
2933,Nadi  Winur,085129053091,nadi.winur@post.example.net,Mataram,24/06/2024,200671.72,
2934,Wiyan Suwati,081146862204,wiyan.suwati@example.org,Mataram,2024-02-21,164642.01,
2935,Tanto Suyan,081888013012,tanto.suyan@post.example.net,Mataram,2026-07-11,72193.00,
2936,Zuwan Puwati,085160263571,zuwan.puwati@example.com,Mataram,2024-06-18,95607.38,
2937,Rindra Fanto,+6281804607627,,Surabaya,2023-07-23,222336.55,
2938,Andi Naman,081868642945,andi.naman@mail.example.com,Bandung,2023-08-23,58412.97,
2939,Zuwati Degus,081873602506,zuwati.degus@example.org,Mataram,2026-04-04,235907.22,
2940,Tandra Buwan,085115994397,tandra.buwan@post.example.net,Mataram,2023-12-22,89529.33,
2941,Anwan Kawan,081876855743,anwan.kawan@example.net,Denpasar,2023-02-23,214210.57,
2942,Puman Rimad,081148726281,puman.rimad@mail.example.com,Surabaya,2025-04-16,146776.31,
2943,Antri Ridi,081839153419,antri.ridi@example.net,Mataram,2023-12-06,146249.98,
2944,Mulia Nadi,081124734666,mulia.nadi@example.org,Bandung,2023-11-28,77114.09,
2945,Purah Innur,081334844095,purah.innur@post.example.net,Bandung,2025-07-23,211645.43,
2946," Kawati Sudi",+6281110998183,kawati.sudi@post.example.net,Mataram,2025-07-28,214348,
2947,Ritri Delia,+6281340284387,ritri.delia@example.com,Mataram,2024-03-08,"14.795,51",
2948,"Juman Winto ",081285182527,juman.winto@example.com,Mataram,19.11.2024,231858.95,
2949,Giwati Butri,081879024785,giwati.butri@example.org,Mataram,2024-08-02,88041.71,
2950,Buwan Anman,085134224942,buwan.anman@example.org,Mataram,2024-05-09,"144.606,90",
2951," Cidi Tanto",0851 5589 0156,cidi.tanto@example.net,Bandung,22/08/2023,13203.19,
2952,Juman Rimad,085156029155,juman.rimad@post.example.net,Bandung,2026-08-10,10351.59,
2953,Rigus Ansih,085116519371,rigus.ansih@example.com,Mataram,2025-07-02,101987.85,
2954,Lowati Fasih,089523752985,lowati.fasih@post.example.net,Mataram,2025-08-01,150516.79,
2955,Cirah Riwan,0821-0408-4603,cirah.riwan@MAIL.EXAMPLE.COM,Bandung,2024-01-05,"714,22",
2956,Lotri Kasih,081154715278,lotri.kasih@example.org,Bandung,2023-03-12,8884.85,
2957,Fandra Annur,089585834539,"fandra.annur@example.com ",Surabaya,15/06/2024,170816,
2958," Zudi Riwati",0813-0169-7997,zudi.riwati@post.example.net,Semarang,15/02/2024,"50.614,99",
2959,Pulia Farah,081806721268,pulia.farah@example.net,Mataram,2023-05-03,159685.12,
2960,Susih Anman,081834930954,susih.anman@post.example.net,Mataram,2026-04-26,212072.50,
2961,Inwati Losih,085186067257,inwati.losih@post.example.net,Bandung,2024-12-23,247145.38,
2962,Tasih Juyan,081370381974,tasih.juyan@example.org,Surabaya,2023-03-02,192077.98,
2963,Kalia Anwan,0818-6668-6661,"kalia.anwan@example.com ",Surabaya,05.05.2024,49101.47,
2964,Bulia Wiman,081275839368,bulia.wiman@example.org,Mataram,16/06/2025,56221.82,
2965,Puyan Ritri,0851 6829 2047,puyan.ritri@example.com,Surabaya,21.07.2023,233462.33,
2966,Innto Gindra,081895507420,innto.gindra@post.example.net,Mataram,2023-12-22,84952.13,
2967,Zudi Jusih,081192119224,zudi.jusih@example.org,Bandung,2025-03-28,223302.10,
2968,Nanto Zuyan,0818-2752-5524,,Makassar,03/04/2026,218271.41,
2969,Kandra Muyan,081869888703,kandra.muyan@EXAMPLE.ORG,Mataram,2025-06-04,"219.923,06",
2970,Deman Kasih,082135402275,deman.kasih@example.com,Mataram,2026-02-22,123944.90,
2971,Sunur Gigus,081237539335,sunur.gigus@post.example.net,Mataram,2023-12-05,125046.29,follow up next week
2972,Buyan Cinto,089522348225,buyan.cinto@example.org,Medan,2023-02-01,121041.89,
2973,Annto Muwati,082152351343,annto.muwati@post.example.net,Mataram,2024-12-22,107399.28,
2974,Nawan Muwan,081278599369,nawan.muwan@example.com,Mataram,2023-10-11,81986.75,
2975,Winto Taman,081114665857,winto.taman@post.example.net,Bandung,2023-02-28,238154.53,
2976,Tayan Cindra,085109879937,tayan.cindra@example.com,Mataram,2024-04-03,138558.13,
2977,Cinur Munto,081371876525,cinur.munto@example.net,Mataram,2025-06-06,9773.72,
2978,Inwan Juyan,081734870632,inwan.juyan@example.org,Mataram,2026-07-05,204259.64,
2979,Lonur Sulia,081293995381,lonur.sulia@post.example.net,Mataram,2024-07-25,52247.30,no answer on the number given
2980,Punur Inndra,089566051792,punur.inndra@example.org,Bandung,2023-10-16,98667.23,
2981,Fanur Cidi,081703184529,fanur.cidi@mail.example.com,Mataram,2026-03-12,50904.92,
2982,Puman Yanto,081140657217,puman.yanto@example.com,Mataram,2023-04-14,195377.95,
2983,Yaman Nawan,081806046402,yaman.nawan@mail.example.com,Mataram,2023-04-05,53181.08,
2984,Detri Gindra,089583902828,detri.gindra@example.org,Surabaya,2025-10-24,248676.33,
2985,Fasih Ginur,089514646427,fasih.ginur@mail.example.com,Semarang,20.07.2024,116556.33,
2986,Dedi Zugus,081867113650,dedi.zugus@post.example.net,Mataram,2023-10-01,246749.43,
2987,Suwati Junto,081370722668,suwati.junto@post.example.net,Medan,2023-04-09,189341.73,
2988,Tadi Fayan,082135036371,tadi.fayan@mail.example.com,Mataram,2026-05-15,54212.64,
2989,Ritri Cirah,081758041065,ritri.cirah@example.net,Mataram,2026-03-18,222840.27,
2990,Ciwan Fatri,081855465038,ciwan.fatri@post.example.net,Mataram,2025-01-09,96011.53,
2991,Ridi Zunur,082121773844,ridi.zunur@example.org,Mataram,2023-01-27,17366.91,
2992,Sudi Dendra,081233067357,sudi.dendra@post.example.net,Makassar,2026-02-22,173933.45,
2993,Famad  Hanto,085126355043,,Makassar,2023-01-07,217677.40,
2994,Hagus  Taman,0818-0487-8470,hagus.taman@post.example.net,Mataram,25.06.2025,"41.699,25",
2995,Puwan Nagus,081829571421,puwan.nagus@post.example.net,Surabaya,2023-04-06,210033.58,
2996,Fagus Giwati,081151530639,fagus.giwati@example.com,Mataram,2025-05-16,175083.71,
2997,Lolia Lodi,089574310192,lolia.lodi@post.example.net,Padang,2026-07-21,247869.04,
2998,Wimad Puwan,081276279197,wimad.puwan@example.com,Mataram,2025-12-28,87208.33,"VIP, do not discount"
2999,Inndra Bunto,0812-6841-1730,,Bandung,06.05.2024,189265.36,
3000,Riman Lomad,081224892892,riman.lomad@example.net,Mataram,2026-02-17,112553.47,
3001,Bugus Hamad,081370538893,bugus.hamad@example.org,Bandung,2024-08-22,57584.79,
3002,"Jusih Rinur ",0813 5015 0276,jusih.rinur@post.example.net,Mataram,08/07/2024,228830.65,
3003,Pugus Punto,081146731594,"pugus.punto@example.com ",Makassar,2023-01-24,53122.20,
3004,Talia Zuyan,+6281194521235,"talia.zuyan@example.com ",Mataram,2024-11-07,94513,
3005,Nayan Harah,081169118912,nayan.harah@example.net,Bandung,2023-09-05,135033.85,
3006,Suwati Riwan,081182082846,suwati.riwan@example.com,Mataram,2024-02-15,96191.14,
3007,Mumad Losih,089552808689,mumad.losih@example.net,Mataram,2026-08-05,33145.54,
3008,Junto Juyan,0818 5606 8254,junto.juyan@example.org,Bandung,15/01/2024,178484.91,
3009,Zuyan Tawan,081209188020,zuyan.tawan@mail.example.com,Mataram,2026-07-20,218452.81,
3010,Farah Yanur,0811-2434-3163,farah.yanur@post.example.net,Makassar,2026-03-06,109816.20,
3011,Anndra Zusih,089554017534,anndra.zusih@example.com,Mataram,2026-05-24,89262.49,
3012," Jutri Suyan",081238016363,jutri.suyan@example.net,Denpasar,2026-07-18,"149.960,45","paid by transfer, receipt pending"
3013,Inwati Insih,081374789494,inwati.insih@example.net,Semarang,2025-02-21,89158.19,
3014,Yaman Innur,081147230780,yaman.innur@mail.example.com,Mataram,2023-07-05,46719.10,
3015,Zurah Muyan,082177981167,zurah.muyan@example.org,Mataram,2026-02-11,172748.47,
3016,Lotri Fandra,081833585640,lotri.fandra@post.example.net,Denpasar,2025-09-01,51518.89,
3017,Nawan Yawati,085121776389,nawan.yawati@example.com,Medan,2023-07-11,67361.95,
3018,Lonur Zusih,081384732353,lonur.zusih@example.com,Mataram,2024-09-13,237883.39,
3019,Rindra Anndra,089580728594,rindra.anndra@example.com,Medan,2026-04-03,118647.17,
3020,Junto Hesih,082102271674,junto.hesih@post.example.net,Bandung,2026-08-19,95715.68,
3021,Muwan Gisih,081334961646,muwan.gisih@mail.example.com,Bandung,2024-08-21,195184.71,
3022,Putri Julia,0811 9228 1364,putri.julia@mail.example.com,Mataram,2024-05-06,"171.142,06",
3023,Nagus Sunto,081335010875,nagus.sunto@example.com,Mataram,2024-10-26,41772.08,
3024,Kayan Witri,081228548010,kayan.witri@example.org,Medan,2026-01-24,23594.26,
3025,Buwan Cinur,081239821980,buwan.cinur@example.com,Mataram,2023-04-13,47393.96,"paid by transfer, receipt pending"
3026,Farah Tagus,089519544990,farah.tagus@post.example.net,Mataram,2024-12-06,156380.74,
3027,Inmad Anrah,081236091803,inmad.anrah@mail.example.com,Bandung,2026-04-21,7039.47,
3028,Innur Halia,081891183130,innur.halia@example.net,Bandung,2024-06-04,159121.30,
3029,Hawan Rinur,081730431337,hawan.rinur@example.net,Mataram,2026-08-02,31133.94,
3030,Anyan Ciwan,081311068384,anyan.ciwan@example.org,Bandung,2025-07-10,160144.60,
3031,Tagus Ridi,0818-7721-6536,tagus.ridi@example.org,Mataram,2024-10-21,"120.931,75",
3032,Butri Tawati,081131255532,butri.tawati@post.example.net,Mataram,2024-07-04,3207.14,
3033,Pusih Degus,081388577885,pusih.degus@example.com,Bandung,2025-07-12,56472.24,
3034,Ciwati Tamad,081708010791,ciwati.tamad@mail.example.com,Mataram,2023-12-26,44315.19,
3035," Sudi Sunur",0817 4246 6060,sudi.sunur@mail.example.com,Bandung,2024-09-21,29565.53,
3036," Anman Suyan",+6281751377929,anman.suyan@example.com,Surabaya,15/01/2023,"117.153,14",
3037,Pumad  Annto,081851945128,pumad.annto@example.com,Mataram,02.01.2025,167196.32,"said ""call after 5pm"""
3038,Bundra Zugus,081157799643,bundra.zugus@example.net,Mataram,2025-04-28,204964.69,
3039," Fanur Innto",+6281175182399,fanur.innto@example.com,Bandung,2025-04-24,209237.55,
3040,Giwati Dento,081872381107,giwati.dento@example.org,Mataram,2024-07-18,184085.63,
3041,Munto Rinto,081369289721,munto.rinto@example.org,Mataram,2026-03-07,154324.39,
3042,Butri Suwan,081275321057,butri.suwan@example.com,Denpasar,2026-02-13,19885.61,
3043,Pumad Kadi,081205796654,pumad.kadi@example.com,Surabaya,2026-07-09,220804.02,
3044,Angus Namad,+6289560344738,angus.namad@post.example.net,Mataram,2023-11-28,68492.90,
3045,"Bugus Bugus ",081391928606,bugus.bugus@example.org,Surabaya,2026-01-21,220162.40,
3046,Risih Hanto,081213740159,risih.hanto@mail.example.com,Mataram,2025-11-19,249375.88,
3047,Rindra Juman,089510084791,rindra.juman@example.net,Surabaya,2023-03-14,227000,
3048,Munto Dento,0818 9600 0095,munto.dento@post.example.net,Mataram,2026-08-28,"146.936,20","moved cities, update on renewal"
3049,Nawan Inman,081753035698,nawan.inman@post.example.net,Bandung,2024-11-28,59563.89,
3050,Kaman Hanto,085183872094,kaman.hanto@example.net,Makassar,2026-08-02,80946.28,
3051,Munur Innto,085175149666,munur.innto@example.org,Mataram,2025-03-06,184512.55,
3052,Fanto Handra,+6281837100362,fanto.handra@mail.example.com,Makassar,2026-03-23,115743.02,
3053,Cidi Riman,081112204286,cidi.riman@example.org,Mataram,2024-10-19,116263.74,
3054,Tasih Bunto,081267477452,tasih.bunto@example.com,Mataram,2024-08-28,170403.20,
3055,Judi Denur,081390460755,judi.denur@example.com,Mataram,2024-10-03,200177.26,
3056,Fawati Giman,085190659196,fawati.giman@mail.example.com,Mataram,2023-10-20,132050.44,
3057,"Puwan Anrah ",081826434967,puwan.anrah@post.example.net,Semarang,19/07/2023,134310,
3058,Londra Yalia,081290726243,londra.yalia@post.example.net,Mataram,2023-08-04,216780.87,
3059,Gidi Punto,081853913494,gidi.punto@mail.example.com,Makassar,2025-06-22,236537.11,
3060,Lodi Londra,081322785323,lodi.londra@example.com,Semarang,2023-03-15,117024.06,no answer on the number given
3061,Yalia Yalia,081168073457,yalia.yalia@post.example.net,Mataram,2025-09-22,63051.69,"said ""call after 5pm"""
3062,Pundra Zurah,081279694041,pundra.zurah@post.example.net,Medan,2025-05-22,135451.22,
3063,"Haman Wirah ",+6282131079574,haman.wirah@post.example.net,Surabaya,2024-07-12,79832,
3064,Gidi  Budi,081327465460,gidi.budi@post.example.net,Mataram,20/05/2024,175781.38,
3065,Tasih Lodi,081800892828,tasih.lodi@EXAMPLE.ORG,Mataram,2026-01-13,55061.89,
3066,Tawati Pugus,0818 0272 3810,,Mataram,2023-05-23,111079.32,
3067,Harah Inwan,+6281811333146,harah.inwan@post.example.net,Mataram,2025-04-18,227226.34,
3068,Munto Juyan,081839433887,munto.juyan@example.com,Mataram,2023-01-08,24258.30,
3069,Judi Riyan,089513878520,judi.riyan@example.org,Surabaya,2024-03-27,200118.49,
3070,Jugus Nanto,081312313618,jugus.nanto@mail.example.com,Mataram,2025-11-07,39867.14,
3071,Dento Namad,082114712371,dento.namad@example.org,Mataram,2026-04-07,156687.00,
3072,Anlia Delia,081266924992,anlia.delia@example.com,Mataram,2024-08-02,54728.01,
3073,Tagus Dewati,+6281138723590,tagus.dewati@mail.example.com,Mataram,15.04.2026,207961.58,
3074," Giman Dendra",+6281744295271,giman.dendra@example.net,Semarang,06/05/2025,"9.911,00",
3075,Juyan Risih,081840562039,juyan.risih@example.com,Surabaya,2026-02-20,177256.61,
3076,Muwan Katri,081877318724,muwan.katri@post.example.net,Mataram,2026-07-03,44242.78,
3077,Suman Annto,081884375878,suman.annto@post.example.net,Mataram,2026-08-09,222935.61,"moved cities, update on renewal"
3078,Tayan Ansih,089547910478,tayan.ansih@example.net,Makassar,2024-12-22,125344.14,
3079,Hanto Riman,081196769738,hanto.riman@example.net,Mataram,09/05/2026,125476.03,
3080,Andi Ginto,082124412533,andi.ginto@mail.example.com,Mataram,2025-09-13,223050.75,
3081,Rinur Anndra,082142077800,rinur.anndra@example.com,Mataram,16.05.2024,183898.49,
3082,Zutri Fanto,0851 9287 8343,zutri.fanto@post.example.net,Mataram,2026-06-10,59705.64,
3083,Hadi Ginto,081223931473,hadi.ginto@example.com,Surabaya,2024-01-13,17637.68,
3084,Hasih Wiman,081841426063,hasih.wiman@example.com,Makassar,2024-03-20,160622.80,
3085,Kawan Sutri,081727965520,kawan.sutri@example.com,Bandung,2024-01-10,31831.27,
3086,Zurah Sutri,081836415100,zurah.sutri@post.example.net,Mataram,2026-04-11,207274.09,
3087,Innur Fento,081184546985,innur.fento@mail.example.com,Mataram,2026-01-15,236127.42,
3088,Buwan Hanto,+6282178245707,buwan.hanto@MAIL.EXAMPLE.COM,Surabaya,19/01/2025,130802.55,
3089,Inmad Risih,082120977929,inmad.risih@example.net,Bandung,05/12/2025,207236.26,
3090,"Zusih Gimad ",0817 9187 4383,,Bandung,2026-04-19,"92.453,55",
3091,Busih Kalia,089588605016,busih.kalia@post.example.net,Bandung,2023-02-25,192406.49,
3092,Puwan Putri,081168482670,puwan.putri@example.com,Mataram,2024-05-21,214043.59,
3093,Jusih Jundra,081723289341,,Bandung,2026-06-18,227953.55,no answer on the number given
3094,Dewan Rirah,081799237999,dewan.rirah@example.com,Mataram,2025-06-25,5222.06,
3095,Deyan Jutri,089583469343,deyan.jutri@example.org,Mataram,2026-07-04,162780.66,
3096,Fadi Kandra,081718091680,fadi.kandra@post.example.net,Mataram,2023-01-16,109262.97,
3097,Innur Dedi,085183765698,innur.dedi@mail.example.com,Mataram,2024-10-02,91929.33,
3098,Kanto Jugus,082105311875,kanto.jugus@example.com,Mataram,2023-06-19,31087.70,
3099,Kawati Innur,082167497079,kawati.innur@example.com,Bandung,2026-05-12,187366.20,
3100,Murah Buwati,081894909166,murah.buwati@example.org,Bandung,2024-03-22,110583.01,
3101,Inwati Hanto,089562028946,inwati.hanto@example.net,Padang,2026-03-26,108240.37,
3102,Kanto Losih,082155802772,kanto.losih@post.example.net,Mataram,2024-10-09,34736.02,
3103,Putri Sundra,085118183555,putri.sundra@example.com,Bandung,2025-09-08,14296.54,
3104,Yanto Jumad,085153691664,yanto.jumad@mail.example.com,Mataram,2025-05-03,23598.17,
3105,Mugus Punto,081282686126,mugus.punto@example.net,Mataram,2025-01-28,72252.24,
3106,Ciwati Anyan,089563632744,ciwati.anyan@example.org,Surabaya,2025-06-12,31993.27,
3107,Fanto Nawan,081246279232,fanto.nawan@example.org,Mataram,2026-05-23,227784.21,
3108,Cindra Talia,+6282129583408,cindra.talia@EXAMPLE.NET,Surabaya,2023-12-01,102817.43,
3109,Fawan Tamad,089570627329,fawan.tamad@mail.example.com,Medan,2024-11-05,8952.21,
3110,Hawati Inman,081325506606,hawati.inman@example.com,Surabaya,2026-03-22,194477.42,
3111,Zuman Anmad,085106252250,zuman.anmad@mail.example.com,Mataram,2026-02-20,56187.86,
3112,Hasih Halia,081852656926,hasih.halia@post.example.net,Denpasar,2023-01-17,210307.63,
3113,Muyan Pugus,081121096502,muyan.pugus@example.org,Mataram,2025-08-10,38551.05,
3114," Dento Innur",0851 5718 7431,dento.innur@post.example.net,Mataram,23.08.2023,122538,
3115,Juman Wimad,089561420354,juman.wimad@example.com,Denpasar,2024-07-12,237296.79,
3116,Farah Jugus,081286452289,farah.jugus@example.org,Mataram,2026-06-10,160423.27,
3117,Ciwan Juman,085145079013,ciwan.juman@example.org,Mataram,2026-02-11,155800.02,
3118,Annto Fanto,089583161040,annto.fanto@example.com,Semarang,2025-06-20,11886.24,
3119," Muyan Hagus",0811 6448 2963,muyan.hagus@post.example.net,Mataram,25.07.2023,139615,
3120,Muwan Anrah,082150667823,muwan.anrah@example.net,Medan,2023-08-27,"157.480,21",
3121,Lowan Pumad,081369338355,lowan.pumad@post.example.net,Denpasar,2023-07-17,56149.08,
3122,Kamad Musih,081721316080,kamad.musih@mail.example.com,Mataram,2026-08-26,140034.97,
3123,Yanur Lowan,081306436203,yanur.lowan@mail.example.com,Bandung,2025-10-03,96468.14,
3124,Rirah Susih,081876704144,rirah.susih@example.net,Surabaya,2026-03-23,177702.51,
3125,Hawan Ciyan,081210601175,hawan.ciyan@example.org,Bandung,2026-01-06,"155.701,23",
3126,Jumad Rindra,081701092311,jumad.rindra@example.org,Mataram,2024-01-25,166296.83,
3127,Yayan Mulia,085199734712,yayan.mulia@example.net,Mataram,2024-07-23,101254.69,
3128,Innto Hamad,081842863777,innto.hamad@example.org,Mataram,2024-12-06,31173.06,
3129,Yagus Buwan,081713405599,yagus.buwan@example.com,Denpasar,2026-02-24,91096.58,
3130,Inmad Suyan,081308785194,inmad.suyan@example.com,Mataram,2024-01-13,125206.18,
3131,Tagus Bumad,081831233215,tagus.bumad@example.com,Mataram,2023-11-10,199865.09,
3132,Yalia Ynnur,081771234029,yalia.ynnur@post.example.net,Surabaya,2024-03-19,51543.19,
3133,Dendra Yanto,082144845509,dendra.yanto@mail.example.com,Surabaya,2025-03-26,98368.26,
3134,Yalia Gitri,081824344248,yalia.gitri@example.com,Surabaya,2026-03-24,206938.86,
3135,Nayan Riyan,089590251661,nayan.riyan@post.example.net,Bandung,2026-02-17,218064.89,
3136,Zulia Lorah,081854691194,zulia.lorah@example.org,Mataram,2025-05-08,47973.05,
3137,Judi Nawan,085117619132,judi.nawan@example.com,Mataram,2026-01-23,243830.79,
3138,Rimad Munto,085134442595,rimad.munto@example.org,Mataram,2024-11-08,185163.37,
3139,Rimad Sugus,085115619478,,Surabaya,2023-07-26,15712.14,
3140,Tagus Loman,081768779223,tagus.loman@mail.example.com,Mataram,2023-10-15,43247.63,
3141,Losih Falia,081782609806,losih.falia@example.net,Bandung,2025-04-21,61700.21,
3142,Tanur Lolia,085137649165,tanur.lolia@mail.example.com,Mataram,2026-06-22,63915.41,
3143,Nasih Tatri,081288640272,nasih.tatri@example.com,Mataram,2024-05-07,220390.98,
3144,Inrah Nasih,081855597285,inrah.nasih@example.net,Bandung,2025-10-27,58540.58,
3145,Tayan Suman,081201959852,tayan.suman@mail.example.com,Denpasar,2025-03-06,102014.94,
3146,Widi Girah,081770789555,widi.girah@example.net,Mataram,2024-03-17,130587.25,
3147,Kanur Zunto,081103265768,kanur.zunto@example.net,Medan,2024-08-19,32900.33,
3148,Riwan Buwan,081814586398,riwan.buwan@example.org,Mataram,2024-02-06,37425.19,"prefers WhatsApp, not email"
3149,Budi Intri,081270749852,budi.intri@post.example.net,Surabaya,2024-07-19,241594.41,
3150,Fanur Deyan,082132809392,fanur.deyan@example.com,Padang,2023-06-19,151193,
3151,Gidi Dendra,081346441216,gidi.dendra@example.org,Mataram,2024-10-06,193457.24,
3152,Yawan Angus,081265301055,yawan.angus@example.org,Mataram,2024-08-23,202300.67,
3153,Cigus Zunto,081895843724,cigus.zunto@example.org,Mataram,2025-08-04,147528.42,
3154,Rinto Kalia,081278024864,rinto.kalia@mail.example.com,Mataram,11.12.2023,102337.51,
3155,Intri Zurah,081356282717,intri.zurah@mail.example.com,Mataram,2023-11-13,116712.43,
3156,Winur Dewan,082184466829,winur.dewan@post.example.net,Mataram,2025-05-10,17191.34,
3157,Muwan Anlia,081251521637,muwan.anlia@post.example.net,Mataram,2026-05-02,214277.84,
3158,Dewan Rintra,081799407926,dewan.rintra@example.net,Mataram,2026-01-11,202481.51,
3159,Hatri Natri,085142193809,hatri.natri@mail.example.com,Mataram,2026-04-04,143856.28,
3160,Punto Zugus,082128476557,punto.zugus@example.org,Mataram,2025-10-08,249766.67,
3161,Famad Hadi,081112998602,famad.hadi@example.net,Mataram,22/12/2024,212560.45,"wants invoice marked ""urgent"""
3162,Anman Lodi,089570330194,anman.lodi@example.net,Bandung,2025-02-22,247581.63,
3163,Hadi Cigus,081214749520,,Bandung,2024-08-05,8530.89,
3164,Muwati Jugus,081201497043,muwati.jugus@example.org,Denpasar,2024-03-20,176695.36,
3165,Fandra Yanto,081850226225,fandra.yanto@example.com,Mataram,2024-03-16,205412.40,
3166,Suwan Zumad,081219365237,suwan.zumad@mail.example.com,Bandung,2024-07-25,12152.70,
3167,Ingus Suyan,0818 1142 7528,ingus.suyan@example.net,Mataram,13.02.2023,114925.25,
3168,Winto Kadi,085103554080,winto.kadi@example.org,Mataram,2023-12-04,248508.58,
3169,Loman Judi,081701337247,loman.judi@mail.example.com,Mataram,20.03.2025,189129.63,
3170,Jutri Wilia,081255856062,jutri.wilia@example.com,Mataram,2024-12-01,207831.40,
3171,Tandra Lorah,081292666860,tandra.lorah@example.com,Mataram,2023-12-03,112691.61,
3172,Anyan Hadi,081832934887,anyan.hadi@mail.example.com,Mataram,2026-03-24,58075.65,follow up next week
3173,Tatri Deyan,085144952080,tatri.deyan@example.net,Medan,2024-10-28,206421.58,
3174,Gisih Purah,082191062617,,Mataram,2026-05-26,196254.80,
3175,Jutri Juyan,081889284521,jutri.juyan@mail.example.com,Mataram,2024-04-12,195551.41,
3176,Yawan Puwan,081825443908,yawan.puwan@example.net,Surabaya,2024-02-13,114505.74,
3177,Farah Yagus,081850149472,farah.yagus@mail.example.com,Mataram,2023-11-28,134795.25,
3178,Suyan Giyan,085147193669,suyan.giyan@mail.example.com,Bandung,2025-05-21,178252.97,
3179,Inrah Junur,082137801218,inrah.junur@example.org,Medan,2026-04-21,243410.39,
3180,Ginto Susih,081242593791,ginto.susih@example.com,Padang,2025-12-26,149546.63,
3181,Judi Gisih,082101839347,judi.gisih@example.com,Mataram,2024-04-24,129563.65,
3182,Rigus Yaman,0813 6770 7221,rigus.yaman@example.org,Mataram,2023-09-21,218511.89,
3183,Junur Inrah,081811384186,junur.inrah@example.net,Mataram,2026-08-03,107177.26,
3184,"Suyan Ciyan ",+6281184898708,suyan.ciyan@mail.example.com,Mataram,2023-12-09,16044.09,
3185,Ingus Mundra,081288880744,ingus.mundra@example.org,Mataram,2023-11-01,71164.35,
3186,Fatri Lonto,081268203039,fatri.lonto@example.com,Mataram,2023-05-15,215761.54,
3187,Mundra Jundra,081167659784,,Mataram,2026-04-03,50218.52,
3188,Wigus Punto,082177656321,wigus.punto@example.net,Mataram,2023-02-19,201708.65,
3189,Nawati Rinur,081292750975,nawati.rinur@example.org,Bandung,2026-06-26,9553.17,
3190,Zurah Susih,0817-1261-1738,zurah.susih@post.example.net,Medan,2026-04-05,191988,
3191,Wiwan Kanur,081315759680,wiwan.kanur@example.com,Makassar,2026-05-16,122843.04,
3192,Rinto Fasih,081258769708,rinto.fasih@example.org,Mataram,2024-07-16,36152.75,
3193,Sundra Hayan,081718894272,sundra.hayan@example.com,Mataram,2025-05-08,95510.90,
3194,Suwan Butri,082136037003,suwan.butri@example.org,Medan,2026-04-11,248502.94,
3195,Tanto Inwan,082133344220,tanto.inwan@example.net,Surabaya,2025-12-28,21533.13,
3196,Cindra Anrah,081394810738,cindra.anrah@example.org,Bandung,2026-05-10,225914.15,
3197,Ginto Fawan,081201697160,ginto.fawan@example.org,Mataram,2023-12-27,79515.06,
3198,Jusih Annto,081214760740,jusih.annto@example.com,Mataram,2026-07-10,59754.79,
3199,Jutri Punur,081159139132,jutri.punur@example.com,Bandung,2025-09-20,117469.68,
3200,"Buman Suman ",081385529997,buman.suman@POST.EXAMPLE.NET,Padang,2024-11-12,162601.17,
3201,Jugus Karah,085126439711,jugus.karah@mail.example.com,Mataram,2023-02-03,35251.98,
3202,Hawati Kawati,089546205580,hawati.kawati@example.com,Mataram,16.11.2025,"119.345,22",
3203,Busih Yawan,081230055863,busih.yawan@example.org,Mataram,2026-05-18,242800.65,
3204,Tadi Lolia,085154055413,tadi.lolia@example.net,Surabaya,2025-02-10,26483.06,
3205,Fagus Butri,081700763764,fagus.butri@post.example.net,Denpasar,2026-08-27,"183.693,73","moved cities, update on renewal"
3206,Fandra Ciwati,081382939286,fandra.ciwati@example.net,Mataram,2026-01-07,135334.81,
3207,Juwan Kadi,089505011765,juwan.kadi@example.com,Denpasar,2023-12-16,123300.81,
3208,Jusih Lowan,081225768727,jusih.lowan@mail.example.com,Mataram,2025-08-06,229311,
3209,Hamad Gitri,085142466951,hamad.gitri@post.example.net,Mataram,2024-04-09,180426.61,
3210,Fanto Delia,081759441738,fanto.delia@mail.example.com,Mataram,2024-01-19,59262.63,
3211,Winur Yawati,082105460760,winur.yawati@example.com,Mataram,17.03.2025,135681.27,
3212,Pugus Fatri,081283028422,pugus.fatri@example.com,Mataram,2026-07-25,57211.67,
3213,Fagus Tamad,081131811617,fagus.tamad@mail.example.com,Mataram,2023-11-05,116797.46,
3214,Rilia Anwan,081779542209,rilia.anwan@example.org,Mataram,2023-09-09,197170.26,
3215,Yasih Puwan,082113700377,yasih.puwan@example.com,Surabaya,2024-06-25,153300.94,
3216,Anman Bunto,081326171998,anman.bunto@example.net,Bandung,2023-08-14,180129.64,
3217,Nanto Rinto,081382234507,nanto.rinto@example.net,Surabaya,2024-07-26,90761.52,
3218,Sunto Ciwan,085168918747,sunto.ciwan@mail.example.com,Mataram,2023-12-14,55756.56,
3219,Giwati Ridi,082176727817,giwati.ridi@mail.example.com,Mataram,2026-01-07,166952.67,
3220,"Zudi Pulia ",0821 2399 6309,zudi.pulia@example.com,Surabaya,16.06.2026,244824,
3221,Munto Pundra,081749744263,munto.pundra@mail.example.com,Denpasar,2026-04-06,249810.71,
3222,Kamad Cisih,081398815176,kamad.cisih@example.net,Bandung,2024-01-15,42784.09,
3223,Jusih Pundra,081751117799,jusih.pundra@example.com,Makassar,22/07/2025,186515.54,"paid by transfer, receipt pending"
3224,Tadi Riwan,+6282126319234,tadi.riwan@example.org,Mataram,2023-10-28,221244.11,
3225,Anyan Mugus,081187123703,anyan.mugus@example.org,Mataram,10.11.2024,56308.65,
3226,Zumad Sutri,081775149645,zumad.sutri@example.com,Medan,2025-11-07,150773.09,
3227,Inwan Hanur,089596292679,inwan.hanur@example.org,Mataram,2023-05-12,5014.75,
3228,Lotri Wirah,082194242668,lotri.wirah@example.org,Mataram,2024-07-10,89065.36,
3229,Kalia Anmad,081825768934,kalia.anmad@example.com,Mataram,2025-10-08,66231.88,
3230,Hanto Buwati,081126827091,hanto.buwati@post.example.net,Mataram,2023-01-19,225154.71,
3231,Zudi Annto,+6285120638999,zudi.annto@EXAMPLE.ORG,Mataram,2025-01-19,113025.20,
3232,Puwan Bundra,081224005844,puwan.bundra@post.example.net,Surabaya,2025-02-04,168423.84,
3233,Zunto Tatri,081730683707,zunto.tatri@example.org,Mataram,2024-01-24,62108.67,
3234,Lotri Cidi,082105898548,lotri.cidi@mail.example.com,Semarang,2025-09-20,224156.52,
3235,Intri Suwan,081868933528,intri.suwan@post.example.net,Mataram,2025-07-06,218333.65,
3236,Tamad Kawan,081112266376,tamad.kawan@post.example.net,Mataram,2024-02-04,206317.54,
3237,Yaman Annto,085191684429,yaman.annto@example.net,Medan,2024-10-21,187687.00,
3238,Cinto Anwan,0895-5844-9119,cinto.anwan@example.com,Mataram,21.01.2026,167109.34,
3239,Nagus Muwan,081729374063,nagus.muwan@post.example.net,Surabaya,2026-08-16,177424.17,
3240,"Rinto Annto ",085179937975,rinto.annto@example.net,Medan,23/01/2024,207154.37,
3241,Anman Zudi,081842283150,anman.zudi@example.net,Mataram,2026-07-24,10744.16,
3242,Haman Zulia,081804913040,haman.zulia@example.org,Surabaya,2024-07-19,128569.48,
3243,Hadi Yagus,081387615620,hadi.yagus@post.example.net,Mataram,2024-06-10,249281.31,
3244,Juwan Nalia,082117404043,juwan.nalia@example.org,Mataram,2023-10-25,223234.53,
3245,Ritri Inmad,081799929140,ritri.inmad@example.net,Mataram,2026-06-20,179134.40,
3246,Gidi  Anrah,081271464647,gidi.anrah@example.com,Mataram,03/04/2026,234354.79,
3247,Lomad Anmad,081704719967,lomad.anmad@post.example.net,Mataram,2024-03-02,149004.18,
3248,Inwati Inmad,081877236311,inwati.inmad@example.com,Mataram,2024-10-28,235368.97,
3249,Inwan Inyan,081783252807,inwan.inyan@example.org,Mataram,2023-11-16,135972,
3250,Zuwan Ginto,081701376431,zuwan.ginto@example.net,Mataram,2026-07-05,35862.35,
3251,Nanto Muwan,081107339302,nanto.muwan@post.example.net,Mataram,2025-03-16,145090.69,
3252,Tandra Zuwati,081724772447,tandra.zuwati@post.example.net,Surabaya,2023-05-04,35914.31,
3253,Kalia Pusih,089542435437,kalia.pusih@example.net,Bandung,2026-02-02,65613.06,
3254,Taman Cindra,082125466128,taman.cindra@mail.example.com,Padang,2023-06-04,87763.38,
3255,Yawan Pundra,082109161431,yawan.pundra@mail.example.com,Padang,2023-01-14,88445.86,
3256,Fandra  Gilia,081773666323,fandra.gilia@example.org,Mataram,2023-06-04,92410.68,
3257,"Lolia Hadi ",082130387777,lolia.hadi@example.com,Mataram,19.03.2026,134847.46,
3258,Risih Lolia,081746034235,risih.lolia@post.example.net,Mataram,2023-02-08,157804.50,
3259,Windra Haman,089520041651,windra.haman@example.org,Mataram,2023-06-13,"225.220,63",
3260,Dento Demad,081747766406,dento.demad@example.com,Mataram,2023-09-03,171150.37,follow up next week
3261,Fagus Rilia,0821 6240 0725,fagus.rilia@example.com,Makassar,12.04.2024,"92.552,05",
3262,Gimad Nawati,081229405386,gimad.nawati@example.com,Mataram,2023-03-20,137041.76,
3263,Inwan Sutri,081138860085,inwan.sutri@example.net,Mataram,2023-02-28,3768.24,
3264,Rindra Lowati,081744573598,rindra.lowati@example.net,Mataram,2023-08-15,143102.74,
3265,Natri Mulia,082166314066,natri.mulia@post.example.net,Medan,2024-08-14,170773.63,
3266,Zudi Pudi,089559087245,zudi.pudi@example.net,Bandung,2026-04-17,30714.72,
3267,Lomad Yagus,081888080657,lomad.yagus@post.example.net,Denpasar,2023-10-17,150405.67,
3268,Gidi Bugus,081863012504,gidi.bugus@post.example.net,Mataram,2025-06-22,202008.96,
3269,Juwati Insih,081351169315,juwati.insih@example.com,Mataram,2023-11-11,144864.09,
3270,Dedi  Gitri,0817 7528 4519,dedi.gitri@example.com,Mataram,21.06.2024,227281.45,
3271,Winur Puman,081891580166,winur.puman@example.net,Bandung,2024-12-26,144937.32,
3272,"Insih Yandra ",0821-7508-6187,insih.yandra@EXAMPLE.COM,Mataram,2023-02-27,58322.04,
3273,Wimad Yawan,089590978461,wimad.yawan@mail.example.com,Bandung,2025-07-21,84148.20,
3274,Jumad Tanto,089513374086,jumad.tanto@example.net,Medan,2024-10-20,158167.99,
3275,Rindra Zulia,0812 9754 8759,rindra.zulia@post.example.net,Surabaya,2024-10-23,"53.170,74",
3276,Kaman Wirah,085152371082,kaman.wirah@example.com,Mataram,2026-07-10,33515.58,
3277,Girah Zuwati,081260174769,girah.zuwati@mail.example.com,Surabaya,2023-07-11,85905.42,
3278,Hasih Anman,081751510048,hasih.anman@example.net,Mataram,2026-08-14,101359.76,
3279,Fadi  Fadi,081722408179,fadi.fadi@example.net,Mataram,2023-07-19,15179.60,
3280,Zutri Talia,+6281391272143,zutri.talia@example.com,Medan,2023-11-26,206001.57,
3281,Judi Innur,081337185246,judi.innur@example.com,Semarang,2023-07-02,"47.092,80",
3282,Rinto Kawan,081797999779,rinto.kawan@example.org,Mataram,2024-10-01,116907.10,
3283,Tasih Dento,089578911052,tasih.dento@example.net,Mataram,2023-12-21,118920.49,
3284,Ciwan Zuwati,089522365230,"ciwan.zuwati@example.org ",Mataram,10/11/2023,"166.858,15",
3285,Gimad Tawati,081207517136,gimad.tawati@example.com,Mataram,2026-02-05,209591.11,
3286,Innto Cindra,082122323456,innto.cindra@example.org,Mataram,2023-09-24,10219.27,
3287,Puweti Annto,081899122729,puweti.annto@mail.example.com,Mataram,2026-05-14,25297.58,
3288,Lolia Gigus,089554211425,lolia.gigus@example.com,Mataram,2023-08-03,34969.93,
3289,Wiwati Nayan,089526628944,wiwati.nayan@example.org,Mataram,02.06.2025,85709,"wants invoice marked ""urgent"""
3290,Nalia Angus,081134063799,nalia.angus@example.org,Bandung,2026-03-06,124093.72,
3291,Tarah Lowan,082134896391,tarah.lowan@example.org,Mataram,2024-09-21,125643.33,
3292,Pusih Yawan,085168626769,pusih.yawan@example.org,Mataram,2026-08-10,156291.71,
3293,Delia Fawati,081162050587,delia.fawati@example.org,Mataram,2024-03-10,230788.06,
3294,Yandra Punur,081315275270,yandra.punur@example.com,Padang,2023-06-09,212772.33,
3295,Giman Fadi,081802499342,giman.fadi@example.net,Bandung,2026-07-26,87967.51,
3296,Riman Demad,081382803021,riman.demad@example.org,Padang,2026-01-25,185861.23,
3297,Innur Zulia,089549863109,innur.zulia@example.com,Padang,2023-08-26,72609.75,
3298,Ingus Zurah,085134047436,ingus.zurah@POST.EXAMPLE.NET,Mataram,2024-03-10,116637.26,
3299,Punto Handra,085189252682,punto.handra@post.example.net,Surabaya,2024-07-28,156773.45,
3300,Annto Giwati,+6281341874442,annto.giwati@mail.example.com,Mataram,11/11/2023,232379.37,
3301,Punto Cimad,081830198186,punto.cimad@example.net,Mataram,2026-02-22,246902.18,
3302,Nayan  Zuwati,085168463834,nayan.zuwati@example.com,Bandung,23.12.2025,223956.24,
3303,Gidi Rimad,082169507874,gidi.rimad@example.net,Medan,2026-03-25,106972.52,
3304,Halia Jusih,+6289515093354,halia.jusih@example.com,Mataram,28.06.2026,51679,
3305,Inyan Anwan,089542654080,inyan.anwan@example.com,Semarang,2023-12-20,127435.15,
3306,Nayan Hanur,081242090526,nayan.hanur@example.org,Mataram,2025-07-16,106705.16,
3307,Losih Fagus,081281728159,losih.fagus@example.net,Mataram,2026-07-18,94979.12,
3308,Zulia Sugus,081821927717,zulia.sugus@example.org,Surabaya,2026-05-19,199601.69,
3309,Juyan Bunto,081393978938,juyan.bunto@post.example.net,Mataram,2025-02-17,38423.05,
3310,"Sundra Angus ",081250168165,,Surabaya,2024-11-16,180328.19,
3311,Murah Muman,+6281815831399,murah.muman@example.com,Mataram,06/04/2026,140952.60,
3312,Dendra Logus,082138949425,dendra.logus@example.net,Mataram,2026-08-06,"208.078,71",
3313,Giyan Zunur,081342135767,giyan.zunur@post.example.net,Medan,2024-10-21,228674.72,
3314,Anyan Antri,082123762081,anyan.antri@mail.example.com,Mataram,2024-09-05,129175.83,
3315,Rinur Sudi,081838703608,rinur.sudi@example.org,Padang,2024-08-06,127854.32,
3316,Namad Pugus,081850562463,namad.pugus@example.org,Makassar,2023-05-04,15358.65,
3317,Anyan Annto,089516641931,anyan.annto@example.com,Mataram,2023-09-04,29493.08,
3318,Hasih Gigus,089583621690,hasih.gigus@mail.example.com,Medan,2023-09-04,50654.78,
3319,Zunto Dewati,081158135962,zunto.dewati@example.org,Mataram,2026-01-18,231022.74,
3320,Yadi Nanto,081711584119,yadi.nanto@example.net,Mataram,2024-03-13,233449.27,
3321,Rinto Yanur,081715887575,rinto.yanur@example.com,Mataram,2024-03-11,68156.01,
3322,Kamad Wirah,089527355568,kamad.wirah@example.org,Mataram,2025-09-07,78162.67,
3323,"Inyan Innto ",081896831878,inyan.innto@EXAMPLE.NET,Mataram,23/12/2023,128791.59,
3324,Jutri Halia,081783548079,,Mataram,2025-11-18,64295,
3325,Karah Rirah,081893668510,karah.rirah@example.net,Makassar,2025-02-13,8712.57,follow up next week
3326,Puwan Anwan,081788800401,puwan.anwan@mail.example.com,Denpasar,2026-04-19,9430.03,
3327,Hawati Kanur,081150205856,hawati.kanur@example.net,Mataram,2023-05-11,149354.19,
3328,Murah Fawati,082151856446,murah.fawati@mail.example.com,Mataram,2024-11-04,212158.27,
3329,Yawan Lomad,089593254137,yawan.lomad@post.example.net,Mataram,2026-03-25,154240.80,
3330,Wiman Yalia,081217397992,wiman.yalia@example.net,Mataram,2025-03-07,125814.42,
3331,Nalia Cinur,082111789608,nalia.cinur@example.org,Mataram,2026-04-13,77451.07,
3332,Deyan Inwati,0817 7757 0322,deyan.inwati@post.example.net,Padang,2026-06-27,11256.05,
3333,Kanto Sunto,081276932577,kanto.sunto@post.example.net,Mataram,2026-02-17,99347.24,
3334,Nanto Bunto,081196106824,nanto.bunto@post.example.net,Bandung,2023-03-09,26658.70,
3335,Hayan Inmad,+6281823275325,hayan.inmad@example.com,Mataram,2024-10-06,156080,
3336,Loyan Sugus,085145141094,loyan.sugus@example.net,Mataram,2024-07-07,113440.05,
3337,Sulia Narah,081778012591,sulia.narah@mail.example.com,Mataram,2023-10-18,172174.03,
3338,Yanur Tanto,085124045864,yanur.tanto@post.example.net,Mataram,2026-04-03,23578.09,
3339,Purah Cisih,081280569521,purah.cisih@example.org,Makassar,2023-11-27,229563.79,
3340,Jumad Cigus,081223246760,jumad.cigus@example.net,Mataram,2025-12-28,184648.45,
3341,Riwan Ciwan,0821-9386-8981,riwan.ciwan@example.net,Mataram,11.09.2023,45392.94,
3342,Tatri Denur,081151487096,tatri.denur@mail.example.com,Mataram,2025-11-01,97014.37,
3343,Wigus Nawati,081792056956,wigus.nawati@example.org,Bandung,2024-11-10,244174.23,
3344,Zuman Putri,081751016362,zuman.putri@example.com,Denpasar,2026-07-13,16274.71,
3345,Gimad Wisih,085110526446,gimad.wisih@example.com,Bandung,2025-11-10,51500.97,
3346,Punto Giman,081784607204,punto.giman@example.com,Mataram,2024-09-05,219812.85,
3347,Hawan Yaman,081303566520,hawan.yaman@post.example.net,Mataram,2026-04-10,160098.25,
3348,Kaman Fanur,081148321482,kaman.fanur@post.example.net,Mataram,2026-01-16,94897.86,
3349,Nagus Munur,082147412484,nagus.munur@post.example.net,Mataram,2026-08-25,98591.71,
3350,Tanur Tanur,081278162589,tanur.tanur@example.net,Mataram,2026-08-25,57194.74,
3351," Tarah Tasih",0818-3393-4043,tarah.tasih@example.com,Mataram,18.04.2023,"169.964,40",
3352,Haman Andi,081129956105,haman.andi@example.net,Mataram,2024-02-19,124151.27,
3353,Fayan Kamad,+6281874124728,"fayan.kamad@example.com ",Mataram,2023-04-07,158429.03,
3354,Suyan Annur,089560522834,suyan.annur@POST.EXAMPLE.NET,Denpasar,28.03.2023,245429.89,
3355,Zunto Fadi,089508800858,zunto.fadi@example.org,Surabaya,2023-10-05,100589.19,
3356,Famad Kawati,082138632169,famad.kawati@post.example.net,Mataram,2025-05-07,155258.22,
3357,Tatri Juyan,081882608497,tatri.juyan@example.org,Mataram,2026-02-04,179775.06,
3358,Annto Windra,082133078633,annto.windra@post.example.net,Denpasar,2023-05-12,107818.09,
3359,Inyan Londra,081137873396,inyan.londra@mail.example.com,Mataram,2025-08-15,27632.70,
3360,Pusih Naman,081888006556,pusih.naman@example.org,Mataram,2023-10-14,156901.61,
3361,Pusih Yagus,081341852957,pusih.yagus@mail.example.com,Mataram,2023-05-10,86457.81,
3362,Indi Halia,081124791623,indi.halia@example.net,Makassar,2026-06-04,140325.69,
3363,Cimad Ingus,0895 2625 2103,cimad.ingus@mail.example.com,Mataram,01.01.2024,"152.395,41",
3364,Gimad Anndra,089563610565,gimad.anndra@example.org,Mataram,2025-04-12,48039.69,
3365,Yanto Lolia,081749183774,yanto.lolia@mail.example.com,Mataram,2023-06-12,161718.58,
3366,Kagus Jutri,081116385384,kagus.jutri@post.example.net,Mataram,2023-08-10,233533.34,
3367,Nanto Sudi,081167357273,nanto.sudi@example.net,Mataram,2026-05-01,135959.68,
3368,"Mumad Putri ",089547292370,mumad.putri@example.com,Semarang,2025-06-18,"5.877,32",
3369,Taman Inman,081180936567,taman.inman@example.net,Surabaya,08/02/2023,220681.12,
3370,Dendra Girah,081124824637,dendra.girah@example.org,Mataram,2025-08-07,163836.15,
3371,Kaman Dento,085199595816,kaman.dento@mail.example.com,Mataram,2026-04-24,174985.72,
3372,Talia Girah,081819944295,talia.girah@example.com,Mataram,2026-01-14,130721.59,no answer on the number given
3373,Naman Punur,081787466800,naman.punur@example.net,Semarang,2024-09-17,164447.99,
3374,Giman Desih,+6281877738963,,Padang,14/09/2024,"44.993,38",
3375,Gisih Gilia,081100419802,gisih.gilia@example.org,Bandung,2025-11-07,63682.07,
3376,Dento Munto,082168630595,dento.munto@example.net,Medan,2023-05-04,235864.78,
3377,Lolia Derah,081817943742,lolia.derah@example.net,Mataram,2025-02-22,80332.56,
3378,Dewan Fadi,085150960962,dewan.fadi@example.org,Bandung,2024-09-16,205705.34,
3379,Ginto Nawan,081300939101,ginto.nawan@example.org,Mataram,2025-07-18,202663.56,
3380,Fanur Cilia,081354692306,fanur.cilia@example.net,Mataram,2026-01-13,27425.28,
3381,Tatri Talia,085157895108,tatri.talia@post.example.net,Bandung,2025-05-26,36915.62,
3382,Pugus Jutri,0817-7193-9554,pugus.jutri@example.com,Bandung,24/12/2025,220561.95,"wants invoice marked ""urgent"""
3383,Tayan Windra,081751286696,tayan.windra@post.example.net,Mataram,2025-12-02,241293.19,
3384,Kamad Inrah,081703293263,kamad.inrah@example.com,Mataram,2025-09-01,165892.67,
3385,Lonto Lonto,081111485217,lonto.lonto@example.org,Mataram,2023-03-08,54301.61,
3386,Widi Cilia,085165091864,widi.cilia@example.org,Surabaya,2024-01-25,133762.01,
3387,Innur Nayan,082119095540,innur.nayan@mail.example.com,Mataram,2023-02-10,15518.35,
3388,Wisih Demad,089564330020,wisih.demad@example.org,Semarang,2026-07-23,237037.61,
3389,Junto Wiwati,085103608836,junto.wiwati@post.example.net,Mataram,2025-04-06,85946.67,
3390,Kadi Zusih,081345918995,kadi.zusih@example.com,Mataram,2026-01-21,193458.81,
3391,Junur Andi,081895328271,"junur.andi@post.example.net ",Mataram,25.06.2023,"244.701,55",
3392,Ciyan Anmad,081703320039,ciyan.anmad@post.example.net,Mataram,2026-05-21,58949.18,
3393,Rinto Mugus,081814491674,rinto.mugus@mail.example.com,Mataram,2026-01-18,76115.95,
3394,Puwati Tawati,085170316364,puwati.tawati@post.example.net,Mataram,2025-12-08,177225.08,
3395," Rinur Fandra",0813 7167 9066,rinur.fandra@example.org,Mataram,2025-10-19,23054.58,
3396,Innur Punur,082111181642,innur.punur@post.example.net,Mataram,2026-03-06,136707.74,
3397,Dewati Wimad,082168736253,dewati.wimad@mail.example.com,Bandung,2025-03-13,108236.57,
3398,Jusih Gindra,089501623203,jusih.gindra@mail.example.com,Bandung,2025-07-01,244939.47,
3399,Logus Cindra,081324661484,logus.cindra@post.example.net,Makassar,2024-04-16,138349.87,
3400,Sunur Inlia,085109145019,sunur.inlia@example.org,Mataram,2023-01-26,73712.83,
3401,Demad Zuyan,081284424150,demad.zuyan@post.example.net,Medan,2023-09-06,93166.83,
3402,Judi Taman,081259861162,judi.taman@mail.example.com,Bandung,2026-05-15,91334.39,
3403,Buman Halia,081356577107,buman.halia@post.example.net,Bandung,2023-08-04,134776.13,
3404,Ansih Cimad,081313984149,ansih.cimad@example.org,Mataram,2023-03-26,9274.43,
3405,Demad Tagus,081238618602,demad.tagus@mail.example.com,Mataram,2023-02-24,"210.571,27",
3406,Hawan Muwan,089531729258,hawan.muwan@post.example.net,Bandung,2024-04-05,238142.06,
3407,Puwati Annto,081273754852,puwati.annto@example.org,Mataram,2025-01-17,95334,
3408,Andi Deman,085137541921,"andi.deman@example.net ",Medan,2023-12-05,"177.349,90",
3409,Lonur Fatri,081217733560,lonur.fatri@example.net,Mataram,2023-06-18,166503.72,
3410,Sudi Demad,081893855298,sudi.demad@example.com,Mataram,2023-07-10,233575.65,
3411,Julia Sumad,082106360617,julia.sumad@example.net,Mataram,2023-10-19,236745.71,
3412,Gimen Hadi,081337794632,gimen.hadi@example.com,Bandung,2025-05-16,178133.85,
3413,Wiwan Yaman,085103270882,wiwan.yaman@post.example.net,Bandung,2025-08-19,157553.34,
3414,Inwan Lowan,081354373297,inwan.lowan@example.net,Mataram,2023-06-25,108747.87,"paid by transfer, receipt pending"
3415,Musih Risih,089569761055,"musih.risih@example.org ",Mataram,2026-08-06,170194.33,
3416,Mudi  Hayan,0895 2365 6173,"mudi.hayan@mail.example.com ",Surabaya,2026-07-28,"248.232,88",
3417,Narah Falia,082180361759,narah.falia@post.example.net,Mataram,2026-02-09,183472.81,
3418,Dewan Tanto,081795476348,dewan.tanto@post.example.net,Mataram,2025-07-19,200836.23,
3419,Fasih Hadi,081129122336,fasih.hadi@example.org,Mataram,2025-02-06,12330,
3420,Mutri Buwan,081167323912,mutri.buwan@example.org,Mataram,2024-08-18,29363.98,
3421,Fayan Suyan,085128386464,fayan.suyan@example.com,Mataram,2024-09-07,132448.24,
3422,Inlia Wiyan,081301534552,inlia.wiyan@mail.example.com,Mataram,2023-09-03,18593.60,
3423,Pudi Sunto,081809303126,pudi.sunto@example.org,Denpasar,2024-10-01,14328.88,
3424,Zundra Riwan,082176868607,zundra.riwan@mail.example.com,Mataram,2026-06-03,17246.88,
3425,Dewati Gindra,+6282153627822,dewati.gindra@example.net,Medan,2023-06-28,206230.79,
3426,Tandra Yagus,+6289515630878,tandra.yagus@example.org,Bandung,2026-04-19,190922.13,
3427,Muman Giwati,089508934877,muman.giwati@example.com,Mataram,2026-07-26,217998.17,
3428,"Angus Intri ",082154445256,angus.intri@example.org,Mataram,22/09/2023,149681.78,
3429,Anwan Yanur,081791668566,anwan.yanur@post.example.net,Mataram,2024-02-15,200263.32,
3430,Jurah Intri,0811-3176-7450,"jurah.intri@post.example.net ",Medan,15.02.2024,246147.45,"VIP, do not discount"
3431,Zumad Budi,081846216071,,Mataram,2023-08-08,"145.038,46",
3432,Junto Cirah,081284076116,junto.cirah@example.com,Mataram,2024-04-03,5897.74,
3433,Purah Hawan,082110298032,purah.hawan@example.com,Semarang,2024-10-02,"166.166,84",
3434,Inlia Kanto,081701528700,inlia.kanto@example.com,Mataram,2026-07-28,43584.54,"paid by transfer, receipt pending"
3435,Muwan Cimad,081367072749,muwan.cimad@example.org,Medan,2024-01-13,242354.13,
3436,Haman Putri,085118209338,haman.putri@example.org,Mataram,2024-05-11,193185.20,
3437," Ciyan Tatri",081894431712,ciyan.tatri@example.org,Bandung,2026-06-07,134029.06,
3438,Innto  Juwan,081767070990,innto.juwan@EXAMPLE.NET,Mataram,2024-06-09,155651,
3439,Putri Inman,085139416108,"putri.inman@example.net ",Mataram,2025-02-10,181310.61,
3440,Deman Muwan,081342413577,deman.muwan@example.org,Mataram,2023-06-04,230106,
3441,Nanto Wiyan,+6281886711941,nanto.wiyan@example.net,Mataram,2023-04-12,179962.93,
3442,Mumad Inlia,081313147869,mumad.inlia@mail.example.com,Mataram,2025-12-17,57324.66,
3443,Susih Inwan,+6281383183726,susih.inwan@mail.example.com,Mataram,04/11/2024,"237.581,82",
3444,Sumad Anrah,081365156924,sumad.anrah@example.com,Mataram,2024-06-08,249582.40,
3445,Windra Yayan,081297753397,windra.yayan@example.net,Medan,2023-11-09,111479.53,
3446,Fawati Jumad,089579190632,fawati.jumad@example.org,Mataram,2023-09-07,24463.11,
3447,Zuman Lotri,085170920913,zuman.lotri@example.org,Mataram,2026-06-10,45952.86,
3448,Putri Murah,085173730877,putri.murah@post.example.net,Mataram,2024-02-18,73013.04,
3449,Jurah Kadi,081165655803,jurah.kadi@example.com,Denpasar,2026-07-28,184388.15,
3450,Farah Burah,081269386992,farah.burah@post.example.net,Mataram,2023-12-03,126388.94,
3451,Zuwan Yanto,081325948544,zuwan.yanto@example.com,Makassar,2023-01-07,40158.90,
3452,Kagus Anmad,085134283453,kagus.anmad@example.net,Semarang,2024-03-01,90618.06,
3453,Katri Sugus,081132394783,katri.sugus@example.org,Mataram,2024-07-11,219666.87,
3454,Ansih Munto,082113817554,ansih.munto@example.org,Mataram,2025-01-02,58804.39,
3455,Wiman Butri,085128278735,wiman.butri@example.com,Mataram,2026-08-20,98751.08,
3456,Nasih Murah,0817 9025 8813,"nasih.murah@post.example.net ",Mataram,16/05/2026,28363.45,
3457,Buyan Delia,081850434788,buyan.delia@post.example.net,Mataram,2023-06-20,49068.48,
3458," Hawati Jutri",0812-7203-4068,hawati.jutri@post.example.net,Mataram,2023-05-14,21905,
3459,Giman Inrah,081791400397,giman.inrah@mail.example.com,Surabaya,2026-08-10,202013.86,
3460,Fawan Tanto,081166204894,fawan.tanto@example.org,Mataram,2024-02-12,148159.37,
3461,Kawati Annto,081214534616,kawati.annto@example.net,Mataram,27.11.2025,7475.64,
3462,Fanto Deman,082141557181,fanto.deman@example.org,Bandung,2023-09-11,42249.37,
3463,Wimad Jugus,082189262933,wimad.jugus@example.net,Makassar,2025-09-04,165523.14,
3464,Jurah Kaman,081100335492,jurah.kaman@example.org,Denpasar,07.02.2026,189301.89,
3465,Kagus Rimad,081709061853,kagus.rimad@mail.example.com,Mataram,2024-07-14,235034.86,
3466,Gitri Jugus,085162496011,gitri.jugus@example.net,Mataram,2026-06-12,22512.45,
3467,Loman Pudi,081776865328,loman.pudi@example.org,Mataram,2024-11-03,99536.73,
3468,Juwati Nawan,085154037883,juwati.nawan@example.net,Mataram,2024-12-26,40401.16,
3469,"Windra Dento ",081104324070,windra.dento@example.com,Makassar,04/01/2026,49268.22,
3470,Lotri Budi,081110839487,lotri.budi@mail.example.com,Bandung,2023-04-27,60063.42,
3471,Inman Karah,0851-8423-3427,inman.karah@example.org,Mataram,2023-10-24,214603.23,
3472,Anman Rilia,081769199200,anman.rilia@post.example.net,Surabaya,2025-07-28,13418.75,
3473,Desih Buman,+6281867214939,"desih.buman@example.org ",Bandung,23.06.2023,"8.313,12",
3474,Kandra Mudi,081726589777,kandra.mudi@example.com,Mataram,2025-08-18,63851.88,
3475,Ciwati Muman,081137361305,ciwati.muman@mail.example.com,Mataram,2026-02-02,70801.74,
3476,Bumad Jusih,081119159848,bumad.jusih@example.com,Makassar,2026-02-23,213258.78,
3477,Juwati Yanto,081312994850,juwati.yanto@example.net,Bandung,2024-12-01,19124.65,
3478,Tayan Fasih,081151664915,tayan.fasih@example.com,Medan,2026-02-25,175625.73,
3479,Buyan Yayan,089573711103,buyan.yayan@example.net,Mataram,2026-02-27,7445.97,
3480,Annto Hasih,081358956286,annto.hasih@example.com,Mataram,2024-08-25,73937.41,
3481,Inndra Pumad,081795545319,inndra.pumad@example.org,Mataram,2023-09-13,155523.33,
3482,Bundra Giwan,081858843734,bundra.giwan@example.com,Mataram,2024-06-21,210870.44,
3483,Zugus Kayan,081838556743,zugus.kayan@post.example.net,Mataram,2026-04-08,199607.67,
3484,Kadi Deman,081326895435,kadi.deman@example.net,Surabaya,2026-03-12,227535.33,
3485,Hatri Lotri,082120196722,hatri.lotri@example.net,Mataram,2023-02-03,33914.75,
3486,Jutri Wigus,085141031656,jutri.wigus@example.com,Mataram,2025-04-23,152729.87,
3487,Cimad Intri,081293379557,cimad.intri@example.net,Mataram,2024-01-25,142728.04,
3488,Pudi Burah,081357766031,pudi.burah@mail.example.com,Bandung,2023-06-12,92899.20,
3489,Loman Puwan,082123555637,loman.puwan@example.com,Semarang,2025-12-11,173238.29,
3490,Jusih Annur,082177078577,jusih.annur@post.example.net,Makassar,2024-02-18,62712.33,
3491,Mutri Lonur,0895-0694-8915,mutri.lonur@mail.example.com,Surabaya,2026-01-08,24055.71,
3492,Riman Gitri,081784545138,riman.gitri@example.net,Mataram,2025-10-28,6213.08,
3493,Puman Cilia,081741945552,puman.cilia@example.net,Medan,2026-06-04,116963.94,
3494,Munur Lonto,082132413296,munur.lonto@example.org,Denpasar,2024-04-28,157659.42,
3495,Annur Yanto,089593883456,annur.yanto@mail.example.com,Mataram,2024-01-21,16388.81,
3496,"Yanur Muwati ",+6281189116892,yanur.muwati@example.net,Bandung,2023-04-01,190241.26,
3497," Giwan Dedi",+6281259314954,giwan.dedi@example.com,Bandung,18.01.2024,140832.17,
3498,Girah Nanur,081202570209,girah.nanur@example.com,Semarang,2023-02-24,28745.36,
3499,Bunto Logus,081137131565,bunto.logus@example.com,Bandung,2025-09-22,103225.66,
3500,Julia Fanto,081146876774,julia.fanto@post.example.net,Mataram,2024-10-23,204559.67,
3501,Rinto Jugus,081739273388,rinto.jugus@example.org,Mataram,2025-12-28,192519.25,
3502,Degus Zuian,081775831268,degus.zuian@example.net,Mataram,2024-02-12,77411.40,
3503,Mugus Sulia,+6281234767264,mugus.sulia@example.net,Mataram,13/03/2024,37191.81,"prefers WhatsApp, not email"
3504,Bunto Angus,081359620979,bunto.angus@example.net,Surabaya,2025-05-17,45489.49,
3505,Rimad Innto,089571689225,rimad.innto@mail.example.com,Surabaya,2026-06-03,12697.40,"duplicate of earlier signup, verify"
3506,Puwati  Tanur,089549902842,puwati.tanur@example.net,Mataram,2024-02-27,88036.86,
3507,Puwan Anyan,081396931300,puwan.anyan@mail.example.com,Mataram,2026-07-09,169598.62,
3508,Buyan Tawan,085166884571,buyan.tawan@mail.example.com,Mataram,2025-07-12,59507.14,
3509,Wimad Intri,081832443996,wimad.intri@post.example.net,Bandung,2026-07-07,75646.93,
3510,Juyan Kamad,081867622463,juyan.kamad@post.example.net,Mataram,2025-12-27,175234.01,
3511,Antri Puwati,081189838680,antri.puwati@mail.example.com,Mataram,2025-05-13,131212.22,
3512,Yandra Bunur,0895-7187-6242,yandra.bunur@example.org,Mataram,2025-10-23,179695.68,
3513,"Wirah Winto ",081837669508,wirah.winto@post.example.net,Surabaya,2023-09-21,69574.51,
3514,Hawan Pumad,081122645285,hawan.pumad@mail.example.com,Denpasar,2023-02-21,107686.91,
3515,Tanto Fanur,089583376670,tanto.fanur@mail.example.com,Makassar,2026-06-24,185826.35,
3516,Pundra Insih,082141977506,pundra.insih@example.com,Mataram,28.01.2025,170203.08,
3517,Wiyan Wisih,081278402802,wiyan.wisih@mail.example.com,Mataram,2023-06-01,146209.14,
3518,Kaman  Namad,0818 9909 2424,kaman.namad@example.org,Mataram,07/01/2024,231820,
3519,Kalia Riyan,082179893969,kalia.riyan@post.example.net,Mataram,2025-02-15,20379.82,
3520,Susih Cimad,081120229046,susih.cimad@example.net,Makassar,2026-03-06,81775.34,
3521,Punto Buwati,089514689473,punto.buwati@post.example.net,Mataram,2024-11-28,21926.04,
3522,Buyan Ritri,081231478271,buyan.ritri@mail.example.com,Mataram,19/07/2026,138240.03,
3523,Tatri Lorah,089512244720,tatri.lorah@example.com,Mataram,2026-07-09,58023.09,
3524,Wiwan Hamad,081159165433,wiwan.hamad@EXAMPLE.NET,Mataram,2024-12-20,33076.42,
3525,Susih Wiman,081855813346,"susih.wiman@example.net ",Semarang,2025-01-01,169932.18,
3526,Zuyan Nandra,081391137756,zuyan.nandra@post.example.net,Bandung,2024-12-14,91087.17,
3527,Rirah Lomad,081347451205,rirah.lomad@mail.example.com,Mataram,2024-06-11,198180.59,
3528,Mugus Famad,081761252861,mugus.famad@post.example.net,Surabaya,2024-09-13,220021.91,
3529,Nayan Suwan,082177821498,nayan.suwan@post.example.net,Mataram,2025-05-08,55924.48,
3530,Muman Punur,081224209740,muman.punur@example.net,Makassar,2023-02-22,173635,
3531,Bunto Innur,081329228002,bunto.innur@example.org,Bandung,2025-02-12,"74.591,19",
3532,Anndra Muyan,081704992500,anndra.muyan@example.com,Mataram,2023-04-12,220766.85,
3533,Riwati Sulia,082141169886,riwati.sulia@example.com,Mataram,2024-04-25,67897.30,
3534,Tanto Hanto,082108271923,tanto.hanto@post.example.net,Semarang,2025-08-08,83489.09,
3535,Bulia Giwati,085195375467,bulia.giwati@post.example.net,Medan,2026-06-27,205773.15,
3536,Wirah Sugus,081856904418,"wirah.sugus@example.org ",Bandung,2023-02-05,38552.33,
3537,Wirah Fagus,085158605288,wirah.fagus@example.com,Mataram,2024-06-06,178382,
3538,Ciman Junur,081875619313,ciman.junur@example.net,Denpasar,2025-01-13,211367.86,
3539,Wiwati Risih,081894174588,wiwati.risih@post.example.net,Mataram,2024-01-22,181739.48,
3540,Innto Angus,089510367568,innto.angus@example.com,Mataram,2024-01-20,69123.65,
3541,Wilia  Nawati,081396366305,wilia.nawati@example.org,Mataram,2025-04-28,229576.86,
3542,Delia Buwan,085130167920,delia.buwan@example.com,Mataram,2024-06-05,210153.99,
3543,Giman Anndra,082197490430,giman.anndra@mail.example.com,Mataram,2024-05-17,163115.20,
3544,Junur Zunur,081780615271,junur.zunur@example.org,Mataram,09.10.2023,83331.98,
3545,Buwati Faman,081731120772,buwati.faman@example.org,Mataram,2024-12-27,212118.36,
3546,Insih Zurah,081371586800,insih.zurah@example.com,Mataram,2025-02-04,140669.49,
3547,Mudi Rigus,081777809331,mudi.rigus@post.example.net,Bandung,2026-06-15,89376.14,
3548,Tandra Ginto,0812 1907 0724,"tandra.ginto@example.net ",Mataram,06/08/2024,71143.66,
3549,Dento Susih,081159473194,dento.susih@example.net,Mataram,2025-05-10,3155.56,
3550,Tarah Pulia,082161240853,tarah.pulia@mail.example.com,Surabaya,2025-08-16,74337,
3551,Mugus Hamad,082189818594,mugus.hamad@mail.example.com,Makassar,2026-07-15,204244.93,
3552,Widi Sunto,081716966680,widi.sunto@example.net,Mataram,2026-06-09,38395.10,
3553,Degus Fandra,0851-2420-9151,degus.fandra@example.net,Mataram,16/08/2024,103972.73,
3554,Windra Mulia,089522756089,windra.mulia@post.example.net,Mataram,2023-06-05,874.23,
3555,"Yamad Sundra ",081839593448,yamad.sundra@post.example.net,Mataram,19.10.2023,161538,
3556,Budi Musih,081392357682,budi.musih@example.com,Denpasar,2026-08-02,69188.30,
3557,Fanto Kamad,085104430077,fanto.kamad@mail.example.com,Surabaya,2023-02-21,142485.24,
3558,Bunur Mudi,081162959008,bunur.mudi@example.net,Denpasar,19.09.2023,136455.55,
3559,Girah Fatri,089548755711,girah.fatri@example.org,Bandung,2026-04-21,233578.72,
3560,Bunur Wirah,082155781661,bunur.wirah@example.com,Mataram,2025-11-10,148113.32,
3561,Zuman Kamad,081832269091,zuman.kamad@mail.example.com,Mataram,2026-03-28,34552.05,
3562,Ansih Fawati,081212703437,ansih.fawati@example.com,Medan,2026-01-18,236994.36,
3563,Giwan Cinto,082143104272,giwan.cinto@example.org,Bandung,2023-03-13,113328.90,
3564,Suwati Pumad,082199657068,suwati.pumad@mail.example.com,Mataram,2026-05-09,114347.70,
3565,Pumad Karah,0851-6640-3947,pumad.karah@example.net,Mataram,26.10.2024,93383.71,
3566,Fanto Wiwan,0811-4473-6659,fanto.wiwan@mail.example.com,Mataram,2024-04-13,155055.37,
3567,Gidi Farah,081131301725,gidi.farah@mail.example.com,Mataram,2025-08-03,27687.89,
3568,Desih Yawati,081881606700,desih.yawati@post.example.net,Mataram,2026-01-20,462.63,
3569,Zurah Buman,081267479610,zurah.buman@example.org,Mataram,2025-10-07,169716.20,
3570,Rinto Halia,082142189063,rinto.halia@example.net,Medan,2026-08-17,203909.61,
3571,Butri Tandra,0817 5903 4378,butri.tandra@example.org,Mataram,21/11/2025,"191.685,47",
3572,Dewan Yarah,081343216913,dewan.yarah@mail.example.com,Mataram,2024-04-03,91386.06,
3573,Innto Rinto,085157942346,innto.rinto@example.net,Mataram,2025-04-06,46807.03,address unclear
3574,Haman Ginto,081741207099,haman.ginto@mail.example.com,Mataram,2026-07-24,131354.12,
3575,Nanto Dendra,081842065224,nanto.dendra@example.org,Mataram,2025-06-13,115019.03,
3576,Taman Fatri,081844958433,taman.fatri@example.com,Mataram,2025-11-17,143204.57,
3577," Busih Zudi",081200034485,busih.zudi@post.example.net,Mataram,2025-01-02,238872,
3578,Punto Sulia,081351893736,punto.sulia@example.org,Mataram,2026-04-22,144482,
3579,Jugus Cinto,0817 2093 2120,"jugus.cinto@example.org ",Mataram,2026-05-07,"68.041,16",
3580,Inlia Zulia,089550724037,inlia.zulia@mail.example.com,Mataram,2023-06-19,8319.22,
3581,Mudi Kadi,0817 6977 1601,mudi.kadi@example.com,Bandung,2023-07-08,"134.392,42",
3582,Ginto Pumad,+6285161238118,"ginto.pumad@post.example.net ",Mataram,23.02.2025,212174,
3583,Ridi Lorah,085175445320,ridi.lorah@example.org,Mataram,2025-04-26,5490.48,
3584,Jurah Lonur,081236153752,jurah.lonur@example.org,Mataram,2026-04-11,125862.15,
3585,Wimad Degus,0818 0567 5098,wimad.degus@example.org,Surabaya,24/11/2025,142617.01,
3586,Budi Ridi,082104748241,budi.ridi@example.org,Medan,2023-07-01,245797.83,
3587,Innur Hanto,081351822302,innur.hanto@post.example.net,Mataram,2023-09-27,42261.76,
3588,Inyan Puwan,0821 8571 3799,"inyan.puwan@example.org ",Mataram,2026-04-19,"197.912,83",
3589,Londra Munto,+6285163539030,londra.munto@EXAMPLE.COM,Bandung,2025-10-14,246134.91,
3590,Jusih Ansih,085130388580,jusih.ansih@example.org,Mataram,08/06/2023,171632.29,
3591,Sunur Tanur,085110443665,sunur.tanur@mail.example.com,Bandung,2023-01-28,23129.01,
3592,Cidi Kanur,081130011463,cidi.kanur@example.org,Medan,2025-11-25,51413,
3593,Zuwati Fanto,082166549509,zuwati.fanto@example.net,Mataram,2025-09-03,32600.03,
3594,Citri Sulia,081784199556,citri.sulia@example.org,Bandung,2023-08-23,208394.82,
3595,Bugus Lonto,089574716730,bugus.lonto@example.com,Semarang,2024-03-21,153181.92,
3596,"Antri Putri ",081154024486,antri.putri@post.example.net,Mataram,10.12.2023,63199.92,"said ""call after 5pm"""
3597,Riwati Surah,081142442783,riwati.surah@example.org,Mataram,2023-08-24,22492.49,
3598,Nanur Jundra,089560140581,nanur.jundra@mail.example.com,Mataram,2024-06-11,114327.94,
3599,Inwati Jumad,081132747075,inwati.jumad@post.example.net,Bandung,2026-01-21,126656.32,
3600,Winto Gidi,081718990229,winto.gidi@example.net,Mataram,2026-05-03,79307.44,
3601,Detri Wirah,081896811364,detri.wirah@example.net,Mataram,2024-11-27,96124.98,
3602,Tanto Handra,081743439500,tanto.handra@example.org,Surabaya,2023-01-04,228417.65,
3603,Lonto Tanto,089523088116,lonto.tanto@post.example.net,Mataram,2026-03-20,65776.62,"said ""call after 5pm"""
3604,Nanto Yawan,081172151473,nanto.yawan@example.org,Mataram,2024-11-11,195358.74,
3605,Annto Kadi,085102215513,annto.kadi@example.net,Medan,2025-08-06,1920.06,
3606,Rinto Dewan,081750542443,rinto.dewan@example.com,Mataram,2026-03-19,120696.23,
3607,Gimad Sunur,081171673884,gimad.sunur@example.com,Denpasar,2024-12-11,71904.44,
3608,Winto  Tamad,081150753345,"winto.tamad@example.org ",Bandung,07/06/2024,397.06,
3609,Zuwati Fandra,089599299240,zuwati.fandra@example.org,Mataram,2023-06-16,33313.68,
3610,Puman Kamad,081768274561,puman.kamad@mail.example.com,Denpasar,2024-05-08,121572.04,
3611,Zuwati Wilia,082117444331,zuwati.wilia@example.com,Mataram,2026-06-25,111502.98,
3612,Yaman Innto,081742385950,yaman.innto@example.com,Bandung,2025-12-01,150052.77,
3613,Juman Londra,081140514408,juman.londra@post.example.net,Surabaya,2026-03-04,148941.79,
3614,Muwati Delia,081719994158,muwati.delia@example.com,Makassar,2025-09-15,33200.07,"moved cities, update on renewal"
3615,Dedi Wisih,085152394742,dedi.wisih@mail.example.com,Mataram,2025-10-14,135226.48,
3616,Sumad Tadi,082199081664,sumad.tadi@mail.example.com,Mataram,2026-02-06,243997.87,
3617,Namad Giwan,0895 1109 0380,namad.giwan@example.org,Mataram,2023-11-16,197412.68,
3618,Buwati Pugus,081255049797,buwati.pugus@mail.example.com,Bandung,2024-04-16,138391.71,
3619,Jumad Inyan,085151601482,jumad.inyan@EXAMPLE.ORG,Mataram,11.05.2023,226712.55,
3620,Angus Dedi,089590586366,angus.dedi@example.net,Bandung,2023-11-18,21887.41,
3621,"Purah Sugus ",081133236799,purah.sugus@mail.example.com,Mataram,21.03.2026,"123.398,87",
3622,Kamad Punto,081810219945,kamad.punto@example.com,Mataram,2024-05-17,222883.52,
3623,Punur Putri,081340402876,punur.putri@example.org,Bandung,2023-04-21,220097.09,
3624,"Demad Pundra ",081748120879,demad.pundra@POST.EXAMPLE.NET,Surabaya,02.12.2024,62813.46,
3625,Mumad Wirah,081757812604,mumad.wirah@example.net,Semarang,27/08/2025,247224,
3626,Tatri Zundra,081857446024,tatri.zundra@post.example.net,Mataram,2023-03-04,119214.92,
3627,Haman Mutri,081304282289,haman.mutri@mail.example.com,Denpasar,2026-04-17,182158.85,
3628,Sunto Rimad,081740137970,sunto.rimad@mail.example.com,Mataram,2024-10-26,213232.25,
3629,Handra Gisih,+6281196087348,"handra.gisih@example.com ",Bandung,2025-02-04,99738.00,
3630,Widi Ginto,089508544153,widi.ginto@example.org,Mataram,2025-07-01,177785.41,
3631,Puman Antri,085145478689,puman.antri@example.com,Medan,2023-07-23,158299.08,
3632,Nagus Cidi,081370417434,nagus.cidi@example.com,Mataram,2025-06-20,217569.24,
3633,Wiwan Kasih,081811022079,wiwan.kasih@example.com,Makassar,2024-04-08,150768.31,
3634,Tanur Cimad,081363911600,tanur.cimad@example.com,Mataram,2024-07-13,14322.58,
3635,Bunto Andi,+6281101422249,"bunto.andi@example.com ",Bandung,2024-05-24,"73.049,95",
3636,Mundra Anwan,089559106644,mundra.anwan@mail.example.com,Mataram,2025-04-13,226257.30,
3637,Munto Anlia,081224065609,munto.anlia@example.net,Mataram,2024-04-07,222178.68,follow up next week
3638,Yadi Ginto,082168171186,,Mataram,2026-06-25,217541,
3639,Ciyan Anrah,081251449652,ciyan.anrah@example.org,Mataram,2023-01-04,191236.04,
3640,Kandra Ingus,089527307446,kandra.ingus@mail.example.com,Mataram,2025-10-07,144797.78,
3641,Fawan Lowan,081899548223,fawan.lowan@example.net,Mataram,2026-04-18,93834.99,
3642,Nagus Mulia,081178700178,nagus.mulia@example.org,Mataram,2023-08-09,8057.97,
3643,Tagus Jugus,081315918543,tagus.jugus@example.net,Mataram,2025-09-05,2810.60,
3644,Kanto Derah,085108326672,kanto.derah@example.com,Mataram,2024-11-17,149033.47,
3645,Loyan Yanto,0821-9831-0978,loyan.yanto@post.example.net,Surabaya,2024-11-20,208262.74,
3646,Namad Hasih,081329714689,namad.hasih@mail.example.com,Mataram,2026-07-01,45868.37,
3647,Suman Tamad,089504142412,suman.tamad@example.org,Mataram,2025-06-05,16850.29,"prefers WhatsApp, not email"
3648,Cigus  Gigus,081171506555,cigus.gigus@example.com,Mataram,19/09/2025,10204.74,
3649,Handra Hatri,081268704507,handra.hatri@mail.example.com,Makassar,2025-01-17,49400.04,
3650,Bundra Dento,089570938860,bundra.dento@example.net,Denpasar,2023-12-08,171405.92,
3651,Puwati Mutri,081216621962,puwati.mutri@mail.example.com,Surabaya,2025-12-28,149701.19,
3652,Surah Suyan,085157262798,surah.suyan@mail.example.com,Mataram,2026-06-15,10569.50,
3653,Wiwan Busih,081707451313,wiwan.busih@post.example.net,Surabaya,2023-11-23,198509.95,
3654,Pugus Loman,089507302604,pugus.loman@mail.example.com,Mataram,2023-04-25,114059.83,
3655,Desih Yasih,081375029919,desih.yasih@post.example.net,Mataram,2023-08-03,152627.95,
3656,Riwati Punur,089562705169,riwati.punur@example.org,Mataram,2025-10-24,186168.37,
3657,Hasih Susih,081347785952,hasih.susih@example.org,Mataram,2023-09-12,241255.62,
3658,Tayan Judi,081769685962,tayan.judi@example.com,Mataram,2024-07-24,190158.45,
3659,Faman Cinto,081331879140,faman.cinto@example.com,Surabaya,2025-02-18,83720.93,
3660," Nanto Buwan",085168041029,nanto.buwan@example.org,Mataram,2023-12-02,57556.02,
3661,Suwati Cirah,089594133058,suwati.cirah@example.net,Semarang,2025-08-26,185268.23,
3662,Denur Katri,081882515519,denur.katri@example.com,Mataram,2023-10-24,205871.81,
3663,Insih Jutri,081373332689,insih.jutri@post.example.net,Semarang,2025-02-04,139748.02,
3664,Kanto Fandra,081151180683,kanto.fandra@mail.example.com,Surabaya,2026-04-14,156108.17,
3665,Zuwati Nawan,089538711722,zuwati.nawan@mail.example.com,Mataram,27.04.2023,41479.89,
3666,Nawan Yawan,082123114663,nawan.yawan@post.example.net,Bandung,2026-04-11,181781.11,
3667,Natri Punto,081375293530,natri.punto@post.example.net,Denpasar,2025-01-13,104636.54,
3668,Lonto Giwan,081882912253,lonto.giwan@example.com,Mataram,2024-03-08,197829.89,
3669,Bunto Ciyan,081829387054,bunto.ciyan@mail.example.com,Mataram,2025-10-10,207350.02,
3670,Ginto Zumad,081205398622,ginto.zumad@example.org,Mataram,2023-05-17,96119.43,
3671,Ciwati Jutri,081116313438,ciwati.jutri@mail.example.com,Surabaya,2024-04-08,243826.53,
3672,Jundra Faman,081392133168,jundra.faman@example.org,Mataram,2026-05-04,116820.58,
3673,Lotri Sugus,081233903634,lotri.sugus@example.com,Mataram,2023-11-22,99193.81,
3674,Nayan Yaman,0818-4651-4619,nayan.yaman@example.org,Padang,2023-02-07,232285.86,
3675,Buwan Jugus,089591983699,buwan.jugus@example.org,Mataram,2023-10-02,50295.42,
3676,Mowan Tanur,0817 3411 3104,,Surabaya,2026-07-22,93726.43,
3677,Cindra Halia,081342267304,cindra.halia@example.org,Mataram,2024-05-03,243976.97,
3678,Tasih Famad,089568273728,tasih.famad@example.org,Mataram,2024-12-19,172322.71,"moved cities, update on renewal"
3679,Hagus Zurah,081219686482,hagus.zurah@post.example.net,Bandung,2024-02-27,245297.65,
3680,Winur Lodi,089582328216,winur.lodi@example.com,Mataram,2026-08-12,161064.82,
3681,Losih Cinur,081217195486,losih.cinur@example.com,Mataram,2024-02-03,214477.82,
3682,Taman Loyan,081199268978,taman.loyan@example.org,Bandung,2023-04-26,13144.51,
3683,Tawan Bumad,081878296100,tawan.bumad@example.org,Mataram,2026-06-22,243969.88,
3684," Puwati Anyan",081777142079,puwati.anyan@mail.example.com,Mataram,26.12.2023,213486,
3685,Ginur Kayan,085149767968,ginur.kayan@post.example.net,Mataram,2026-03-18,22757.91,
3686,Lonto Deman,089509963127,lonto.deman@mail.example.com,Bandung,22/09/2024,200073.76,
3687,Denur Hanto,085167901251,denur.hanto@example.com,Mataram,2023-10-01,99438.52,
3688,Zusih Sunur,081109629763,zusih.sunur@example.com,Makassar,2024-07-24,61725.00,
3689,Tamad Derah,081120632721,tamad.derah@example.net,Mataram,2026-02-03,36864.78,
3690,Talia Zunto,081733844804,talia.zunto@post.example.net,Mataram,2025-05-01,113804.89,
3691,Tawan Rilia,089501025106,tawan.rilia@example.net,Surabaya,2023-05-12,38801.47,
3692,Gitri Gindra,089509450149,gitri.gindra@mail.example.com,Mataram,2025-11-09,169418.31,
3693,Kadi Hasih,085193909709,kadi.hasih@example.net,Medan,2025-01-16,196481.61,
3694,Ridi Tadi,081163315709,ridi.tadi@post.example.net,Mataram,2026-06-19,28258.46,
3695,Tawan Handra,081309377049,tawan.handra@mail.example.com,Mataram,2024-09-12,44057.99,
3696,Kanto Zunur,089549943711,kanto.zunur@mail.example.com,Surabaya,2023-10-02,236815.16,"paid by transfer, receipt pending"
3697,Riwan Burah,081300188747,riwan.burah@example.net,Mataram,2023-08-09,133163.37,
3698,Pumad Loyan,081361152407,pumad.loyan@example.com,Mataram,2024-02-27,60224.92,
3699,Zutri Windra,0895 0458 2613,zutri.windra@EXAMPLE.ORG,Semarang,21/07/2025,9089.83,
3700,"Yadi Yanto ",+6282198203008,yadi.yanto@example.net,Denpasar,12.12.2024,45028.92,
3701,Ritri Wisih,081386248027,ritri.wisih@post.example.net,Mataram,2025-06-26,245515.74,
3702,Namad Ginto,081244049666,namad.ginto@mail.example.com,Makassar,2023-12-09,116702.74,
3703,Hasih Mugus,085118453446,hasih.mugus@example.com,Mataram,11.06.2026,163828.61,
3704,Winto Dendra,081872104890,winto.dendra@example.com,Mataram,2023-12-05,45350.95,
3705,Sumad Inndra,081847646749,sumad.inndra@example.net,Surabaya,2023-10-13,178504.88,address unclear
3706,Dewati Anrah,081782920369,"dewati.anrah@mail.example.com ",Bandung,27.05.2023,16926,"prefers WhatsApp, not email"
3707,Sundra  Ginto,081321457376,sundra.ginto@example.org,Mataram,23/09/2023,200501.70,
3708,Suman Kalia,089503127447,suman.kalia@mail.example.com,Mataram,2026-01-10,89972.89,
3709,Nanur Juwati,081219631452,"nanur.juwati@example.com ",Mataram,2026-03-22,97312.14,
3710,Pugus Purah,081317489543,pugus.purah@example.net,Mataram,2023-05-07,111246.71,
3711,Anman Bunto,081780922425,anman.bunto@mail.example.com,Mataram,2024-08-08,178603.70,"paid by transfer, receipt pending"
3712,Zuwan Harah,081142778153,zuwan.harah@post.example.net,Mataram,2025-11-24,105397.69,
3713,Dewan Tandra,081791975871,dewan.tandra@example.com,Mataram,2026-05-13,139291.89,
3714,Sundra Juman,085198290164,sundra.juman@example.org,Mataram,2023-07-18,155741.87,
3715,Hanto Cinto,082120426933,hanto.cinto@example.net,Medan,2024-10-23,48966.27,
3716,Bunto Junto,082137915519,bunto.junto@mail.example.com,Mataram,2025-03-16,125196.87,
3717,Fanur Kadi,085130922438,fanur.kadi@example.org,Semarang,2026-04-12,31957.31,
3718,Fanur Sunur,085193677973,fanur.sunur@mail.example.com,Semarang,2025-10-25,147399.25,
3719,Cinur Cinto,081113734395,cinur.cinto@mail.example.com,Mataram,2026-03-19,90172.71,
3720,Zundra Logus,081816260757,zundra.logus@example.com,Mataram,2024-06-02,72143.35,
3721,Junto Handra,081282011450,junto.handra@example.org,Bandung,2025-05-06,129410.86,
3722,Sulia  Rimad,085111677243,sulia.rimad@post.example.net,Mataram,2026-04-18,163783.63,
3723,Fagus Purah,081112725904,fagus.purah@post.example.net,Mataram,2026-02-09,112296.25,
3724,Winto Gindra,085115155499,winto.gindra@mail.example.com,Mataram,2024-03-27,237553.31,"prefers WhatsApp, not email"
3725,Nanur Wiyan,082187851565,nanur.wiyan@example.net,Mataram,2023-12-01,134173.22,
3726,Puwan Indi,+6285128758791,puwan.indi@example.net,Mataram,2025-04-25,195684.72,
3727,Londra Lodi,0812 8845 8560,londra.lodi@example.org,Mataram,20.12.2025,17283,
3728,Rinur Zuwati,081237794556,rinur.zuwati@post.example.net,Mataram,2023-08-26,237329.91,
3729,Fagus Rimad,081385644208,fagus.rimad@mail.example.com,Makassar,2025-08-22,218961.76,
3730,Zuwati Girah,0851 4163 0590,zuwati.girah@example.net,Padang,2025-09-16,235292.72,
3731,Inman Wisih,081104990085,inman.wisih@post.example.net,Surabaya,2023-07-28,238900.41,
3732,Puyan Wisih,085191182116,puyan.wisih@example.com,Mataram,2025-01-23,211619.77,
3733,Surah Inyan,089594191084,surah.inyan@example.org,Mataram,2024-10-18,"150.611,38",
3734,Bunto Sugus,081754292825,bunto.sugus@mail.example.com,Mataram,2024-03-09,224164.13,
3735,Yanto Fawan,081713724785,yanto.fawan@mail.example.com,Bandung,2023-03-01,90133.42,
3736,Hawan Tanto,085171482640,hawan.tanto@example.com,Mataram,2025-02-18,65292.08,
3737,Tawati Hawati,089592276615,tawati.hawati@mail.example.com,Mataram,2024-06-27,167893.59,
3738,Dendra Fandra,081395809378,dendra.fandra@mail.example.com,Medan,2023-04-10,138865.29,
3739,Anndra Hasih,082188188486,anndra.hasih@mail.example.com,Mataram,2026-01-27,8134.82,
3740,"Dewan Katri ",+6281715138591,dewan.katri@EXAMPLE.NET,Mataram,2026-08-03,23963.29,
3741,Butri Tatri,081893839107,butri.tatri@example.com,Mataram,2023-08-05,108946.48,
3742,Inlia Mutri,081101295262,inlia.mutri@example.net,Mataram,2026-06-16,190962.10,
3743,Sudi Natri,081300010383,sudi.natri@example.com,Mataram,2024-11-17,214544.01,
3744,Hayan Yayan,085184525203,hayan.yayan@post.example.net,Mataram,2024-05-10,99505.48,
3745,Lowan Lorah,081318980467,lowan.lorah@example.org,Mataram,2025-12-27,165855.67,
3746,Rimad Wigus,081880477031,rimad.wigus@post.example.net,Mataram,2025-05-26,224079.45,
3747,Deyan Kawati,081198286581,deyan.kawati@mail.example.com,Surabaya,2024-06-08,147017.76,
3748,Naman Fasih,0817 6547 4872,naman.fasih@example.net,Mataram,2024-03-16,217279.58,
3749,Wirah Delia,081207291201,wirah.delia@example.net,Mataram,2026-02-06,172551.18,
3750,Detri Fatri,081899620088,detri.fatri@example.net,Padang,2026-05-08,67449.41,
3751,Wisih Logus,081830776855,wisih.logus@mail.example.com,Medan,2023-02-02,215593.95,
3752,Lomad Kamad,081862199188,lomad.kamad@mail.example.com,Bandung,2024-05-28,242452.46,
3753,Yalia Bunto,081777320200,yalia.bunto@mail.example.com,Mataram,2025-10-02,28719.64,
3754,Losih  Hasih,082147839877,losih.hasih@example.com,Mataram,25/12/2025,4725.12,
3755,Buwan Tanur,089564857885,buwan.tanur@example.com,Medan,2023-01-11,175231.82,
3756,Dento Fawati,081340050559,dento.fawati@post.example.net,Makassar,2024-08-26,241663.35,
3757,Faman Yawan,081345747205,faman.yawan@mail.example.com,Mataram,24.06.2026,140307.28,
3758,"Kawati Purah ",0812 9573 4800,kawati.purah@post.example.net,Medan,2025-10-26,12223,
3759,Yawan Wirah,081233966347,yawan.wirah@example.net,Mataram,2024-01-06,235196.02,
3760,Muwati Tarah,089553106714,muwati.tarah@example.com,Mataram,2026-04-03,241176.90,
3761,Suyan Tanto,081171258861,"suyan.tanto@post.example.net ",Mataram,08/05/2026,60326.18,
3762,Antri Ginto,081855375274,antri.ginto@example.net,Denpasar,2024-09-02,49373.53,"VIP, do not discount"
3763,Zugus Delia,0821 1315 2585,zugus.delia@post.example.net,Mataram,18.03.2023,186896.67,
3764,Kanto Zundra,+6281104625320,kanto.zundra@mail.example.com,Bandung,13.02.2024,137460.02,
3765,Juwati Gitri,081149307882,juwati.gitri@example.com,Mataram,2025-07-16,95176.71,
3766,Haman Bulia,081392597717,haman.bulia@mail.example.com,Mataram,2026-03-22,83227.20,
3767,Nawan Muman,0817-8357-0535,nawan.muman@example.com,Mataram,2026-04-14,184572,
3768,Fanur  Mundra,081218603295,"fanur.mundra@example.net ",Mataram,01.03.2024,121308,
3769,Nagus Fagus,081717544528,nagus.fagus@mail.example.com,Mataram,2025-01-13,190636.01,
3770,Tanto Hasih,081361024383,tanto.hasih@example.com,Mataram,13.02.2023,"63.286,11",
3771,Deman Gitri,089561882662,deman.gitri@example.com,Medan,2023-03-19,30729.66,
3772,Hasih Dendra,081139754889,hasih.dendra@example.org,Surabaya,2026-04-06,223287.03,
3773,Yawati Buwati,081249038264,yawati.buwati@example.net,Bandung,14.02.2023,105604.23,
3774,Deman Jutri,081831429550,deman.jutri@example.net,Mataram,2023-11-14,"157.435,68",
3775,"Bumad Inman ",081825023078,bumad.inman@mail.example.com,Pontianak,2025-09-15,159899.42,
3776,Demad Tadi,081703359267,demad.tadi@example.com,Mataram,2025-12-22,28168.89,
3777,Nanur Riwati,081187366688,nanur.riwati@example.org,Mataram,2025-09-26,130071.87,
3778,Cinto Winto,081716041132,cinto.winto@example.org,Mataram,2023-09-23,2218.67,
3779,Winur Cisih,0818-2483-3476,winur.cisih@mail.example.com,Mataram,2025-08-19,146463.52,
3780,Cimad Riman,089526871761,cimad.riman@example.net,Mataram,2025-06-13,247969.07,
3781,Katri Yagus,081387100366,katri.yagus@example.org,Medan,2025-12-04,214729.10,
3782,Girah Puman,081253478670,girah.puman@post.example.net,Bandung,2024-03-22,151034.33,
3783,Deman Kanto,081267473611,deman.kanto@example.net,Mataram,2025-10-11,183483.44,
3784,Namad  Muwati,085123866403,namad.muwati@mail.example.com,Mataram,06/06/2026,213831.72,
3785,Jumad Dento,081293061010,jumad.dento@example.net,Mataram,2023-02-13,164940.69,
3786,"Tayan Mutri ",081375766257,tayan.mutri@post.example.net,Mataram,2025-05-16,"201.624,88",
3787,Talia Kanto,085181017785,talia.kanto@post.example.net,Mataram,2025-10-22,209246.08,
3788,Logus Tayan,089540026193,logus.tayan@example.com,Mataram,2026-05-17,51813.90,
3789,Annto Julia,081838456656,annto.julia@mail.example.com,Mataram,2026-02-25,143994.03,
3790,Riman Punto,081393975868,riman.punto@example.net,Medan,2023-02-18,208481.83,
3791,Lonto Giwati,081161483285,lonto.giwati@example.net,Mataram,2026-01-11,12057.41,
3792,Juman Lonto,081106476319,juman.lonto@example.com,Mataram,2026-07-19,81378.29,
3793,Zuwan Buman,0821 0948 2994,zuwan.buman@example.org,Mataram,2026-08-24,215948.31,
3794,Junur Nanur,081280563386,junur.nanur@mail.example.com,Bandung,2023-02-28,216831.78,
3795,Jusih Annur,081882523613,jusih.annur@example.com,Surabaya,2024-10-01,54753.73,
3796,Jutri Jundra,+6282172848704,"jutri.jundra@post.example.net ",Mataram,28/01/2025,"83.065,20",
3797,Dento Cirah,081370219910,dento.cirah@post.example.net,Medan,2024-11-07,194695.83,
3798,Ritri Zuwan,081165638505,ritri.zuwan@example.net,Mataram,2023-01-09,14331.40,"moved cities, update on renewal"
3799,Judi Faman,081839424391,judi.faman@post.example.net,Medan,2025-02-08,63175.55,
3800,Sutri  Anwati,081171206294,sutri.anwati@POST.EXAMPLE.NET,Mataram,20/03/2023,"159.884,94",
3801,Talia Pudi,089532457630,talia.pudi@post.example.net,Mataram,2023-06-17,144181.33,
3802,Kanto Sunur,085131676779,kanto.sunur@post.example.net,Mataram,2026-07-04,58975.03,
3803,Surah Wimad,081209833914,surah.wimad@example.org,Mataram,2026-06-13,170343.39,
3804,Yalia Jugus,081237537445,yalia.jugus@mail.example.com,Bandung,2026-06-14,155757.89,
3805,Andi Nanto,081309309891,andi.nanto@post.example.net,Mataram,2026-07-09,34585.62,
3806,Gitri Namad,085180545107,gitri.namad@example.com,Mataram,2026-04-18,244393.84,
3807,Cinto Fawati,082120827103,cinto.fawati@post.example.net,Mataram,2023-02-10,117008.85,
3808,Punto Wiyan,089599426182,punto.wiyan@example.com,Mataram,2023-01-05,70416.34,
3809,Nawati Junur,085136395812,nawati.junur@post.example.net,Mataram,2024-03-02,145851.74,
3810,Cisih Namad,+6281866921630,cisih.namad@example.com,Mataram,10/02/2024,248448.30,
3811,Demad Lonto,089500372864,demad.lonto@example.org,Bandung,2024-08-25,32675.63,
3812,Logus Junto,082106573404,logus.junto@example.com,Mataram,2025-06-23,47219.59,"VIP, do not discount"
3813,Zunto Yanur,081367559500,zunto.yanur@post.example.net,Medan,2023-04-12,122242.53,
3814,Buyan Wirah,081382683030,buyan.wirah@mail.example.com,Mataram,2023-03-20,221808.49,
3815,Fatri Lotri,081213818943,fatri.lotri@post.example.net,Denpasar,2025-02-11,161801.67,
3816,Kadi Haman,085108168621,kadi.haman@example.net,Mataram,2024-06-25,86678.21,
3817,Junto Kanto,082170416590,junto.kanto@mail.example.com,Mataram,2024-10-22,12500.18,
3818,Nanur Anrah,085194822254,nanur.anrah@mail.example.com,Medan,2026-07-24,56612.36,
3819,Pundra Demad,0811-8329-8382,pundra.demad@mail.example.com,Mataram,15.05.2025,205007.33,
3820,Tadi Muyan,089529220679,"tadi.muyan@mail.example.com ",Mataram,20.04.2026,206422,
3821,Nawan Jundra,081273166009,nawan.jundra@example.org,Mataram,2026-03-17,112553.67,
3822,Anmad Zurah,082128732833,anmad.zurah@mail.example.com,Mataram,2025-07-21,118322.76,
3823,Munto Suwati,081376409995,munto.suwati@example.net,Makassar,2025-12-11,55762.78,
3824,Taman Nagus,081360473878,taman.nagus@example.com,Mataram,2023-07-04,117833.68,
3825,Riwan Tadi,081832309783,riwan.tadi@post.example.net,Mataram,2024-03-26,224380.41,
3826,Muman  Hawati,081711441595,muman.hawati@post.example.net,Mataram,2025-01-11,188551.67,
3827,Cidi Mundra,085168766396,cidi.mundra@post.example.net,Mataram,2026-02-05,205672.79,
3828,Windra Rinur,081883034000,windra.rinur@example.com,Medan,2024-01-11,106055.22,"duplicate of earlier signup, verify"
3829,"Inwan Hawan ",081221391028,inwan.hawan@example.com,Mataram,2024-01-25,241810.05,
3830,Tarah Ritri,085106982345,tarah.ritri@post.example.net,Mataram,2024-12-09,131338.98,
3831,Inwan Yaman,081167973758,inwan.yaman@post.example.net,Mataram,2024-06-19,65998.37,
3832,Widi Pumad,+6281792902526,widi.pumad@example.net,Medan,24/06/2023,175939.59,"said ""call after 5pm"""
3833,Lonur Zuyan,0821 8690 8539,lonur.zuyan@example.com,Makassar,13/05/2025,214692.98,
3834,Ginur Inmad,081869883291,ginur.inmad@example.org,Mataram,2023-02-05,168224.46,
3835,Lodi Haman,081719429462,lodi.haman@post.example.net,Semarang,2025-11-19,108251.38,
3836,Lorah Zuwati,085121689861,lorah.zuwati@example.org,Mataram,2026-01-25,201957.43,
3837,"Lodi Riman ",085150448693,lodi.riman@example.net,Mataram,01/05/2026,185355.15,
3838,Dento Winto,082169247152,dento.winto@example.net,Surabaya,2026-08-23,12335.41,
3839,Nawati Zundra,081396198468,,Mataram,12.06.2025,"94.366,30",
3840,Halia Ciwan,081174741547,halia.ciwan@example.net,Mataram,2026-08-27,231728.95,
3841,Rinur Inlia,081220870345,rinur.inlia@mail.example.com,Mataram,06/12/2023,94540,
3842,Nawati Londra,082174664950,nawati.londra@example.net,Makassar,2023-01-11,28072.68,
3843,Jusih Halia,081357567040,jusih.halia@example.com,Mataram,2023-11-11,211374.64,
3844,Nanur Jugus,081187413259,nanur.jugus@example.org,Surabaya,2025-12-18,147035.18,
3845,Murah Munto,082137180969,murah.munto@example.org,Padang,2024-12-01,"228.726,43",
3846,Susih Hanto,081165022925,susih.hanto@example.org,Padang,2024-09-09,147501.28,
3847,Inlia Cigus,082169138857,inlia.cigus@example.net,Bandung,2025-04-07,187398.60,
3848,Ritri Dedi,082115539381,ritri.dedi@post.example.net,Mataram,2025-02-20,49727.67,
3849,Puman Muwan,081879079330,puman.muwan@example.net,Bandung,16/07/2023,23452.50,
3850,Bundra Fasih,085154871544,bundra.fasih@example.net,Mataram,2026-05-04,35745.40,
3851,Tarah Girah,0817 3181 3170,tarah.girah@post.example.net,Denpasar,17/12/2023,226395.15,
3852,"Hasih Nalia ",081852205002,hasih.nalia@example.org,Bandung,17.09.2025,174818.76,"paid by transfer, receipt pending"
3853,Riman Innto,085179603153,riman.innto@post.example.net,Mataram,2023-01-28,114478.36,
3854,Kalia Lowan,081198513990,kalia.lowan@example.com,Denpasar,2023-03-09,145611.95,
3855,Sutri Winto,081236956173,sutri.winto@mail.example.com,Mataram,2025-03-15,134014.35,
3856,Annur Sunto,081175686479,annur.sunto@example.net,Mataram,2026-04-27,137447.66,
3857,Nadi Anmad,0817-5860-3207,,Mataram,2024-07-19,130036,
3858,Sundra Juwati,0817-2218-1496,sundra.juwati@example.com,Semarang,2025-01-23,232110.30,
3859,Kagus Naman,081110663917,kagus.naman@example.com,Mataram,2024-11-23,24081.38,
3860,Giyan Winur,081718709016,giyan.winur@example.net,Mataram,2026-04-05,105173.55,
3861,Angus Wiyan,0895 3325 2708,angus.wiyan@example.net,Mataram,18.08.2023,"148.955,29",
3862,Andi Ritri,085173049719,andi.ritri@mail.example.com,Mataram,2026-03-27,240288.10,
3863,Jundra Zuyan,081341325772,jundra.zuyan@post.example.net,Mataram,21.05.2023,"33.089,01",
3864,Zuyan Bundra,089589457819,zuyan.bundra@example.org,Denpasar,2025-06-25,224208.49,
3865,Punto Degus,081879434678,punto.degus@mail.example.com,Mataram,2025-10-27,190874.52,
3866,Sunto Narah,085174283729,sunto.narah@mail.example.com,Mataram,17.10.2025,"81.536,82",
3867,Dedi Inrah,081228617115,dedi.inrah@example.org,Mataram,2024-12-25,166196.62,
3868,Yatri Zundra,081395375905,yatri.zundra@post.example.net,Bandung,2025-01-08,204581.23,
3869,Budi Winto,081176111952,budi.winto@post.example.net,Mataram,2026-04-02,59780.14,
3870,Derah Buman,081183899559,derah.buman@post.example.net,Surabaya,2026-06-20,175979.91,
3871,Famad Rinto,081211295310,famad.rinto@mail.example.com,Medan,2026-03-02,632.21,
3872,Cilia Tanto,085154048860,cilia.tanto@mail.example.com,Medan,2026-07-16,209372.19,"paid by transfer, receipt pending"
3873,Narah Nanto,081273661637,narah.nanto@mail.example.com,Medan,2023-04-22,4615.25,"paid by transfer, receipt pending"
3874,Inndra Zurah,081350827211,inndra.zurah@mail.example.com,Mataram,2024-04-13,190779.83,
3875,Windra Munto,081281267370,windra.munto@example.net,Mataram,2024-03-01,167287.45,
3876,Pulia Hasih,081120284299,pulia.hasih@example.com,Padang,2024-05-26,216993.22,
3877,Anman Cinto,081246651385,anman.cinto@example.org,Medan,2026-01-13,211695.56,
3878,Yanur Rimad,081373944158,yanur.rimad@post.example.net,Mataram,2024-11-06,235087.53,
3879,Yanur Antri,085199313400,yanur.antri@post.example.net,Mataram,2024-12-13,133885.50,
3880,Rogus Junto,082106573404,rogus.junto@example.com,Mataram,2025-06-23,178510.30,
3881,Butri Rilia,082139432649,butri.rilia@example.org,Semarang,2024-01-24,71767.94,
3882,Kanto Yawati,082137050081,kanto.yawati@example.net,Surabaya,2026-02-13,106083.01,
3883,Kanto Junto,081384612045,kanto.junto@post.example.net,Mataram,2024-07-14,82829.30,
3884,Kamad Bumad,081147431956,kamad.bumad@example.org,Denpasar,2026-03-06,169288.23,
3885,Innur Yagus,081321176611,innur.yagus@example.com,Mataram,2024-06-23,181727.16,
3886,Hawan Ciwati,081239757090,hawan.ciwati@example.com,Mataram,2025-10-02,95210.73,"prefers WhatsApp, not email"
3887,Musih Lodi,089517903986,musih.lodi@example.net,Mataram,2025-11-17,113290.33,follow up next week
3888,Nalia Cisih,+6289542683725,nalia.cisih@example.com,Denpasar,2024-03-04,60709.05,
3889,Logus Nawati,081807964261,logus.nawati@example.org,Mataram,2026-04-12,229935.19,
3890,Buwan Hayan,081206443303,buwan.hayan@post.example.net,Mataram,2025-06-12,164529.04,
3891,Wigus Buyan,081199437998,wigus.buyan@example.com,Surabaya,2026-08-13,67765.60,
3892,Hagus Ciman,081820195181,hagus.ciman@example.net,Mataram,2025-10-28,65071.32,
3893,Lowan Sunto,081132323682,lowan.sunto@example.com,Mataram,2026-02-28,54268.10,
3894,Inwan Tadi,081790278821,inwan.tadi@mail.example.com,Mataram,2026-07-06,57007.87,
3895,Yawati Muman,082138750111,yawati.muman@post.example.net,Mataram,2025-08-10,12867.60,
3896,Fagus Sundra,081716784900,fagus.sundra@example.com,Mataram,2024-07-03,"157.174,27",
3897,Yawati Juman,+6281831320235,yawati.juman@EXAMPLE.NET,Makassar,2026-01-25,22273.13,no answer on the number given
3898,Sumad Inman,082121141004,sumad.inman@post.example.net,Mataram,2026-01-15,31017.14,
3899,Naman Hayan,082188789968,naman.hayan@post.example.net,Mataram,2024-02-25,89807.37,
3900,Punto Cidi,085113775486,punto.cidi@example.org,Bandung,2023-04-07,103550.96,
3901,Dendra Cinto,081236180989,dendra.cinto@mail.example.com,Mataram,2023-07-16,236940.76,
3902,Riyan  Losih,0851 0580 8787,riyan.losih@post.example.net,Bandung,2023-11-16,133175.50,
3903,Naman Susih,081254688269,naman.susih@example.net,Mataram,2023-12-03,222918.82,
3904,Fawati Sundra,089555248068,fawati.sundra@example.com,Bandung,2024-09-16,243918.35,
3905,Giwati Inyan,081287211027,giwati.inyan@example.net,Mataram,2023-07-15,237603.09,
3906,Tanto Karah,081310696045,tanto.karah@example.org,Mataram,2025-08-10,225686.00,
3907," Pundra Haman",085175494595,pundra.haman@EXAMPLE.NET,Denpasar,2023-04-24,1970.76,
3908,Buman Giman,0851 8982 9155,buman.giman@example.net,Mataram,2026-08-14,45859.11,
3909,Cimad Anwan,081165311546,cimad.anwan@mail.example.com,Medan,2024-08-14,162534.36,
3910,Zunur Lorah,085132982876,zunur.lorah@example.com,Mataram,2026-08-22,64869.61,
3911,Kawati Zusih,081167452526,kawati.zusih@example.net,Mataram,2023-07-05,170577.08,
3912,Gisih Cirah,089534422890,gisih.cirah@post.example.net,Makassar,2025-08-18,226145.61,
3913,Inwan Giman,081841129270,inwan.giman@post.example.net,Bandung,2025-01-03,31360.71,
3914,Kawan Nawati,081787710295,kawan.nawati@example.com,Mataram,2024-08-17,197270.02,
3915,Zugus Rigos,081234960798,zugus.rigos@example.org,Mataram,2026-07-23,82296.45,
3916,Kamad Suman,082181360173,kamad.suman@example.com,Mataram,2025-03-19,113098.12,
3917,Muwati Nalia,082131866662,muwati.nalia@mail.example.com,Bandung,2024-08-10,10214.99,
3918,Hanto Inrah,081373037177,hanto.inrah@example.org,Mataram,2025-04-26,108.53,"said ""call after 5pm"""
3919,Mumad Innur,089565431912,mumad.innur@example.org,Mataram,2023-10-18,97071.20,
3920,Nalia Zulia,081867348613,nalia.zulia@example.net,Mataram,2023-07-11,89845.10,
3921,Nanto Wisih,081158288747,nanto.wisih@mail.example.com,Mataram,2023-07-26,231539.74,
3922,Puyan Kadi,085133541505,puyan.kadi@example.net,Mataram,2025-12-04,97509.49,
3923,Dento Tarah,081726557707,dento.tarah@example.org,Mataram,2025-03-12,210009.48,
3924,Anlia Mundra,085159968560,anlia.mundra@example.net,Makassar,2024-03-26,72630.58,
3925,Kawati Anwan,081132279470,kawati.anwan@example.com,Mataram,2025-01-11,119782.63,
3926,Witri Dewan,081380401457,witri.dewan@example.net,Mataram,2024-04-08,148078.23,
3927,Jundra Nayan,081135897643,jundra.nayan@example.net,Bandung,2026-02-07,108170.61,
3928,Pudi Bundra,081773149531,pudi.bundra@post.example.net,Mataram,2024-10-10,198635.35,
3929,Giwan Ingus,089591876001,giwan.ingus@example.net,Semarang,2026-07-18,15816.87,
3930,Riyan Narah,081354507042,riyan.narah@mail.example.com,Mataram,2025-10-22,75847.13,
3931,Rinur Rimad,0818-0851-4793,rinur.rimad@example.org,Medan,2024-12-20,113644,
3932,Munur Kanto,081203804436,munur.kanto@mail.example.com,Mataram,2024-10-19,228041.69,
3933,Hatri Pumad,089524785860,hatri.pumad@mail.example.com,Bandung,2025-08-04,249560.62,
3934,Anndra Yanur,081242026032,anndra.yanur@example.com,Surabaya,2023-07-21,213337.25,
3935,Kasih Buwati,085139285671,kasih.buwati@example.com,Mataram,2026-06-03,99924.31,
3936,Ridi Wiwati,+6281771880964,ridi.wiwati@example.net,Surabaya,2023-08-15,132325.78,
3937,Haman Delia,081323787973,haman.delia@example.org,Semarang,2024-08-06,218465.97,
3938,Tawati Cinur,081115343223,tawati.cinur@post.example.net,Makassar,2023-09-02,"73.646,02",
3939,Harah Zunto,081173823727,harah.zunto@mail.example.com,Mataram,2025-03-17,217179.97,
3940,"Sudi Winto ",0818-7839-3207,sudi.winto@mail.example.com,Mataram,21.06.2023,"136.792,69",
3941,Sumad Bunur,082132908520,sumad.bunur@mail.example.com,Mataram,2025-07-27,85112.54,
3942,Hagus Judi,081278467365,hagus.judi@mail.example.com,Surabaya,2026-05-11,50425.80,
3943,Riman Zunto,081296365757,riman.zunto@example.net,Mataram,2023-09-24,248984.98,
3944,Indi Rinur,089528130715,indi.rinur@example.com,Mataram,2023-05-22,"109.934,54",
3945,Bunur Kawan,082189949769,bunur.kawan@post.example.net,Mataram,2023-07-08,152917.45,
3946,Lonur Tarah,081172981444,lonur.tarah@post.example.net,Medan,2023-03-26,54507.95,
3947,Kamad Naman,089506791144,kamad.naman@example.com,Denpasar,2023-11-05,213879.00,
3948,Cirah Punto,+6285126801221,cirah.punto@post.example.net,Bandung,21/02/2024,148533.42,
3949,Munto Gidi,089560764365,munto.gidi@example.net,Semarang,2023-07-11,141532.92,
3950,Hawati Cilia,081115879659,hawati.cilia@post.example.net,Mataram,2023-04-21,40213.13,
3951,Inmad Nayan,089538519853,inmad.nayan@example.net,Mataram,2025-06-18,236909.12,
3952,Giyan Giyan,081716763512,giyan.giyan@example.com,Bandung,2023-08-10,94759.92,
3953,Anyan Kawati,081383264405,anyan.kawati@example.org,Mataram,2023-10-13,12114.11,
3954,Yarah Zuman,085142943963,yarah.zuman@post.example.net,Surabaya,2024-09-26,202220.32,
3955,Rigus Nanto,081118354532,rigus.nanto@example.com,Mataram,2026-04-10,113748.45,
3956,Wiman Junur,081809238231,wiman.junur@example.org,Medan,2025-04-27,230318.57,
3957,Mudi Musih,085148661771,mudi.musih@example.net,Mataram,2024-04-08,50190.58,
3958," Munur Cinto",0821-3406-8144,munur.cinto@post.example.net,Makassar,02.11.2024,211071.96,
3959,Kanto Natri,089582733044,kanto.natri@example.org,Surabaya,04.08.2025,"59.916,51",
3960,Rigus Lotri,081874568680,rigus.lotri@post.example.net,Medan,2023-02-11,15809.82,"moved cities, update on renewal"
3961,Nasih Cigus,085114773978,nasih.cigus@example.org,Mataram,2024-05-05,50448.79,
3962,Andi Tandra,081374498553,andi.tandra@post.example.net,Mataram,2026-04-10,180471.72,
3963,Riyan Tayan,081737971675,riyan.tayan@example.com,Surabaya,2024-04-21,150557.74,"moved cities, update on renewal"
3964,Inwan Giwan,089507804088,inwan.giwan@example.org,Mataram,2025-05-19,11249.85,
3965,Mundra Degus,+6289520035311,mundra.degus@example.com,Mataram,2025-12-19,13893.73,
3966,Kagus Yanur,089502331771,kagus.yanur@mail.example.com,Bandung,21.06.2024,157597.66,
3967," Natri Kandra",089563168475,natri.kandra@example.org,Bandung,2023-05-23,69940.61,
3968,Punto Kawan,089511354611,punto.kawan@example.net,Mataram,2026-06-19,184633.51,
3969,Ciwati Zulia,089536775283,ciwati.zulia@example.net,Bandung,2025-02-18,5967.16,
3970,Tawati Dewan,081814676325,tawati.dewan@post.example.net,Mataram,2025-12-19,152446.24,
3971,Hanur Hawan,082137618120,hanur.hawan@example.org,Denpasar,2025-08-21,115381.88,
3972,Pulia Logus,081319413323,pulia.logus@example.com,Mataram,2023-05-09,105597.90,
3973,Anrah Burah,081202698957,anrah.burah@example.net,Padang,2023-01-14,65590.30,
3974,Desih Cinto,081224763738,desih.cinto@example.org,Mataram,2026-02-11,163287.29,
3975,Bunto Innto,081124253378,bunto.innto@example.net,Medan,2023-10-19,146473.42,
3976,Tatri Zundra,081293515984,tatri.zundra@post.example.net,Mataram,2026-03-12,249122.52,
3977,Puwati Annto,081899122729,puwati.annto@mail.example.com,Mataram,2026-05-14,153755.49,
3978," Hasih Bumad",+6281813705839,,Semarang,17/03/2025,80921.27,
3979,Julia Kamad,085192331249,julia.kamad@mail.example.com,Mataram,2024-01-07,90407.96,
3980,Nayan Lonto,085185875384,nayan.lonto@mail.example.com,Mataram,2025-02-27,45419.63,
3981,Mudi Yayan,081734940307,mudi.yayan@example.com,Mataram,2026-08-01,196107.73,
3982,Yanto Lowan,081707204687,yanto.lowan@example.net,Makassar,2025-10-27,107183.79,
3983,Natri  Jumad,081705800233,natri.jumad@EXAMPLE.COM,Mataram,01/07/2024,40210.51,
3984,Innto Fawati,0811-0488-2192,innto.fawati@example.org,Surabaya,2025-08-25,"38.151,69",
3985,Fawen Sugus,0817-8991-7332,fawen.sugus@example.net,Mataram,2026-02-11,160001.40,
3986,Cinto Annto,085136889677,cinto.annto@post.example.net,Mataram,2023-03-20,184641.90,
3987,Dento Ingus,081113175464,dento.ingus@example.com,Surabaya,2024-02-08,31377.08,
3988,Innto Natri,081201872763,innto.natri@post.example.net,Mataram,2026-05-03,71405.78,
3989,Tamad Yanto,089559189802,tamad.yanto@example.com,Mataram,2023-12-18,19705.74,"moved cities, update on renewal"
3990,Nanto Famad,085190849910,nanto.famad@example.com,Mataram,2026-02-16,105830.16,
3991,Yatri Inman,081234013442,yatri.inman@post.example.net,Surabaya,2025-01-08,57522.92,
3992,Zuwan Suwati,081246655324,zuwan.suwati@mail.example.com,Mataram,2024-01-11,140026.89,
3993,Tadi Hadi,089535551127,tadi.hadi@example.org,Mataram,2026-02-02,27065.14,
3994,Murah Tagus,085189603262,murah.tagus@mail.example.com,Mataram,2026-07-19,122176.29,
3995,Lowan Zuwati,089548325517,lowan.zuwati@mail.example.com,Mataram,2023-03-16,29463.65,
3996,Taman Yagus,081345511867,taman.yagus@post.example.net,Mataram,2023-08-24,245098.31,
3997,Citri Muwan,089594712184,citri.muwan@post.example.net,Makassar,2026-06-12,214518.83,
3998,Suman Zumad,081266839116,suman.zumad@post.example.net,Bandung,2026-05-21,211911.43,
3999,Bunur  Juyan,+6282109774520,bunur.juyan@example.net,Mataram,08.10.2025,114719.66,
4000,Tanur Pugus,081853584510,tanur.pugus@post.example.net,Mataram,2025-07-07,215396.49,
4001,Anman Bulia,0812 8213 1336,anman.bulia@EXAMPLE.NET,Mataram,2024-01-05,76915,address unclear
4002,Junto Jusih,081798258409,junto.jusih@mail.example.com,Mataram,2026-04-09,119893.28,
4003,Dewan Tasih,081213679943,dewan.tasih@post.example.net,Bandung,2023-07-15,118168.85,
4004,Dento Budi,081156267408,dento.budi@example.com,Surabaya,2026-06-19,24023.34,
4005,Lomad Innur,0818-5238-0516,"lomad.innur@mail.example.com ",Surabaya,10.03.2026,1463.92,
4006,Fawati Sugus,081117175315,fawati.sugus@mail.example.com,Surabaya,2025-06-17,96925.24,"said ""call after 5pm"""
4007," Cinur Zuwati",089564546232,cinur.zuwati@mail.example.com,Mataram,01.08.2025,"127.055,45","VIP, do not discount"
4008,Widi Taman,081230669448,widi.taman@example.net,Mataram,2026-02-25,75676.79,
4009,Narah Nagus,081285867542,narah.nagus@post.example.net,Mataram,2023-02-04,53126.85,
4010,Zuyan Indi,081133142060,zuyan.indi@mail.example.com,Mataram,2024-10-15,50832.80,
4011,Cigus Muyan,081873174236,cigus.muyan@mail.example.com,Bandung,2026-06-28,39341.07,
4012,Burah Hadi,081215670989,burah.hadi@mail.example.com,Surabaya,2024-10-20,206997.51,
4013,Cindra Juman,081279254232,cindra.juman@post.example.net,Mataram,2024-11-17,165149.59,
4014,Fandra Jutri,085187848317,fandra.jutri@example.com,Mataram,2024-10-05,118318.42,
4015,Kagus Jutri,081825180907,kagus.jutri@example.net,Mataram,2023-02-23,175351.60,
4016,Junur  Ridi,081254158131,junur.ridi@mail.example.com,Mataram,2026-01-14,25876.42,
4017,Musih Lonto,081123584295,musih.lonto@post.example.net,Mataram,2026-05-26,119519.86,
4018,Kadi Muwan,081719186929,kadi.muwan@post.example.net,Mataram,2026-04-27,230398.49,
4019,Sumad Surah,+6281327262375,,Mataram,07.04.2026,68122.51,
4020,Dendra  Rirah,082138404597,dendra.rirah@example.org,Mataram,05.01.2024,"65.468,67",
4021,Lorah Mudi,081880405296,lorah.mudi@example.com,Mataram,2025-02-19,123405.05,
4022,Anwan Buwan,089580775047,anwan.buwan@example.org,Mataram,2026-06-20,6120.65,
4023,Gisih Puwan,082180122809,gisih.puwan@example.com,Mataram,2025-09-13,"4.688,63",
4024,Zuyan Sugus,081798925777,zuyan.sugus@example.net,Makassar,2025-10-15,192091.18,
4025,Yanur Puman,081787006320,yanur.puman@example.com,Mataram,2023-04-12,22566.09,
4026,Tatri Puwati,082178706370,tatri.puwati@example.net,Mataram,2026-01-18,200075.70,
4027,Sulia  Butri,089565611642,sulia.butri@example.org,Mataram,2026-06-22,195584.98,
4028,Giman Cidi,089520514037,giman.cidi@mail.example.com,Mataram,2025-06-02,122912,
4029,Fasih Musih,0812-7363-1261,"fasih.musih@post.example.net ",Mataram,2025-06-03,57600.65,
4030,Mudi Tagus,081713698989,mudi.tagus@post.example.net,Mataram,2023-10-12,244657.13,
4031,Inyan Nayan,081774640369,inyan.nayan@example.net,Bandung,2025-05-22,74216.79,
4032,Zuman Riwati,081726838753,zuman.riwati@mail.example.com,Surabaya,2023-04-21,227273.13,
4033,Sumad Hagus,081237321576,sumad.hagus@example.com,Mataram,2023-11-12,40220.55,
4034,Inlia Kawan,081324966439,"inlia.kawan@mail.example.com ",Bandung,2026-06-14,"189.683,07",follow up next week
4035,Jusih Hawan,081312775968,jusih.hawan@example.org,Mataram,2023-02-28,26560.02,
4036," Degus Junur",085131141239,degus.junur@mail.example.com,Mataram,2023-07-24,222130.57,
4037,Ridi Annto,081344784330,ridi.annto@example.net,Manado,01/03/2026,210777.85,
4038,Halia Tasih,081385470347,halia.tasih@EXAMPLE.NET,Surabaya,07.04.2025,210378,
4039,Annur Julia,081211353958,annur.julia@example.com,Makassar,2023-03-09,211543.12,
4040,Nadi Lonto,089502497960,,Mataram,07.05.2026,31936,
4041,Tatri Intli,081297461320,tatri.intli@example.com,Bandung,2025-09-04,235431.16,
4042,Wirah Lotri,089504796258,wirah.lotri@example.com,Mataram,2026-06-15,196174.91,
4043,Tanur Loyan,081197332465,tanur.loyan@post.example.net,Mataram,2024-08-14,185900.30,
4044,Fatri Kamad,089502599757,fatri.kamad@mail.example.com,Bandung,2025-03-21,34195.05,
4045,Hasih Juyan,081392574998,hasih.juyan@post.example.net,Medan,2025-08-09,215975.80,
4046,Sundra Insih,081237907575,sundra.insih@mail.example.com,Denpasar,2025-07-16,49731.56,
4047,Suyan  Innto,081227114187,suyan.innto@mail.example.com,Makassar,2023-11-22,219035.98,
4048,Nanto Windra,0821 1080 9919,nanto.windra@mail.example.com,Mataram,2026-05-26,197938.69,
4049,Lodi Kandra,081742033813,lodi.kandra@example.net,Mataram,2026-06-12,194603.75,
4050,Punto Halia,082138864915,punto.halia@example.org,Mataram,2026-02-11,165292.39,
4051,Cinur Riman,081712466239,cinur.riman@mail.example.com,Bandung,2024-06-16,166957.07,
4052,Wimad Fasih,081820639244,wimad.fasih@example.org,Mataram,2026-02-07,204556.16,
4053," Falia Muman",081237373593,falia.muman@mail.example.com,Makassar,14/06/2025,"162.355,68",
4054,Tagus Demad,0812 2983 0436,tagus.demad@example.org,Mataram,17/11/2025,148085.38,
4055,Kaman Puwati,085147265395,kaman.puwati@example.com,Mataram,2024-09-17,196340.38,
4056,Farah Suwan,081204360572,farah.suwan@post.example.net,Mataram,2025-09-07,60415.14,
4057,Wilia Nalia,089564651741,wilia.nalia@example.org,Mataram,2023-04-01,177855.46,
4058,Annur Wiman,081720675761,annur.wiman@example.com,Mataram,06/08/2026,20834.49,
4059,Inyan Yaman,081849481665,inyan.yaman@example.net,Medan,2024-06-20,151032.64,
4060,Kamad Ginto,085122236746,kamad.ginto@example.com,Mataram,2026-03-06,173906.94,
4061,Punto Riwati,081318795624,punto.riwati@mail.example.com,Medan,2023-11-03,58772.89,
4062,Gimad Munto,081180180636,gimad.munto@post.example.net,Mataram,2026-04-21,72334.37,
4063,Punto Yanto,081160033764,punto.yanto@example.com,Mataram,2025-03-13,179003.41,
4064,Muwati Winto,089545399755,muwati.winto@mail.example.com,Surabaya,2024-12-09,40061.00,
4065,Anmad Cimad,081298201721,anmad.cimad@post.example.net,Makassar,2025-01-25,115534.93,
4066,Cinur Dendra,089590620207,cinur.dendra@post.example.net,Surabaya,2025-09-06,185422.01,
4067,Kamad  Zuwati,082115814166,kamad.zuwati@example.org,Makassar,2025-06-03,94871,
4068,Fasih Hayan,081710088067,fasih.hayan@example.net,Mataram,2023-08-05,200561.73,
4069,Hanur Katri,082175313913,hanur.katri@example.com,Mataram,2023-10-22,38764.02,
4070,Budi Fagus,081809079235,budi.fagus@example.net,Mataram,2025-12-09,220671.79,
4071,Busih Bunto,081277987923,"busih.bunto@example.net ",Surabaya,24.06.2026,146050.60,
4072,Yatri Cinto,+6281129485744,yatri.cinto@mail.example.com,Mataram,2025-10-22,211904.48,
4073,"Kanur Pundra ",089524217693,kanur.pundra@post.example.net,Denpasar,2025-02-15,167161.64,
4074,Nadi  Falia,0818 8541 3342,nadi.falia@mail.example.com,Mataram,09/03/2026,22921.52,
4075,Cinto Tawati,085173343330,cinto.tawati@mail.example.com,Mataram,2025-06-25,233917.72,
4076,Anndra Gimad,081748102323,anndra.gimad@example.net,Mataram,2024-03-14,155492.36,
4077,Kandra  Rinto,081304150353,kandra.rinto@example.com,Mataram,26.01.2025,91203.87,
4078,Kandra Annur,081255842771,kandra.annur@example.net,Mataram,2026-08-04,231267.23,
4079,Zusih Cigus,081159149288,zusih.cigus@example.org,Mataram,2024-09-20,38413.51,
4080,Losih Ridi,081226397368,losih.ridi@example.net,Mataram,2026-08-05,18752.87,
4081,Pulia Inlia,+6289504664739,pulia.inlia@mail.example.com,Semarang,2024-07-23,237916.01,"duplicate of earlier signup, verify"
4082,Wirah Cirah,081866240841,wirah.cirah@example.org,Medan,07/03/2024,"148.667,78",
4083,Zuwan Hagus,085148227484,zuwan.hagus@example.org,Denpasar,2023-07-23,92134.68,
4084,Riwati Rinur,085195089098,riwati.rinur@post.example.net,Mataram,2025-04-05,156638.42,
4085,Sunto Kanur,081197875915,sunto.kanur@example.com,Bandung,2026-02-25,1580.17,
4086,Lorah Dewan,081380843029,lorah.dewan@example.com,Padang,2023-08-03,162644.62,
4087,Muwati Winur,081870796851,muwati.winur@example.org,Mataram,2026-04-20,210434.02,
4088,Kandra Katri,085108931586,kandra.katri@example.org,Mataram,2023-11-11,112279.19,
4089,Inlia Buwan,081739096699,inlia.buwan@post.example.net,Surabaya,2025-11-21,35794.35,
4090,Yawati Innto,089511308325,yawati.innto@example.org,Mataram,2024-01-06,144864.15,
4091,Naman Punto,089552857200,naman.punto@example.net,Surabaya,2026-03-20,1367.16,
4092,Naman Mulia,081872762404,naman.mulia@mail.example.com,Mataram,2023-09-20,248256.64,
4093,Inlia Cilia,081363993455,inlia.cilia@example.org,Mataram,2024-08-28,62670.51,
4094,Degus Munur,082187863521,degus.munur@mail.example.com,Bandung,2024-08-08,179263.77,
4095,Tadi Budi,081190689381,tadi.budi@post.example.net,Makassar,2023-09-07,97727.71,
4096,Rilia Denur,0812-4025-3353,rilia.denur@example.org,Mataram,19.05.2023,99186,
4097,Nagus Hanur,081146501565,nagus.hanur@post.example.net,Mataram,2025-08-08,"225.113,11",
4098,Pumad Inmad,081191772361,pumad.inmad@example.com,Surabaya,2024-08-21,137623.56,
4099,Anndra Widi,081700582536,anndra.widi@example.net,Mataram,2023-05-10,175407.65,
4100,Halia Sundra,085122491720,halia.sundra@example.com,Mataram,2024-02-25,122177.48,
4101,Bunto Ridi,081213155227,,Mataram,2026-02-25,195744,
4102,Giman Namad,+6289515576849,giman.namad@post.example.net,Mataram,13/06/2024,199419,
4103,Sutri Yanto,0895-0463-2827,sutri.yanto@example.org,Surabaya,19.08.2026,54747.16,
4104," Muyan Zurah",081721831357,,Mataram,10.08.2026,"86.910,90",
4105,Jutri Zumam,081280152971,jutri.zumam@example.net,Mataram,2024-03-02,96052.16,
4106,Hawati Anwan,082115965739,hawati.anwan@example.net,Mataram,2025-01-04,235086.06,
4107,Suman Nalia,+6281216262825,suman.nalia@example.com,Surabaya,2026-01-22,27788.78,
4108,Mulia Mugus,081714040952,mulia.mugus@post.example.net,Surabaya,2026-03-13,93972.62,"wants invoice marked ""urgent"""
4109,Winto Jundra,081143832634,winto.jundra@example.org,Bandung,2025-08-07,185243.34,
4110,Antri Kasih,081802310021,antri.kasih@example.net,Mataram,2024-11-05,34407.21,
4111,"Detri Wiman ",0811 9333 6538,detri.wiman@mail.example.com,Surabaya,2025-07-12,132081.72,
4112,Susih Wisih,089561495156,susih.wisih@example.org,Padang,2026-08-13,141768.27,
4113,Handra Junto,082136070095,handra.junto@example.net,Mataram,2025-10-26,173593.97,
4114,Ginto Puman,081710365522,ginto.puman@post.example.net,Medan,2023-08-26,36851.22,
4115,"Antri Tawan ",+6285178216286,antri.tawan@example.net,Medan,2023-07-28,224449.70,
4116,Tarah Naman,085132891806,tarah.naman@example.net,Surabaya,2024-12-12,194173.29,
4117,Hatri Loman,081338567891,hatri.loman@example.org,Mataram,2026-05-11,56433.92,
4118,Kamad Cirah,089566800713,kamad.cirah@example.net,Medan,2024-10-03,2603.77,
4119,Tatri Riwan,081316078224,tatri.riwan@example.net,Mataram,2023-11-10,23247.09,
4120,Zuman Deyan,081768983613,zuman.deyan@post.example.net,Mataram,2024-01-23,238865.15,
4121,Busih Munto,081313057712,busih.munto@mail.example.com,Mataram,2025-04-04,166496.01,"prefers WhatsApp, not email"
4122,Tanto Junur,081826888555,tanto.junur@example.com,Mataram,2025-10-01,168011.55,
4123,Zunto Cinto,081864733089,zunto.cinto@example.com,Mataram,2024-02-09,160899.90,
4124,Pulia Zuyan,081149073047,pulia.zuyan@example.org,Mataram,2024-01-18,81454.02,
4125,Lomad Jugus,085178912058,lomad.jugus@post.example.net,Mataram,2024-10-18,170541.46,
4126,Losih Junur,081728919910,losih.junur@post.example.net,Medan,2023-03-08,24946.24,
4127,Juwan Natri,082171358940,juwan.natri@example.org,Mataram,2023-08-02,190916.53,"wants invoice marked ""urgent"""
4128,Narah Zutri,081823502374,narah.zutri@example.com,Makassar,21.01.2024,25172,
4129,Munto Pusih,081894780788,munto.pusih@example.org,Mataram,2024-05-11,246570.68,
4130,Gimad Farah,082128387881,gimad.farah@example.org,Medan,2023-01-17,92121.55,
4131,Zuyan Butri,081138635629,zuyan.butri@example.com,Surabaya,22.03.2024,200426.07,
4132,Ansih Nalia,081303619744,ansih.nalia@example.com,Surabaya,2026-08-25,45404.29,
4133,Indi Bundra,081837225428,indi.bundra@example.org,Mataram,2024-04-04,228175.38,
4134,Andi Sumad,0812 9616 7803,andi.sumad@mail.example.com,Mataram,2025-05-02,"231.968,29",
4135,Ansih Musih,081326924869,ansih.musih@example.net,Mataram,2025-11-19,25015.86,
4136,"Natri Juyan ",081828785302,natri.juyan@example.net,Makassar,2023-08-14,247166.02,
4137,Pulia Annto,081722488325,pulia.annto@example.org,Surabaya,2025-11-02,119705.91,
4138,Haman Hanto,089592576824,haman.hanto@example.com,Mataram,2026-08-26,200568.48,
4139,Talia Muwan,089561589400,talia.muwan@post.example.net,Mataram,2023-05-23,85468.78,
4140,Cinur Tayan,081199214662,cinur.tayan@mail.example.com,Mataram,2023-05-01,241999.65,
4141,Jugus Fanto,089540683105,jugus.fanto@example.org,Surabaya,2023-09-06,82882.75,
4142,Anrah Insih,081737870449,anrah.insih@post.example.net,Mataram,2023-07-14,90978.33,
4143,Butri Zunto,089572182342,butri.zunto@mail.example.com,Makassar,2025-06-15,439.94,
4144,Puyan Fayan,081262101676,puyan.fayan@example.org,Makassar,2026-01-23,99996.20,"wants invoice marked ""urgent"""
4145,Cigus Yandra,081296021352,cigus.yandra@example.org,Medan,2024-01-05,76883.76,
4146,Kaman Suwati,081223650103,kaman.suwati@post.example.net,Bandung,2024-08-08,18739.78,
4147,Tawati Buyan,081255444858,tawati.buyan@mail.example.com,Mataram,2025-03-28,128774.59,
4148,Winto Pulia,089509932767,winto.pulia@example.org,Mataram,2024-04-15,127167.18,
4149,Budi Zugus,085152441014,budi.zugus@example.com,Mataram,2023-02-16,153833.98,
4150,Puwan  Zundra,082163313983,puwan.zundra@example.org,Mataram,19/01/2026,108551.98,
4151,Ciman Nalia,081284671661,ciman.nalia@example.com,Bandung,2024-02-07,106037.69,
4152,Zutri Kanto,089532078675,zutri.kanto@mail.example.com,Denpasar,2023-06-21,58703.98,
4153,Yayan Jurah,082148791041,yayan.jurah@example.net,Bandung,24.03.2024,237624.05,"said ""call after 5pm"""
4154,Tawati Junto,081813078145,tawati.junto@example.com,Surabaya,17/11/2025,142490.58,
4155,Tasih Rimad,081194249462,tasih.rimad@mail.example.com,Bandung,2025-09-05,165069.07,
4156,Ritri Zulia,082171836942,ritri.zulia@example.net,Medan,2024-05-01,196653.47,
4157,Yagus Busih,081323135624,yagus.busih@post.example.net,Bandung,2024-02-15,118189.27,
4158,Murah Cimad,085114596090,murah.cimad@example.net,Mataram,2024-11-09,52177.94,
4159,Zuman Hayan,081711267896,zuman.hayan@post.example.net,Mataram,03/12/2025,"70.899,97",
4160,Cinto Wiman,081177883841,cinto.wiman@post.example.net,Surabaya,2023-03-26,16130.37,
4161,Dendra Puyan,081784704095,dendra.puyan@mail.example.com,Mataram,12.09.2023,179287.37,
4162,Bulia Bunto,+6281737006606,bulia.bunto@example.org,Bandung,2023-09-22,172847.51,
4163,Wigus Munto,085172136476,wigus.munto@example.com,Mataram,2023-02-19,200602.66,
4164,Sunto Faman,081169009842,sunto.faman@example.net,Padang,2026-06-17,147329.77,
4165,Intri Burah,081280756531,intri.burah@mail.example.com,Mataram,2025-09-09,141262.99,
4166,Pundra Munur,081145639702,pundra.munur@mail.example.com,Mataram,19/03/2026,"115.442,63",
4167,Mutri Annur,081830207902,mutri.annur@post.example.net,Medan,2024-12-19,220592.25,
4168,Ciman Inmad,082196379611,"ciman.inmad@example.com ",Denpasar,2023-05-14,196416.66,
4169,Munto Munto,082127120654,munto.munto@example.net,Mataram,2026-02-18,"57.064,67",
4170,Widi Nawati,085171313365,widi.nawati@example.net,Mataram,2023-01-02,48416.92,
4171,Sunto Zuyan,081731036601,sunto.zuyan@example.org,Surabaya,2026-02-14,107310.73,
4172,Sunto Tayan,081317490248,sunto.tayan@example.com,Mataram,2023-04-21,22651.56,
4173,Sunto Yanur,082101079217,sunto.yanur@post.example.net,Mataram,09.06.2026,105196,
4174,Buman Fadi,081248633677,buman.fadi@post.example.net,Mataram,2024-07-14,3669.03,
4175,Hawati Sunur,089549128729,hawati.sunur@mail.example.com,Surabaya,2024-07-02,210171.00,
4176,Zunto Cilia,081718111320,zunto.cilia@post.example.net,Makassar,2024-10-24,150576.25,
4177," Fawati Ansih",+6281776118757,fawati.ansih@example.com,Makassar,2026-08-25,"97.223,46",
4178," Hatri Cidi",085106717349,hatri.cidi@example.org,Mataram,2025-02-17,149080,
4179,Mutri  Murah,081227072092,mutri.murah@post.example.net,Padang,2025-12-28,225013.75,
4180,Kadi Karah,081338316714,kadi.karah@mail.example.com,Mataram,2026-06-22,80118.99,
4181,Muwati Fayan,082114942640,muwati.fayan@post.example.net,Mataram,2026-06-11,244011.81,
4182,Hadi Nasih,081285649644,"hadi.nasih@mail.example.com ",Mataram,2024-10-18,220522.58,
4183,Kalia Losih,085155276070,kalia.losih@example.net,Mataram,2024-01-01,228498.78,
4184,Famad Cidi,081867993211,famad.cidi@post.example.net,Mataram,2023-12-16,234660.46,
4185,Ciman Fandra,082125271647,ciman.fandra@post.example.net,Mataram,2023-09-22,132589.71,
4186,Losih Cinto,089506460674,losih.cinto@example.net,Mataram,2025-07-23,26027.74,
4187,Mundra Tarah,081860065540,mundra.tarah@post.example.net,Bandung,2023-08-14,3928.01,"paid by transfer, receipt pending"
4188,Muman Susih,089509825170,muman.susih@example.net,Surabaya,2025-09-03,32630.81,
4189,Pugus Ciyan,089524304016,pugus.ciyan@example.net,Bandung,2025-05-13,125369.90,
4190,Busih Inman,082114878717,busih.inman@example.org,Mataram,2026-02-09,162461.20,
4191,Sugus Riyan,081791824934,sugus.riyan@example.com,Bandung,2023-08-19,197250.84,"prefers WhatsApp, not email"
4192,Anrah Annur,081384162341,anrah.annur@example.org,Mataram,2024-08-22,82979.33,
4193,Wiwati Tawan,082134513562,wiwati.tawan@example.com,Makassar,2026-05-16,198642.00,
4194,Katri Dewati,089545467879,katri.dewati@example.com,Makassar,2025-06-11,152402.06,
4195,Busih Susih,081814806848,busih.susih@example.net,Mataram,2026-06-28,113944.76,
4196,Mulia Punur,0818-3140-7602,mulia.punur@post.example.net,Mataram,2024-11-17,159930.88,
4197,Kalia Innto,+6289513935214,kalia.innto@example.com,Bandung,08.05.2026,232999.75,
4198,Yalia Rimad,081863815919,yalia.rimad@example.com,Semarang,2024-06-13,197374.29,
4199,Deman Detri,089549194730,deman.detri@post.example.net,Mataram,2024-12-24,189594.99,
4200,Tagus Dewan,0811-9411-9130,tagus.dewan@mail.example.com,Mataram,2025-11-08,136368.47,
4201,Derah Inyan,081189860186,derah.inyan@example.net,Medan,2025-11-10,194538.92,
4202,Faman Musih,081356482751,faman.musih@example.com,Mataram,2025-06-10,203802.52,
4203,Dedi Jugus,089515402329,dedi.jugus@post.example.net,Mataram,2023-06-17,205628.79,
4204,Denur Mutri,085103031753,denur.mutri@example.com,Mataram,2024-02-16,10854.00,
4205,Hadi Ciyan,081119184299,hadi.ciyan@mail.example.com,Mataram,2026-02-21,40222.20,
4206,Hawan Rinur,081135501864,hawan.rinur@post.example.net,Mataram,2025-04-25,129159.63,
4207,Karah Karah,+6281101201790,karah.karah@example.org,Mataram,2026-03-19,17685.88,
4208,Buwati Famad,081307964652,buwati.famad@post.example.net,Mataram,2024-09-11,242675.06,
4209,Wisih Nanur,081366543301,wisih.nanur@example.com,Surabaya,2024-03-12,35218.90,
4210,Widi Cinur,081380695435,widi.cinur@example.net,Mataram,2026-01-19,182106.13,
4211,Ginto Wisih,081767561255,ginto.wisih@mail.example.com,Mataram,2023-10-12,160329.59,
4212,Mugus Nawati,081819232607,mugus.nawati@example.net,Mataram,2026-07-01,14857.39,
4213,Loman Zudi,081374938161,loman.zudi@example.com,Mataram,2026-08-21,160600.98,
4214,Butri Fawan,081289101626,butri.fawan@mail.example.com,Mataram,2024-03-13,3057.66,
4215,Yanto Cidi,0811 2238 5932,yanto.cidi@post.example.net,Mataram,2026-07-22,64900.60,
4216,Gidi Deyan,+6281260401774,gidi.deyan@mail.example.com,Bandung,2024-08-02,29863.96,
4217,Intri Yanur,081393152482,intri.yanur@example.net,Denpasar,2025-06-15,160670.55,
4218,Farah Punur,081111145159,farah.punur@mail.example.com,Mataram,2024-04-21,60830.17,
4219,Buyan Yayan,081786451485,buyan.yayan@example.org,Bandung,2025-08-01,106192.47,
4220,Pugus Logus,081857777133,pugus.logus@mail.example.com,Mataram,2024-05-02,93911.23,
4221,Innto Bunto,081304988851,innto.bunto@example.net,Mataram,2026-01-27,187824,
4222,Yanto Farah,082157921798,yanto.farah@example.org,Mataram,2023-11-27,122565.40,"paid by transfer, receipt pending"
4223,Anlia Loyan,082170324842,anlia.loyan@mail.example.com,Semarang,2025-03-15,220911.88,
4224,Tanto Indi,081890279867,tanto.indi@example.com,Mataram,2025-08-26,150790.04,
4225,Windra Burah,085123053428,windra.burah@example.org,Padang,2026-04-16,"189.983,36",
4226,Judi Zuman,085122135173,judi.zuman@example.org,Denpasar,2026-04-28,193916.14,
4227,Mundra Nagus,085180229466,mundra.nagus@example.org,Makassar,2026-08-17,148075.47,
4228,Lowati Kandra,089559599704,lowati.kandra@example.org,Mataram,2024-10-01,148222.19,
4229,Inman  Yanto,082125012837,inman.yanto@example.net,Surabaya,2024-07-28,56597.17,
4230,Anrah Pudi,081311060846,anrah.pudi@example.net,Mataram,2024-02-19,96815.86,
4231,Tanto Kanto,089555492383,tanto.kanto@example.com,Mataram,2025-10-24,90298.45,
4232,Gigus Muyan,081894167375,gigus.muyan@example.org,Mataram,2023-11-12,202209.57,
4233,Yanto Ginto,085180284246,yanto.ginto@example.net,Mataram,2023-08-08,239913.86,
4234,Surah Jumad,0851-9029-6274,surah.jumad@EXAMPLE.COM,Mataram,20/11/2024,212657,
4235,Mumad Deman,0811-9834-0717,mumad.deman@post.example.net,Medan,2026-04-08,100567.95,
4236,Yamad Mutri,089541390888,yamad.mutri@example.net,Bandung,2024-07-06,78307.23,address unclear
4237,Kalia Gidi,081304955065,kalia.gidi@example.org,Mataram,2024-03-12,12764.20,
4238,Derah Mugus,081203210882,derah.mugus@example.net,Medan,2024-02-03,198685.13,
4239,Yalia Innur,0817-7123-4029,yalia.innur@post.example.net,Surabaya,2024-03-19,163735,
4240,Kawati Inyan,085193956902,kawati.inyan@example.net,Mataram,2025-12-26,131216.62,
4241,Rinto Yadi,081352402964,rinto.yadi@example.net,Mataram,2023-05-28,49169.98,
4242,Tamad Inwan,081391508772,tamad.inwan@mail.example.com,Mataram,2024-06-17,243583.97,
4243,Fatri Bulia,081810712439,fatri.bulia@example.org,Mataram,2025-04-19,176509.66,
4244,Katri Pumad,082117793909,katri.pumad@example.org,Medan,2023-04-27,15134.07,
4245,Nagus Giwati,089524068775,nagus.giwati@example.org,Mataram,2026-04-09,193406.20,
4246,Jutri Kagus,081757928334,jutri.kagus@post.example.net,Mataram,16/01/2024,"199.866,25",
4247,Kayan Zunto,0812-6544-1290,kayan.zunto@example.net,Mataram,15/10/2025,147660,
4248,Halia Juman,0812 1672 1872,halia.juman@example.net,Mataram,2023-10-17,211994.27,
4249,Dedi Winto,082184929678,dedi.winto@example.com,Surabaya,2026-07-01,238982.73,
4250,Anlia Zuyan,081268747730,anlia.zuyan@example.net,Mataram,2025-12-16,168793,
4251,Fayan Anrah,082146031907,fayan.anrah@example.com,Bandung,2023-11-06,234926.83,
4252," Degus Ginto",+6281170259741,degus.ginto@example.com,Mataram,27.06.2023,237002.07,
4253,Tayan Yalia,089548347474,tayan.yalia@example.net,Bandung,2023-11-14,121051.81,
4254,Ritri Karah,089520695433,ritri.karah@post.example.net,Bandung,2024-10-15,178922.16,
4255,Zuwan Zumad,081763843918,zuwan.zumad@example.net,Makassar,2026-03-16,32825.15,
4256,Indi Gisih,+6281235022875,indi.gisih@post.example.net,Mataram,2023-04-27,23376,
4257,Rinto Anyan,089596375898,rinto.anyan@post.example.net,Mataram,2025-01-11,238014.71,
4258,Buyan Lonto,085102846512,buyan.lonto@mail.example.com,Mataram,2025-08-27,141943.27,
4259,Dewati Lowati,089542273795,dewati.lowati@post.example.net,Mataram,2023-10-04,199622.56,
4260," Lowan Riyan",0895 3991 3307,lowan.riyan@example.com,Mataram,22.09.2024,"76.274,40",
4261,Jugus Muwan,081731892679,jugus.muwan@example.com,Bandung,2026-04-26,4010.35,
4262,Mulia Muyan,082145744539,mulia.muyan@example.com,Mataram,2023-10-27,20718.79,
4263,Bunto Cimdra,0895-6599-5039,bunto.cimdra@post.example.net,Mataram,2026-05-22,"92.575,67",
4264,Taman Susih,085196691753,taman.susih@post.example.net,Semarang,28/04/2023,66937,
4265,Pumad Dendra,081803816028,pumad.dendra@mail.example.com,Medan,2025-11-17,25434.38,
4266,Hanto Muwati,081247381044,hanto.muwati@example.net,Surabaya,2026-02-10,18282.36,
4267,Junur Suwan,081892385501,junur.suwan@example.org,Bandung,2026-08-25,113487.40,
4268,Munto Rigus,+6281166223270,munto.rigus@example.com,Mataram,2023-05-24,90268,
4269,Sunto Bulia,081881720905,sunto.bulia@example.com,Mataram,2024-12-18,52036.92,
4270,Gindra Winur,081781299318,gindra.winur@mail.example.com,Mataram,2024-03-15,77658.39,
4271,Suyan Faman,081730861300,suyan.faman@mail.example.com,Surabaya,2025-12-15,35726.42,
4272,Yadi Yandra,0811-9194-4637,yadi.yandra@example.org,Mataram,14/01/2025,"54.381,21",
4273,Derah Pugus,081257775724,derah.pugus@example.net,Mataram,2025-08-17,186008.09,
4274,Hamad Hamad,081326374761,hamad.hamad@post.example.net,Surabaya,2024-03-09,204587.11,
4275,Nasih Gimad,081176002592,nasih.gimad@example.com,Makassar,2024-11-16,55741.66,
4276,Demad Kandra,081859052673,demad.kandra@example.net,Mataram,2025-09-24,111548,
4277,Bugus Yanto,081391695734,bugus.yanto@post.example.net,Mataram,2026-01-02,60106.19,
4278,Tagus Burah,081150596852,tagus.burah@post.example.net,Mataram,2026-01-15,147051.84,
4279,Innto Annto,085151045875,innto.annto@post.example.net,Mataram,2023-01-25,213594.63,
4280,Narah Lonto,085170790928,narah.lonto@example.org,Bandung,2023-03-20,43907.23,
4281,Mugus Rilia,085149173225,mugus.rilia@example.org,Semarang,2023-12-23,216286.00,
4282,Fayan Yayan,085120969455,fayan.yayan@example.com,Makassar,2025-09-09,158824.88,
4283,Junto Hasih,082102271674,junto.hasih@post.example.net,Bandung,2026-08-19,100607.57,
4284,Giwan Dento,081857600062,giwan.dento@example.com,Mataram,2024-11-17,172728.81,
4285,Giwati Gilia,081112441540,giwati.gilia@example.net,Mataram,2023-08-09,225337.28,
4286,Riwan Degus,081700834553,riwan.degus@example.org,Semarang,2024-12-14,239613.40,
4287,Buman Musih,081821853174,buman.musih@post.example.net,Mataram,2026-03-02,26166.97,
4288,Judi Suwan,081170381589,judi.suwan@post.example.net,Mataram,05.09.2025,"205.773,46",
4289,Widi Ritri,081142681537,widi.ritri@example.net,Surabaya,2024-12-17,243640.99,
4290,Murah Juwan,081834843281,murah.juwan@post.example.net,Mataram,2023-06-16,243561.76,
4291,Nadi Wimad,081227659435,nadi.wimad@example.org,Bandung,2026-06-02,163032.64,
4292,Zuman Delia,085122367488,zuman.delia@example.org,Mataram,2024-11-28,37172.06,
4293,Widi Zunur,082166770377,widi.zunur@post.example.net,Semarang,2026-03-27,209678.48,
4294,Yaman Nasih,081881948435,yaman.nasih@example.net,Mataram,2026-02-14,39710.29,
4295,Tatri Hatri,081742908392,tatri.hatri@example.org,Mataram,2026-02-13,244533.99,
4296,Sugus Inman,081810050342,,Mataram,21.07.2025,227435.99,
4297,Bundra Sugus,+6282119177059,"bundra.sugus@example.net ",Mataram,01.06.2025,114408.12,
4298,Ciwati Inman,081790486732,ciwati.inman@post.example.net,Surabaya,2025-11-27,32207.81,
4299,Ciwan Munur,081736978105,ciwan.munur@example.com,Bandung,2026-01-28,145131.43,
4300,Yamad Inman,081342911058,yamad.inman@example.org,Medan,2026-05-05,187468.42,
4301,Nalia Cigus,081851005534,nalia.cigus@example.org,Mataram,2026-04-15,123220.27,
4302," Rindra Innto",081797790536,rindra.innto@example.org,Makassar,14.04.2024,234468,
4303,Ansih Kandra,089532022162,ansih.kandra@example.net,Bandung,2025-02-18,79023.15,
4304,Kandra Juwati,082144739981,kandra.juwati@example.net,Bandung,2026-03-24,229309.26,follow up next week
4305,Tanur Jutri,082101172505,tanur.jutri@mail.example.com,Mataram,2026-06-11,154711.16,
4306,Anwati Bundra,081248295170,anwati.bundra@mail.example.com,Semarang,2026-04-21,211387.01,
4307,Desih Talia,081875259657,desih.talia@example.net,Makassar,2024-10-28,76085.55,"said ""call after 5pm"""
4308,Zunur Sumad,085135901035,zunur.sumad@example.com,Mataram,2023-07-06,184402.35,
4309,Punto Gitri,082105860259,,Mataram,2024-04-03,204648.77,
4310,Winto Zunur,085134235279,winto.zunur@example.org,Mataram,2023-07-06,215027.36,
4311,Taman Anlia,081146567927,taman.anlia@example.org,Mataram,2024-08-11,116260.75,
4312,Munto Cilia,0818-3337-1900,munto.cilia@example.com,Mataram,2026-01-10,217515.20,
4313,Harah Lolia,082142181550,harah.lolia@post.example.net,Mataram,2026-01-17,117855.11,
4314,Gilia Bunto,081297047372,"gilia.bunto@example.net ",Mataram,2026-05-11,96710,
4315,Kamad Wigus,082140765385,kamad.wigus@mail.example.com,Semarang,2025-12-18,123410.38,
4316,Lonto Riyan,089507585628,lonto.riyan@example.org,Mataram,2025-12-27,232909.40,
4317,Kadi Taman,085101157538,kadi.taman@mail.example.com,Surabaya,2024-06-15,223862.84,"prefers WhatsApp, not email"
4318,Fatri Zumad,081186048353,fatri.zumad@example.org,Semarang,2023-01-01,32211.56,"wants invoice marked ""urgent"""
4319,Bumad Giyan,089538117457,bumad.giyan@mail.example.com,Semarang,2026-05-26,154811.63,
4320,Kamad Cirah,081114762292,kamad.cirah@example.com,Bandung,2024-06-19,212966.95,
4321,Kawan Gindra,081842912353,kawan.gindra@mail.example.com,Mataram,24.11.2023,56386.66,
4322,Mutri Talia,081113757761,mutri.talia@mail.example.com,Mataram,2024-07-25,42678.95,
4323,Gigus Cimad,085145846417,gigus.cimad@mail.example.com,Mataram,10/11/2025,"231.778,86",
4324,Fadi Dendra,085118794542,fadi.dendra@example.net,Medan,2025-09-23,130709.76,
4325,Fanto Riman,0821 1186 2764,,Mataram,09/12/2024,183595.99,
4326,Junto Pulia,085142577260,junto.pulia@example.org,Mataram,2025-04-20,77203.95,
4327,Giman Hadi,081337794632,giman.hadi@example.com,Bandung,2025-05-16,242903.12,
4328,Rigus Bunto,081191933597,rigus.bunto@example.com,Denpasar,2025-09-14,219916.04,
4329,Wiyan Gimad,081294703995,wiyan.gimad@example.net,Mataram,2024-12-04,161435.39,
4330,Hanto Degus,081890769150,hanto.degus@post.example.net,Bandung,2025-01-09,84989.44,
4331,Yandra Ginto,081821495441,yandra.ginto@example.com,Mataram,2023-07-17,169863.73,
4332,Lonto Zurah,081350251992,lonto.zurah@post.example.net,Surabaya,2025-01-09,89981.13,
4333,Yamad Wirah,081704879268,yamad.wirah@example.org,Mataram,2023-02-16,182853.24,
4334,Dedi Cilia,089598726272,dedi.cilia@example.org,Mataram,2024-04-18,68147.83,
4335,Muwati Inlia,081381220568,muwati.inlia@mail.example.com,Mataram,2024-02-21,141327.81,
4336,Punto Ansih,082100522071,punto.ansih@post.example.net,Mataram,2025-06-14,180988.87,
4337,Cinur Riwan,081320156844,cinur.riwan@example.com,Mataram,2024-01-07,"44.598,19",
4338,Gilia Yadi,081763934438,gilia.yadi@example.org,Mataram,2023-02-10,31595.44,
4339,Handra Suwan,081158969081,handra.suwan@example.com,Medan,2023-11-07,46108.74,
4340,Hanto Dewan,081703989579,hanto.dewan@post.example.net,Mataram,2025-12-18,19870.86,
4341,Cinur Famad,081197987740,cinur.famad@mail.example.com,Mataram,2024-04-10,100346.58,"paid by transfer, receipt pending"
4342,Dewan Kagus,082105068819,dewan.kagus@example.com,Surabaya,2025-10-27,3463.48,
4343,Murah Fayan,081877472581,murah.fayan@example.org,Mataram,2026-01-25,75900.82,
4344,Hatri Mugus,081211613458,hatri.mugus@example.net,Semarang,2023-06-27,25645.44,
4345,Suman Degus,089578203104,suman.degus@example.com,Bandung,2025-11-17,11410.77,
4346,Fanto Buwati,081879001657,fanto.buwati@example.com,Surabaya,2024-03-11,217983.05,
4347,Riwan Namad,081729307896,riwan.namad@example.org,Surabaya,2026-08-06,155473.03,
4348,Losih Sulia,081844009113,losih.sulia@post.example.net,Denpasar,2024-09-12,158875.02,
4349,Talia Munur,085129265389,talia.munur@mail.example.com,Bandung,01.12.2024,"235.829,99",
4350," Muman Suwati",0812-2278-6277,,Makassar,2023-09-20,226100,
4351,Windra Sundra,082103965686,windra.sundra@example.com,Mataram,2026-02-24,55908.93,no answer on the number given
4352,Anlia  Innto,0821-2412-9624,,Mataram,2024-10-07,208797.25,
4353,Citri Winto,081161110557,citri.winto@example.net,Medan,2025-05-17,155254.76,
4354,"Innur Zunur ",+6281128485151,innur.zunur@example.com,Mataram,2024-05-09,"171.709,75",
4355,Jusih Junto,081719572913,jusih.junto@mail.example.com,Makassar,2024-01-15,150449.83,
4356,Yandra Yamad,0817-7836-7786,yandra.yamad@post.example.net,Bandung,2024-09-14,147720.89,
4357,Cigus Zuwan,089510776231,cigus.zuwan@mail.example.com,Mataram,2026-06-09,141874.06,
4358,Lowati Tasih,081378961562,lowati.tasih@post.example.net,Mataram,2023-10-03,81452.88,
4359,Lonto Fawati,089578713511,lonto.fawati@example.org,Mataram,24/05/2026,"44.507,37",
4360,Rigus Indi,082127768876,rigus.indi@post.example.net,Bandung,2025-10-06,124695.00,
4361,Denur Wiyan,081310012520,denur.wiyan@example.org,Mataram,2025-05-16,179439.17,
4362,Deman Cinto,081860413906,deman.cinto@example.net,Mataram,2025-12-21,141971.95,
4363,Julia Kadi,082104237259,julia.kadi@post.example.net,Mataram,2024-09-15,43394.19,
4364,Lorah Falia,081307625007,lorah.falia@post.example.net,Mataram,2023-05-18,209212.19,
4365,Nandra Desih,085122962736,nandra.desih@mail.example.com,Mataram,2025-06-06,84130.47,
4366,Fatri Fanto,085156925763,fatri.fanto@example.org,Mataram,2024-01-26,32496.15,
4367,Tatri Junto,089518342141,tatri.junto@post.example.net,Bandung,2025-06-08,24916.42,
4368,Nalia Yawati,089546991677,,Mataram,2023-09-08,98362.22,
4369,Gindra Anndra,085153690682,gindra.anndra@example.net,Mataram,2025-05-20,48770.58,
4370,Puwan Winur,082158358645,puwan.winur@post.example.net,Mataram,2026-07-21,41530.42,
4371,Pudi Nadi,089507567583,pudi.nadi@example.net,Mataram,2025-06-28,61793.00,
4372,Tagus Inndra,081322736063,tagus.inndra@example.org,Semarang,2024-06-28,249131.70,
4373,Gindra Sulia,089528292307,gindra.sulia@post.example.net,Mataram,2025-08-04,35670.46,
4374,Cinto Faman,085150614783,,Mataram,22/06/2025,177762,
4375," Buyan Puman",089538126464,buyan.puman@example.net,Makassar,04.12.2024,240250.45,
4376,Windra Riwati,082141933622,windra.riwati@mail.example.com,Makassar,2026-05-19,132500.65,
4377,Hadi Rinto,081107339984,hadi.rinto@example.org,Mataram,2026-07-25,25215.52,
4378,Degus Lorah,+6281761428442,degus.lorah@example.net,Mataram,2025-12-18,242788.81,
4379," Windra Ingus",089561097519,windra.ingus@post.example.net,Mataram,12/08/2025,4238.59,
4380,Mumad Handra,089595088215,mumad.handra@example.org,Mataram,2025-03-05,92213.49,
4381,Kaman Inrah,082180014158,kaman.inrah@example.net,Makassar,2026-05-06,140183.72,
4382,Rigus  Gindo,081301340204,rigus.gindo@example.org,Surabaya,06/12/2023,59302.36,
4383,Halia Tanto,085182122127,halia.tanto@post.example.net,Denpasar,2025-07-26,58440.38,
4384,Juwati Kasih,081727096504,juwati.kasih@example.net,Mataram,2023-04-04,25415.22,
4385,Anrah Pudi,081257406425,anrah.pudi@example.org,Surabaya,20.07.2026,115364.43,
4386,Risih Yanur,081879212675,risih.yanur@example.com,Mataram,2024-10-18,205977.71,
4387,Inndra Ciwan,082110872601,inndra.ciwan@mail.example.com,Makassar,2024-02-23,51655.97,
4388,Angus Cimad,+6282138631571,angus.cimad@post.example.net,Surabaya,17.06.2024,"136.833,07",
4389,Nawan Punto,081757517951,nawan.punto@mail.example.com,Bandung,2024-06-14,65585.08,
4390,Bunto Kanur,085146179620,bunto.kanur@example.net,Mataram,2025-11-05,82063.19,
4391,Gigus Nasih,085172764532,gigus.nasih@example.org,Mataram,2023-02-06,11320.44,
4392,Zuman Jundra,089505326421,zuman.jundra@example.com,Mataram,2023-01-23,153731.74,
4393,Zunto Jurah,081879321913,zunto.jurah@example.net,Mataram,2023-01-15,3408.76,
4394,Hamad Giwati,081116832682,hamad.giwati@post.example.net,Bandung,2026-04-24,48705.31,
4395,Buwan Gimad,0811 5483 0088,"buwan.gimad@example.net ",Surabaya,2023-05-21,52523,
4396,Bulia Nanur,085113182929,bulia.nanur@example.net,Bandung,2026-07-27,235012.50,
4397,Desih Jundra,081396186616,desih.jundra@example.org,Medan,2025-04-01,26133.54,
4398,Indi Fanur,081294282726,indi.fanur@example.org,Surabaya,2025-11-19,85882.67,
4399,Suman Talia,+6281895756615,suman.talia@example.net,Semarang,16/06/2026,224206,
4400,Yalia Ginto,082199434440,yalia.ginto@post.example.net,Semarang,2025-03-07,17943.60,
4401,Deyan Dendra,081846445811,deyan.dendra@post.example.net,Bandung,2024-04-23,216068.60,
4402,Kawati Tayan,081336421662,kawati.tayan@post.example.net,Mataram,2024-11-10,36359.98,
4403,Lorah Dewan,081357410177,lorah.dewan@example.net,Surabaya,2026-07-27,93254.26,
4404,Innto Suwan,081392321519,innto.suwan@example.com,Makassar,2024-07-18,155197.07,"said ""call after 5pm"""
4405,Bunto Tatri,085104553053,bunto.tatri@post.example.net,Mataram,2025-05-14,228099.24,"duplicate of earlier signup, verify"
4406,Fadi Dento,0895-6961-6284,fadi.dento@post.example.net,Mataram,2024-01-24,"126.419,33",
4407,Rimad Zugus,089555188623,rimad.zugus@mail.example.com,Medan,2025-11-25,137350.85,
4408,Fanto Zuwan,081289073531,"fanto.zuwan@example.net ",Mataram,2024-03-13,197520.51,
4409,Cimad  Wiyan,082178074212,cimad.wiyan@example.net,Surabaya,12.12.2023,97713.34,
4410,Nasih Burah,0821 1708 6355,nasih.burah@example.net,Mataram,2024-02-07,204072.16,
4411,Riwati Wiwati,+6281193281126,,Mataram,24/02/2023,209762.37,"wants invoice marked ""urgent"""
4412,Lonto Nanto,089575634098,lonto.nanto@example.net,Mataram,2024-03-04,173947.70,
4413,Suman Ritri,082116984976,suman.ritri@post.example.net,Mataram,2025-09-15,213361.26,
4414,Delia Junur,082127190734,delia.junur@mail.example.com,Denpasar,2024-07-26,155174.66,
4415,Yawan Tanur,081708167093,yawan.tanur@example.com,Semarang,2024-11-06,246671.84,
4416,Yadi Mutri,082136508447,yadi.mutri@example.com,Mataram,2025-01-16,191244.09,
4417,Bunur Annto,082111326790,bunur.annto@example.net,Medan,2025-05-22,88778.57,
4418,Intri Deman,081117477200,intri.deman@mail.example.com,Mataram,2024-02-17,47269.14,
4419,Wimad Hayan,081842558531,wimad.hayan@example.net,Mataram,2023-01-15,713.63,
4420,Hawan Lonur,081724643921,hawan.lonur@post.example.net,Mataram,2025-09-09,80932.98,
4421,Munto Tanur,081725422349,munto.tanur@post.example.net,Mataram,2025-11-01,203548.82,
4422,Pusih Nawati,081892728809,pusih.nawati@post.example.net,Mataram,2024-10-08,90702.47,
4423,Hanto Citri,081828380453,hanto.citri@example.com,Mataram,2023-08-13,15654.39,
4424,Puwati Mugus,081308626407,puwati.mugus@post.example.net,Mataram,04/05/2026,160707.75,
4425," Bunto Kawan",085133071985,bunto.kawan@example.com,Mataram,25/12/2023,65658.65,
4426,Lowan Cilia,085159167610,lowan.cilia@example.net,Medan,2025-06-22,69915.12,
4427,Hatri Wiyan,089594865626,hatri.wiyan@post.example.net,Mataram,2026-07-25,20056.72,"paid by transfer, receipt pending"
4428,Natri Puyan,081296479369,natri.puyan@post.example.net,Mataram,2026-06-05,191276.79,
4429,Zudi Juyan,081292789639,zudi.juyan@example.org,Bandung,2026-06-18,102041.05,
4430,Kaman Gigus,0851 8859 6599,kaman.gigus@mail.example.com,Mataram,2024-07-10,158957,
4431,Juyan Kanto,081386021345,juyan.kanto@post.example.net,Mataram,15/01/2023,232542.33,
4432,Falia Riwan,081397303541,falia.riwan@example.com,Mataram,2025-02-13,224153.41,
4433,Kasih Rindra,0821-8864-3675,kasih.rindra@mail.example.com,Mataram,2024-10-15,"93.942,35",
4434,Giwati Famad,081237302985,giwati.famad@mail.example.com,Surabaya,2026-01-04,143747.61,
4435,Tawan Dento,081815447110,tawan.dento@example.org,Mataram,2026-07-04,184842.24,
4436,Namad Mulia,081129396890,namad.mulia@post.example.net,Mataram,2025-11-08,64829.46,
4437,Kamad Lowati,089574865744,kamad.lowati@example.net,Mataram,2025-01-09,145252.04,"duplicate of earlier signup, verify"
4438,Bunto Tayan,081284843923,bunto.tayan@post.example.net,Mataram,2025-10-12,27918.90,
4439,Inyan Lotri,081825702160,inyan.lotri@example.com,Mataram,2023-05-06,121247.50,
4440,Harah Pundra,081781104491,harah.pundra@example.org,Mataram,2023-06-21,106688.44,
4441,Delia  Rinto,085112891349,delia.rinto@mail.example.com,Mataram,13/09/2024,58454.66,
4442,Cilia Lolia,+6282193505076,cilia.lolia@example.com,Mataram,12.08.2024,237737.41,
4443," Kagus Puman",081339288977,"kagus.puman@example.com ",Mataram,2026-05-11,241358,
4444,Inwan Cisih,089596470381,inwan.cisih@example.org,Mataram,2025-12-15,5357.86,
4445,Judi Susih,081862236018,judi.susih@post.example.net,Mataram,2024-06-14,177142.24,
4446,Sunto Yanto,082186958082,sunto.yanto@example.net,Makassar,2023-06-25,58790.08,
4447,Gigus Inmad,081832777323,gigus.inmad@post.example.net,Mataram,2026-03-21,178382.40,
4448,Sunto Kandra,081703876367,sunto.kandra@example.org,Mataram,2024-03-02,192425.67,
4449,Jugus Gimad,082196332338,jugus.gimad@example.com,Mataram,2026-08-19,40277.78,
4450,Risih Puyan,081297247864,risih.puyan@example.org,Padang,2023-05-09,245353.69,
4451,Rilia Fawan,081395667961,rilia.fawan@post.example.net,Mataram,2025-08-23,70219.69,
4452,Gigus Dewati,081189851287,gigus.dewati@example.net,Mataram,2023-11-28,44716.24,
4453,Munto Tasih,085104075480,munto.tasih@mail.example.com,Surabaya,2024-05-24,199660.72,
4454,Gilia Tamad,081137550290,gilia.tamad@mail.example.com,Medan,2025-02-01,150292.77,
4455,Tamad Cindra,081393872948,tamad.cindra@example.net,Mataram,2026-06-13,236540.95,
4456,Annur Nalia,085176288248,annur.nalia@example.net,Padang,2026-01-23,239850.82,
4457,Kanto Ciwan,0812-1020-4310,kanto.ciwan@post.example.net,Mataram,2023-09-24,13120.42,
4458,Sunto Inwan,081847385425,sunto.inwan@post.example.net,Mataram,2023-06-27,108315.21,
4459,Wiwati Dendra,081155892475,wiwati.dendra@example.org,Mataram,2023-04-08,109897.79,
4460,Junto Innur,081725397238,junto.innur@post.example.net,Surabaya,2023-08-16,135861.15,
4461,Demad Losih,081825184070,demad.losih@example.net,Mataram,2024-09-16,234192.33,
4462,Loman Jurah,081321639299,loman.jurah@post.example.net,Mataram,2023-11-10,231651.58,
4463,Tayan Bunto,081197299249,tayan.bunto@example.com,Mataram,2024-02-23,154050.51,
4464,Purah Ciwan,081385518460,purah.ciwan@example.com,Medan,2026-02-01,34506.41,
4465,Bunur Rigus,081237469910,bunur.rigus@example.org,Bandung,2025-11-20,238511.19,no answer on the number given
4466,Handra  Tatri,0817 9034 8928,handra.tatri@EXAMPLE.NET,Bandung,18.10.2024,10623.52,
4467,Zusih Riwan,081817856661,zusih.riwan@example.org,Mataram,2026-08-16,48462.62,
4468,Inlia Murah,081128547741,inlia.murah@example.net,Mataram,2024-09-25,183008.60,
4469,Muwan  Lomad,082150645749,muwan.lomad@example.net,Mataram,2024-04-13,187176.86,
4470,Derah Hatri,081359855735,derah.hatri@example.com,Mataram,2026-01-06,249561.15,
4471,Indi  Winto,081782008149,indi.winto@example.com,Surabaya,07/11/2023,153692.57,
4472,Kandra Nayan,085146147888,kandra.nayan@mail.example.com,Mataram,2023-02-05,112731.59,
4473,Wirah Punto,082109586272,wirah.punto@example.org,Mataram,2024-03-05,16573,
4474,Loman Tagus,081297236309,loman.tagus@example.net,Bandung,2024-01-26,76533.29,
4475,Deyan Lowan,085102391854,deyan.lowan@example.com,Mataram,2024-03-18,84224.72,
4476,Bundra Indi,081118666589,bundra.indi@example.net,Mataram,2024-03-06,139645.97,no answer on the number given
4477,Lowan Rimad,082196728977,lowan.rimad@mail.example.com,Mataram,01.09.2023,92881.02,
4478,Gilia Yaman,082152837250,gilia.yaman@example.com,Medan,2024-04-28,60294.80,
4479,Lowan Nasih,085138879157,lowan.nasih@example.org,Mataram,2025-09-05,139130.91,
4480,Widi Budi,085106907082,widi.budi@post.example.net,Bandung,2023-09-01,31793.66,
4481,Tanto Yanur,081392782931,tanto.yanur@example.com,Mataram,2024-03-13,91577.74,
4482,Zuzih Bundra,081893477674,zuzih.bundra@example.net,Bandung,2023-11-24,35163.08,
4483,Rigus  Loman,0813 1419 6240,rigus.loman@example.net,Mataram,2024-07-15,"116.029,97",
4484,Lonto Buwan,+6281720504904,lonto.buwan@example.org,Mataram,2025-12-16,119312.05,
4485,Fandra Fandra,0812 8029 1853,"fandra.fandra@example.org ",Makassar,24/02/2024,85080.69,
4486,"Andi Delia ",081365404006,,Medan,2023-02-03,30818.30,address unclear
4487,Nawati Fandra,+6282112468019,nawati.fandra@MAIL.EXAMPLE.COM,Mataram,28/08/2026,143660.24,"duplicate of earlier signup, verify"
4488," Riwati Juyen",089507578447,riwati.juyen@example.net,Mataram,03/05/2026,129707.17,
4489,Murah Natri,081291836564,murah.natri@mail.example.com,Bandung,2026-02-20,10334.40,
4490,Yamad Winto,089582545104,yamad.winto@example.net,Mataram,2024-03-09,231850.94,
4491,Zuman Nandra,089598999309,zuman.nandra@example.net,Mataram,2024-03-02,184729.12,
4492,Anman Bundra,081327571031,anman.bundra@post.example.net,Mataram,2026-01-22,133951.07,
4493,Insih Zutri,089559930365,insih.zutri@mail.example.com,Bandung,2026-06-03,197112.61,
4494,Hamad Witri,089540795611,hamad.witri@example.net,Mataram,2024-09-06,188930.28,
4495,Halia Yarah,085151277062,halia.yarah@mail.example.com,Mataram,2026-03-21,242313.11,
4496,Bundra Nasih,0821 3732 3007,bundra.nasih@EXAMPLE.ORG,Mataram,2024-07-22,9428.75,
4497,Jusih Inman,0812 7462 9002,jusih.inman@post.example.net,Bandung,2023-09-07,32265.01,
4498,Hanto Narah,089508961565,hanto.narah@mail.example.com,Mataram,2023-10-22,89805.62,
4499,Natri Dedi,081339653645,natri.dedi@mail.example.com,Mataram,2025-07-08,21813.52,
4500,Munto Zusih,0817 2787 2478,munto.zusih@example.net,Mataram,2023-07-23,136822.53,
4501,Yagus Zudi,081352813292,yagus.zudi@mail.example.com,Bandung,2023-01-10,214077.80,
4502,Suwati Surah,081731380054,suwati.surah@example.com,Mataram,2023-07-03,147439,
4503,Annto Cidi,081875737051,annto.cidi@mail.example.com,Mataram,2023-10-23,58385.32,"wants invoice marked ""urgent"""
4504,Yadi Butri,081103759514,yadi.butri@mail.example.com,Mataram,2023-07-27,"245.739,44",
4505,Kadi Hanto,089513141264,kadi.hanto@post.example.net,Mataram,2023-01-13,143011.27,
4506,Zunur Fatri,081863065883,zunur.fatri@example.com,Semarang,2025-07-24,164155.75,
4507,Katri Butri,081708890626,katri.butri@example.net,Mataram,2023-06-21,136147.47,
4508,Fanto Hanto,081150365390,fanto.hanto@example.net,Mataram,2024-01-23,140150.52,
4509,Jusih Pulia,081771784390,jusih.pulia@example.com,Mataram,2026-01-11,32375.45,
4510,"Haman Winur ",081379912913,,Surabaya,17.10.2025,158386.33,
4511,Yatri Innto,085191427033,yatri.innto@example.org,Mataram,2026-08-18,149081.75,
4512,Anrah Gisih,081161657851,anrah.gisih@post.example.net,Mataram,2025-11-17,27101.39,
4513,Zuwan Riyan,089564794128,zuwan.riyan@post.example.net,Makassar,2025-01-11,37267.65,"prefers WhatsApp, not email"
4514,Kalia Lorah,081336076953,kalia.lorah@example.com,Padang,2024-06-12,135568.03,"prefers WhatsApp, not email"
4515,Kanur Puyan,081380392308,kanur.puyan@example.com,Mataram,2025-04-27,141990.71,
4516,Lonto Logus,081131803871,lonto.logus@mail.example.com,Mataram,2023-04-02,216474.35,
4517,Pugus Juman,081260735434,pugus.juman@example.net,Bandung,2023-07-19,50585.21,
4518,Fagus Jutri,081824075086,fagus.jutri@example.org,Mataram,2023-11-04,182891.73,
4519,"Winur Junto ",0813 3545 8764,winur.junto@mail.example.com,Denpasar,2023-04-16,"70.417,94",
4520,Annur Mundra,085131938021,annur.mundra@example.net,Surabaya,2025-11-16,136062.55,
4521,Windra Riwati,081383156417,windra.riwati@example.net,Surabaya,2023-01-04,81865.50,
4522,Purah Nalia,085169909889,purah.nalia@post.example.net,Makassar,2025-07-17,37959.80,
4523,Innto Gilia,081271227189,innto.gilia@example.org,Mataram,2025-10-11,85230.86,"wants invoice marked ""urgent"""
4524,Yawati Winto,089575111905,yawati.winto@example.org,Mataram,2023-08-16,143913.03,
4525,Wiwati Yawati,081197791981,wiwati.yawati@example.net,Mataram,2025-04-27,71018.08,
4526,Windra Lonur,081877299705,windra.lonur@example.net,Mataram,2023-04-21,120205.46,
4527,Tandra Zurah,081296058861,tandra.zurah@mail.example.com,Mataram,2024-12-17,19215.88,
4528,Putri Antri,082100742865,"putri.antri@example.org ",Mataram,2025-04-02,125609.50,
4529,Innur Bulia,081315748541,innur.bulia@post.example.net,Mataram,2024-07-06,62958.07,
4530,Anwan Talia,081123885893,anwan.talia@post.example.net,Mataram,2023-11-24,60872.77,
4531,"Mudi Hadi ",081780896394,mudi.hadi@post.example.net,Mataram,2026-01-17,12984.05,
4532,Punto Loman,089530259891,punto.loman@example.com,Medan,2023-03-10,"133.080,45",
4533,Cinur Anlia,089543436501,cinur.anlia@post.example.net,Mataram,2024-05-15,146517.50,
4534,Tagus Loman,082126661033,tagus.loman@example.org,Surabaya,2025-01-06,128244.36,
4535,Punto Indi,085151571108,punto.indi@example.net,Makassar,21.08.2026,"19.507,64",
4536,Karah Famad,081727777388,karah.famad@mail.example.com,Mataram,2023-04-17,19977.61,
4537,Juwan Anman,089531546325,juwan.anman@mail.example.com,Semarang,2025-03-24,16809.76,
4538,Hagus Yamad,085184907507,hagus.yamad@post.example.net,Mataram,2024-08-13,30286.15,
4539,Sunto Zugus,0811-2621-7833,sunto.zugus@example.net,Mataram,22/11/2025,"72.246,10",
4540,Kaman Fagus,082113565879,kaman.fagus@example.net,Semarang,2024-11-25,35006.94,
4541,Lonto Gidi,081153488498,lonto.gidi@example.net,Mataram,2025-01-16,181698.91,
4542,Wiwan Anwan,085146628495,wiwan.anwan@mail.example.com,Mataram,2023-04-10,130707.39,
4543,Lonto  Cindra,+6282188433045,lonto.cindra@post.example.net,Mataram,2024-01-10,187453.43,
4544,Desih Ridi,081206862563,desih.ridi@example.com,Bandung,2025-08-27,245892.51,
4545,Taman Loyan,081171823100,"taman.loyan@mail.example.com ",Mataram,19/02/2025,109475.46,
4546,Gimad Londra,081393427178,gimad.londra@post.example.net,Mataram,2024-10-21,234969.69,
4547,Fanur Kanto,081711102697,fanur.kanto@example.com,Mataram,2025-02-13,77955.31,
4548,Halia Nalia,089549106071,halia.nalia@mail.example.com,Makassar,2024-01-24,"8.826,12",
4549,Citri Wiyan,085194583533,citri.wiyan@example.com,Mataram,2026-08-14,63459.04,
4550,Budi Juman,082147998329,budi.juman@post.example.net,Mataram,2026-01-09,105411,
4551,Naman Zulia,089509592525,naman.zulia@example.org,Semarang,2023-08-24,115885.85,
4552,Fanto Yarah,081332695002,fanto.yarah@mail.example.com,Surabaya,2023-06-09,206191.97,
4553,Pudi Jumad,081749490103,pudi.jumad@mail.example.com,Mataram,2023-03-07,204821.56,
4554,Lonto Lorah,+6281389845214,lonto.lorah@post.example.net,Mataram,11.02.2025,135370.48,
4555,Hatri Anwan,081189216010,hatri.anwan@example.net,Mataram,2025-08-16,53678.71,
4556,Cidi Wimad,081254165937,cidi.wimad@example.com,Makassar,2023-07-01,140389.01,
4557," Suwati Jundra",+6285199471812,suwati.jundra@mail.example.com,Surabaya,2023-01-21,"167.859,99",
4558,Ciwati Yamad,081294029838,ciwati.yamad@example.com,Padang,2025-06-07,137607.00,
4559,Juwan Famad,081725401373,juwan.famad@example.com,Mataram,2025-09-11,202589.30,
4560,Hanur Ciwati,085143667554,hanur.ciwati@example.com,Bandung,2025-08-17,196292.79,
4561,Pudi Hawati,081397974643,pudi.hawati@mail.example.com,Mataram,2025-09-06,65715.23,
4562,Pusih Zunur,085135438407,pusih.zunur@post.example.net,Mataram,2024-01-27,145107.84,
4563,Inwati Giyan,081755154182,inwati.giyan@example.org,Bandung,2025-11-08,101915.53,
4564,Anwati Yayan,089575085001,anwati.yayan@example.com,Semarang,2024-02-27,42988.06,
4565,Tanto Gigus,085133148410,tanto.gigus@post.example.net,Bandung,2023-06-27,82065.08,
4566,Zuwati Burah,082106174520,zuwati.burah@example.com,Mataram,2023-02-12,231704.59,
4567,Halia Winur,085114050466,halia.winur@example.org,Bandung,2024-04-10,45470.57,
4568,Zuwati Loyan,0818-6492-7659,zuwati.loyan@post.example.net,Mataram,2025-01-23,102030.29,"wants invoice marked ""urgent"""
4569,Naman Yatri,081809092660,naman.yatri@mail.example.com,Padang,2024-06-12,19892.53,
4570,Punto Innur,+6285150522741,,Mataram,2023-06-09,33514.90,
4571,Ciman Pudi,081723050408,ciman.pudi@post.example.net,Mataram,2026-01-15,233138.71,
4572,Fanto Yagus,082109848069,fanto.yagus@example.net,Medan,2023-08-17,48229.01,
4573,Muwan Nawati,082145909679,muwan.nawati@example.net,Makassar,2024-04-15,33003.33,
4574,Hawati Wisih,081729405484,hawati.wisih@mail.example.com,Mataram,2024-06-10,"224.624,85",
4575,"Tarah Puman ",089592195296,tarah.puman@mail.example.com,Mataram,2025-05-18,208309.92,
4576,Desih Fanto,081367741442,desih.fanto@example.net,Mataram,2024-10-21,84789.35,
4577,Hanto  Windra,081197910255,hanto.windra@MAIL.EXAMPLE.COM,Makassar,04/10/2025,111990.99,
4578,Cilia Inrah,089588308932,cilia.inrah@example.com,Bandung,2023-12-19,124992.70,
4579,Bundra Tagus,085106245313,bundra.tagus@example.com,Makassar,2024-12-05,40909.15,
4580,Fatri Buyan,081235422015,fatri.buyan@post.example.net,Mataram,2024-05-09,179775.98,
4581,Puwati Juyan,081725141766,puwati.juyan@mail.example.com,Surabaya,2024-10-20,146744.98,
4582,Zudi Yasih,081882324825,zudi.yasih@example.com,Mataram,2026-06-18,58649.34,"moved cities, update on renewal"
4583,Zuyan Suyan,081398606582,zuyan.suyan@post.example.net,Mataram,2024-05-23,223936.65,
4584,Suyan Lolia,081714302147,suyan.lolia@example.net,Mataram,2024-09-08,8571.33,
4585,Faman Kasih,089549896955,faman.kasih@mail.example.com,Bandung,2025-03-21,154060.98,
4586,Junto Juwan,081832223772,junto.juwan@post.example.net,Mataram,2023-10-20,64148.44,
4587,Kayan Sudi,081842058475,kayan.sudi@mail.example.com,Medan,2024-05-03,239424.11,
4588,Witri Pumad,081779103444,witri.pumad@example.net,Mataram,2023-03-01,82648.63,
4589,Murah Tayan,081348617551,murah.tayan@example.com,Mataram,2025-04-18,117140.89,
4590,Sudi Wilia,085177004981,sudi.wilia@example.net,Mataram,2024-07-06,28902.98,
4591,"Sutri Antri ",0895-8560-9130,sutri.antri@example.com,Medan,2023-01-25,97097,
4592,Anwadi Ginto,081169959248,anwadi.ginto@example.org,Mataram,2025-05-21,79486.79,
4593,Lonto Innur,081394356673,lonto.innur@example.net,Semarang,2023-01-05,243063.59,
4594,Dewan Deyan,081282722636,dewan.deyan@mail.example.com,Medan,2026-07-14,194934.57,
4595,Gimad Nawan,081761275116,gimad.nawan@post.example.net,Semarang,2025-07-01,94787.02,
4596,Londra Wirah,081384973785,londra.wirah@post.example.net,Medan,2024-11-05,133389.48,
4597,Puwan Pumad,081298828802,puwan.pumad@mail.example.com,Mataram,2026-06-08,107034.38,
4598,Winto Puwati,089574268484,winto.puwati@example.com,Makassar,2023-04-20,232384.77,
4599,Anwan Falia,089585608695,anwan.falia@post.example.net,Semarang,2026-03-13,158938.99,
4600,Bunur Kayan,082113074262,bunur.kayan@post.example.net,Mataram,2026-04-23,198403.30,
4601,Ginur Jusih,081833724916,ginur.jusih@example.org,Surabaya,2023-09-21,103283.83,
4602,Hamad Fanto,081834554549,hamad.fanto@example.com,Mataram,2026-05-21,38950.50,
4603,Hanto Junto,085100770101,hanto.junto@example.com,Mataram,2024-05-16,206416.55,
4604,Purah Cidi,081305719972,purah.cidi@mail.example.com,Mataram,2023-03-21,135303.96,
4605,Muman Punur,081780761459,muman.punur@example.net,Mataram,2024-02-05,228871.01,
4606,Purah Dendra,082138612462,purah.dendra@example.net,Mataram,2023-03-03,205954.48,
4607,Anwan Ciwan,081224634155,anwan.ciwan@example.org,Padang,2024-03-25,146515.45,
4608,Juyan Mudi,081257531667,juyan.mudi@example.com,Mataram,2023-07-02,160558.74,
4609,Hanto Zundra,082102810892,hanto.zundra@post.example.net,Mataram,2023-02-03,12377.19,
4610,Fayan Kandra,082136762855,fayan.kandra@mail.example.com,Mataram,2024-01-22,94568.59,
4611,Kadi Nanto,081736803852,kadi.nanto@example.net,Surabaya,2023-11-13,209068.87,
4612,Yawan Punto,081290776417,yawan.punto@mail.example.com,Mataram,2025-12-19,174491.76,
4613,Jumad Burah,082178962389,jumad.burah@example.net,Mataram,2023-09-10,91936.25,
4614,Gilia Zuyan,081874783569,gilia.zuyan@example.net,Bandung,2024-03-28,163799.27,
4615,Pusih Kamad,085175479276,pusih.kamad@post.example.net,Mataram,2026-03-17,22627.67,
4616,Yandra Naman,081824466466,yandra.naman@post.example.net,Medan,2025-12-26,89389.32,
4617,Insih Winto,0895-0293-8371,insih.winto@post.example.net,Medan,2023-06-21,77318,
4618,Munto Mundra,081376370661,munto.mundra@example.net,Mataram,2025-03-19,233647.63,no answer on the number given
4619,Cirah Bugus,081377541271,cirah.bugus@example.net,Mataram,2026-05-03,190113.56,
4620,Julia Punur,081339080166,julia.punur@example.com,Mataram,2025-09-08,235968.98,
4621,Muwan Insih,089575214487,muwan.insih@mail.example.com,Mataram,2024-07-02,44945.39,
4622,Giwan Tanto,082118902852,giwan.tanto@mail.example.com,Semarang,2024-03-18,221051.26,
4623,Hatri Talia,085185822655,hatri.talia@post.example.net,Mataram,2024-09-01,244576.56,
4624,Hagus Inndra,082168881218,hagus.inndra@example.org,Mataram,2026-08-15,136375.76,
4625,Denur Namad,089510130003,denur.namad@example.net,Padang,2026-06-20,44394.73,
4626,Yagus Dewati,+6282168453894,yagus.dewati@example.net,Bandung,04/09/2025,62272.61,
4627,Zulia Zurah,089551489938,zulia.zurah@example.com,Mataram,2024-02-19,232329.30,
4628,Musih Lonto,081279884013,musih.lonto@example.org,Bandung,2026-02-09,126960.25,
4629,Yawan Kaman,081339566886,yawan.kaman@mail.example.com,Mataram,2023-06-23,155251.28,
4630,Pumad Hanto,081891652658,pumad.hanto@example.org,Medan,2023-12-10,133215.61,
4631,Natri Nasih,081877414040,natri.nasih@example.com,Mataram,2024-08-17,131841.77,
4632,Buman Buman,082115005422,buman.buman@mail.example.com,Makassar,2023-10-26,178969.93,
4633,Yawati Citri,081815715062,yawati.citri@mail.example.com,Mataram,2025-06-09,84452.02,
4634,Yadi Kawan,+6281360071038,yadi.kawan@mail.example.com,Mataram,2025-06-22,16716.03,
4635," Yarah Desih",0818 6663 7629,,Medan,2025-02-10,221975.26,
4636,Ginur Handra,082175366199,ginur.handra@mail.example.com,Mataram,2025-02-22,215847.00,
4637,Bugus Kanur,081754301838,bugus.kanur@example.org,Semarang,2023-05-15,2933.26,
4638,Inmad Winur,081711265278,inmad.winur@example.org,Mataram,2025-03-04,75680.77,
4639,Anmad Ginto,085106961412,anmad.ginto@example.org,Denpasar,2025-02-24,173706.11,
4640,Tawan Fandra,089535172799,tawan.fandra@example.org,Mataram,2023-08-19,144416.06,
4641,Bunur Windra,081270082674,bunur.windra@example.com,Mataram,2025-09-12,53917.09,
4642,Delia Sundra,089517350143,delia.sundra@example.org,Mataram,2023-06-11,36465.90,
4643,"Intri Yadi ",0811 9615 0807,intri.yadi@example.net,Bandung,2026-02-15,196772.61,
4644,Gitri Deman,081181425003,gitri.deman@example.org,Mataram,2026-02-01,245491.24,
4645,Hanto Nagus,081319468987,hanto.nagus@mail.example.com,Mataram,2025-04-14,156832.56,
4646,Buyan Zulia,089522033781,buyan.zulia@example.net,Mataram,2024-01-09,181736.67,
4647,Giyan Anman,081270956558,giyan.anman@example.com,Mataram,2026-05-26,78303.87,
4648,Jutri Innur,081856300959,jutri.innur@example.net,Mataram,2024-02-24,226489.14,
4649,Yagus Juman,085173627698,yagus.juman@example.org,Bandung,2023-12-24,46913.39,
4650,Losih Ginto,081128194976,losih.ginto@example.net,Mataram,2026-07-03,133563.33,
4651,Muwan Buman,081373930461,muwan.buman@example.com,Medan,2024-01-06,73517.56,"paid by transfer, receipt pending"
4652,Ingus Cigus,082145385991,ingus.cigus@POST.EXAMPLE.NET,Mataram,17/02/2023,40123.14,
4653," Zuwati Wirah",0811-5122-6063,zuwati.wirah@mail.example.com,Mataram,2025-11-18,72265.44,
4654,Deyan Mutri,081782205888,deyan.mutri@example.net,Mataram,20/12/2023,225303.19,
4655,Busih Munur,081797949034,busih.munur@example.org,Mataram,2026-06-07,225576.57,
4656,Suwati Hadi,0895-3999-6504,suwati.hadi@mail.example.com,Surabaya,2026-04-24,133836.66,
4657,Zunur Yarah,085106850092,zunur.yarah@mail.example.com,Makassar,12/03/2026,241001,
4658,Cindra Munto,0813-0782-7246,cindra.munto@example.com,Bandung,2024-09-08,164870,
4659,Deyan Yaman,085186539105,deyan.yaman@post.example.net,Medan,2026-08-07,159202.24,
4660,Ciman Inwati,081331532326,ciman.inwati@mail.example.com,Mataram,24/03/2026,125716.53,
4661,Lowati Fayan,082191060951,lowati.fayan@example.net,Denpasar,2025-03-24,201040.51,
4662,Fawati Zunto,082175279511,fawati.zunto@example.net,Surabaya,2026-05-28,6988.15,
4663,Rindra Rigus,081255550946,rindra.rigus@post.example.net,Mataram,2025-06-21,102249.91,
4664,Natri Musih,081222610818,natri.musih@post.example.net,Mataram,2025-03-06,150890.88,
4665,Zundra Judi,081895410041,zundra.judi@example.net,Mataram,2023-01-26,11411.97,
4666,Dento Gigus,081399532746,dento.gigus@post.example.net,Mataram,2025-02-10,110277.96,
4667,Riyan Inlia,089546346139,riyan.inlia@post.example.net,Mataram,2025-07-21,197622.63,
4668,Dento Junto,089566428916,dento.junto@mail.example.com,Medan,2023-08-10,145067.73,
4669,Tarah Innur,085129232889,tarah.innur@example.com,Semarang,2026-01-04,8478.59,
4670,Innto Rinto,082159088805,innto.rinto@example.com,Bandung,2023-08-14,128074,
4671,Lowati Nayan,081817747888,lowati.nayan@example.net,Mataram,2026-06-28,47266.78,
4672,Ginto Cinto,082154350899,ginto.cinto@example.net,Mataram,2024-08-13,109756.60,
4673,Wirah Dendra,081123291829,wirah.dendra@example.org,Mataram,2026-05-06,236833.80,
4674,Munto Ginur,082104841584,munto.ginur@example.com,Makassar,2025-10-04,43366.12,
4675,Insih Winto,085145262299,insih.winto@example.net,Mataram,2026-03-19,113310.82,
4676,Andi Munto,089536107534,andi.munto@example.net,Semarang,2026-05-04,109645.61,
4677,"Deman Tanur ",+6281735027667,deman.tanur@example.net,Mataram,2026-08-27,199986.02,
4678,Angus Jutri,081179304925,angus.jutri@example.com,Mataram,2024-08-09,150093.70,
4679,Zutri Dewati,081808625941,,Makassar,2025-09-11,34371.82,
4680,Munto  Buyan,081224698120,munto.buyan@example.com,Mataram,15/02/2026,137424.10,
4681,Cilia Hamad,081237033499,cilia.hamad@mail.example.com,Surabaya,2023-08-28,88350.80,
4682,Nandra Buman,089533324983,nandra.buman@example.org,Semarang,2023-03-07,52312.42,
4683,Susih Girah,085165522677,susih.girah@example.net,Mataram,2026-02-04,212804.24,
4684,Punto Inndra,082123692796,punto.inndra@example.net,Semarang,2026-06-14,165024.68,
4685,Naman Kaman,085168782991,naman.kaman@mail.example.com,Makassar,2026-03-15,97155.14,
4686," Annto Fandra",0811 8569 3437,annto.fandra@example.org,Bandung,01/06/2025,18946.73,
4687,Dento Wiwan,081236922510,dento.wiwan@example.net,Mataram,2025-11-02,149985.26,
4688,Tatri  Lonur,0895 8381 6696,tatri.lonur@mail.example.com,Denpasar,2023-09-18,"157.465,27",
4689,Lowati Ciwati,081774262610,lowati.ciwati@example.net,Mataram,2026-07-03,171748.05,
4690,Deman Munur,081706723128,deman.munur@mail.example.com,Mataram,2026-02-26,14099.15,
4691,Bunto Jutri,085184299309,bunto.jutri@mail.example.com,Mataram,2024-02-20,35324.30,
4692,Kayan Jurah,0811 1376 2848,,Mataram,14.03.2026,26015.55,
4693,Sundra Tadi,082126570914,sundra.tadi@example.com,Mataram,2023-12-18,141446.11,
4694,Lotri Dendra,082145059831,lotri.dendra@mail.example.com,Medan,07.04.2026,200696,
4695,Rirah Giwan,081168027684,rirah.giwan@example.org,Medan,2023-02-26,150713.11,
4696,Zulia Lorah,081796307881,zulia.lorah@post.example.net,Bandung,2023-01-07,39508.85,"paid by transfer, receipt pending"
4697,Muyan Juwan,082187525969,muyan.juwan@mail.example.com,Medan,2024-10-26,154577.56,
4698,Bundra Suwati,081171800277,bundra.suwati@example.net,Surabaya,2024-02-25,91006.69,
4699,Annur Nalia,085100457203,annur.nalia@example.net,Bandung,2025-08-28,232585.17,
4700,Bunur Zuwati,089505698967,bunur.zuwati@example.com,Mataram,05/03/2024,159640,
4701,Cisih Kawan,+6281807440332,cisih.kawan@mail.example.com,Padang,2026-03-21,86293.60,
4702,Nagus Tawati,081725264981,"nagus.tawati@post.example.net ",Makassar,2023-11-21,241065,
4703," Yaman Widi",0818-2146-4461,yaman.widi@EXAMPLE.NET,Mataram,2024-08-18,154157.82,
4704,Mumad Hanto,089515843970,mumad.hanto@example.net,Bandung,2023-01-15,168093.85,
4705,Fanto Ridi,085103284281,fanto.ridi@example.org,Mataram,2026-06-08,247192.14,
4706,Cisih Bumad,081247698936,cisih.bumad@post.example.net,Bandung,2025-12-02,44518.05,
4707,Namto Punto,085140173339,namto.punto@example.org,Mataram,2026-06-27,190427.54,
4708,Inyan Munto,081810554442,inyan.munto@post.example.net,Mataram,2024-03-05,102589.40,
4709,Famad  Fawan,081139826149,famad.fawan@example.org,Bandung,2025-01-25,47315.93,
4710,Buman  Wirah,081724984240,buman.wirah@example.net,Bandung,2026-08-14,177257.78,
4711,Rigus Citri,089518640820,rigus.citri@mail.example.com,Bandung,2026-02-07,93835.99,
4712,Cirah Sutri,081280382739,cirah.sutri@post.example.net,Mataram,2024-08-25,179407.70,
4713,Dewan Andi,081805659110,dewan.andi@EXAMPLE.ORG,Mataram,21/01/2023,66610.04,
4714,Cinto Zulia,085180736076,cinto.zulia@example.org,Mataram,2025-05-26,109603.07,
4715,Farah Katri,081844564981,farah.katri@example.com,Denpasar,2024-10-06,48748.22,
4716,Deyan Munto,081137613379,deyan.munto@mail.example.com,Padang,2023-05-23,186667.11,
4717,Degus Lonto,082144886081,degus.lonto@example.org,Surabaya,2025-05-03,114988.29,
4718,Ciwati Munto,081875883175,ciwati.munto@example.com,Mataram,2025-03-24,"190.496,32","moved cities, update on renewal"
4719,Faman Risih,082182334635,faman.risih@post.example.net,Mataram,2023-03-11,30008.42,
4720,Talia Nanto,+6289529702125,talia.nanto@example.net,Surabaya,2026-01-10,75481.46,
4721,Mudi Lomad,089511239268,mudi.lomad@mail.example.com,Makassar,2026-02-11,17843.32,
4722,Gitri Gimad,081285329566,gitri.gimad@example.com,Mataram,13/08/2025,144430.49,
4723,Anrah Lowan,081225309865,anrah.lowan@example.com,Mataram,2025-08-20,199550.65,
4724,Wigus Wisih,089572975301,wigus.wisih@post.example.net,Mataram,2024-09-13,94405,
4725,Fagus Yandra,089575087272,fagus.yandra@example.com,Mataram,2025-12-01,38005.33,
4726,Dedi Talia,085142657207,dedi.talia@example.com,Mataram,2023-08-21,240308.24,
4727,Kayan Riman,089519171440,kayan.riman@example.com,Mataram,2024-09-08,23632.99,
4728,Karah Juwati,085129667568,karah.juwati@example.com,Mataram,2025-06-01,247904.56,
4729,Dento Bumad,081368546764,dento.bumad@post.example.net,Mataram,2024-08-07,161504.68,
4730,Ciman Yatri,081183433104,ciman.yatri@example.net,Semarang,2026-02-05,232477.00,
4731,Gisih Bunto,0811-3780-8259,gisih.bunto@example.com,Mataram,13.02.2023,147866.45,
4732,Nanto Kamad,081340999654,nanto.kamad@example.net,Surabaya,2025-02-07,193614.87,
4733,Zunto Yatri,081259755572,zunto.yatri@example.net,Mataram,2024-02-11,174289.69,
4734,Haman Dedi,081754444290,haman.dedi@example.com,Denpasar,2024-09-04,164916.07,
4735,Zundra Sundra,089567527692,zundra.sundra@example.org,Mataram,2024-06-19,38765.28,
4736,Zudi Winur,081748711844,zudi.winur@mail.example.com,Surabaya,2026-03-13,218484.52,
4737,Cinur Zuyan,085155763282,cinur.zuyan@example.net,Bandung,2024-03-21,183464.96,
4738,Sumad Kayan,081707462285,sumad.kayan@post.example.net,Mataram,2025-04-10,190151.70,
4739,Bumad Hadi,081219317742,bumad.hadi@example.org,Mataram,2024-02-10,225185.82,
4740,Susih Annto,085143851056,susih.annto@mail.example.com,Mataram,2024-06-02,23179.78,
4741,Nayan Punur,081744533811,nayan.punur@example.com,Mataram,2024-03-12,4761,
4742,Ciman Giwati,081743015644,ciman.giwati@example.org,Medan,2026-05-18,33531.48,
4743,Annto Gisih,0821-5093-6771,annto.gisih@example.org,Surabaya,2025-11-03,88742.67,
4744,Tatri Kawati,089562711422,tatri.kawati@example.org,Medan,2025-06-13,185459.13,
4745,Zundra Kawati,089534481766,zundra.kawati@example.net,Mataram,2024-12-10,237807.48,
4746,Jutri  Suman,0817 1302 7211,jutri.suman@mail.example.com,Mataram,21.06.2025,4740.49,
4747,Cidi Neyan,081727196236,cidi.neyan@example.com,Medan,12.09.2025,134200.97,
4748,Julia Denur,085147341322,julia.denur@example.org,Mataram,2025-01-15,78878.61,
4749,Punur Junto,081874601022,punur.junto@example.net,Medan,2025-02-23,234928.97,
4750,Gimad Musih,081311678050,gimad.musih@example.com,Mataram,18/01/2023,114519.68,
4751,Girah Zugus,081258028887,,Mataram,2025-09-02,174248.61,
4752,Lorah Namad,081732293351,lorah.namad@mail.example.com,Mataram,2024-02-07,205322.54,
4753,Nandra Giwati,0818-7271-9350,nandra.giwati@example.net,Mataram,2023-10-09,158015.85,
4754,Mumad Puwati,081732901096,mumad.puwati@example.net,Bandung,2026-02-08,212405.09,
4755,Lolia Punto,085104406680,lolia.punto@example.org,Mataram,2024-04-27,205271.51,
4756,Wisih Rirah,089500541718,wisih.rirah@example.org,Padang,2023-06-05,211113.90,
4757,Budi Wisih,081339353659,budi.wisih@example.com,Surabaya,2026-01-01,221688.53,
4758,Hawan Yagus,085122988566,hawan.yagus@mail.example.com,Mataram,2024-10-27,184291.18,
4759,Citri Haman,081160484842,citri.haman@mail.example.com,Mataram,2024-06-25,14894.19,
4760,Punto Sutri,+6281369265713,punto.sutri@post.example.net,Mataram,2023-04-16,99705.90,
4761,Tamad Sundra,081738631060,tamad.sundra@example.com,Mataram,2026-03-11,63084.26,
4762,Faman Ginto,081236880998,faman.ginto@post.example.net,Mataram,2023-07-04,238317.19,
4763,Tasih Anrah,081361653602,tasih.anrah@mail.example.com,Mataram,2026-05-17,187018.14,
4764,Harah Delia,089558984528,harah.delia@example.org,Surabaya,2023-11-07,228683.00,"moved cities, update on renewal"
4765,Tawan Ginur,085133859659,tawan.ginur@example.org,Mataram,2024-07-04,165883.38,
4766,Inwati Cindra,085144958165,inwati.cindra@example.com,Denpasar,2025-08-12,177513.06,follow up next week
4767,Rinto Puman,081361878567,rinto.puman@example.com,Bandung,2024-07-20,30173.21,
4768,Cidi Juyan,089559150242,cidi.juyan@mail.example.com,Mataram,2025-04-20,199344.25,
4769,Yawan Wisih,081894487096,yawan.wisih@example.net,Surabaya,2026-05-05,135647.02,"wants invoice marked ""urgent"""
4770,Kalia Lowati,081182535345,kalia.lowati@mail.example.com,Medan,2023-10-16,98379.40,
4771,Widi Juman,+6281814268578,widi.juman@example.com,Mataram,2026-03-23,172678.10,
4772,Kalia Inmad,0818 6200 5013,"kalia.inmad@post.example.net ",Medan,2023-10-27,42190.77,
4773,Fawan Wimad,081235770569,fawan.wimad@example.net,Mataram,2023-05-20,69849.58,
4774,Rindra Nanto,081242130312,rindra.nanto@post.example.net,Surabaya,04/07/2024,55826.99,
4775,Nanur Munur,081767508074,nanur.munur@example.com,Mataram,2023-12-05,39868.00,
4776,Namad Nawati,089531271356,namad.nawati@example.org,Mataram,2023-10-05,94373.11,
4777,"Anwan Inyan ",085104492170,anwan.inyan@mail.example.com,Mataram,2023-12-01,2790.48,
4778,Rilia Pusih,081700513070,rilia.pusih@example.net,Mataram,05/05/2024,138996.78,
4779,Innur Fawati,081106828563,innur.fawati@post.example.net,Surabaya,2023-10-25,235082.62,
4780,Angus Naman,081750086487,angus.naman@example.com,Mataram,2023-05-06,112549.98,
4781,Hayan Zumad,081216489150,hayan.zumad@post.example.net,Mataram,2024-03-03,228227.54,
4782,Intri Buman,081783163229,intri.buman@post.example.net,Medan,2024-04-01,220497.30,
4783,Zuman  Munto,+6289587680659,zuman.munto@MAIL.EXAMPLE.COM,Surabaya,23.10.2024,200908.31,
4784,Buyan Girah,081398216859,buyan.girah@mail.example.com,Denpasar,02.01.2026,6584.35,
4785,Losih Fawati,+6282124996566,losih.fawati@example.net,Mataram,2026-08-26,157640.85,
4786,Hasih Muwati,089557924692,hasih.muwati@example.net,Mataram,2026-05-28,121762.16,
4787,Losih Munto,085103803445,losih.munto@example.org,Surabaya,2023-12-24,248988.97,
4788,Lonur Muwan,081334227340,lonur.muwan@post.example.net,Semarang,2026-03-10,209883.81,
4789,Fandra Natri,082108397055,fandra.natri@post.example.net,Bandung,2026-07-11,47771.49,
4790,Gigus Gilia,081389209687,gigus.gilia@mail.example.com,Mataram,2025-10-21,210856.86,
4791,Cinur Munto,081730505166,cinur.munto@mail.example.com,Denpasar,2024-01-03,105183.39,
4792,Tanur Pudi,081378807892,tanur.pudi@example.net,Mataram,2026-03-08,172038.40,"paid by transfer, receipt pending"
4793,Riwan Yanto,081338699350,riwan.yanto@post.example.net,Mataram,2023-10-07,43025.83,
4794,Burah Giman,081206295175,burah.giman@mail.example.com,Mataram,2024-04-28,142563.36,
4795,Faman Inndra,089581350413,,Mataram,15/11/2024,144576.41,
4796,Widi Juyan,081265463683,widi.juyan@example.net,Medan,2023-12-25,181097.45,
4797,Innto Ansih,082121957786,innto.ansih@post.example.net,Semarang,2023-12-07,185526.26,
4798,Susih Innur,085153007270,susih.innur@mail.example.com,Medan,2025-10-11,140170.69,
4799,Wisih Wilia,085180178749,wisih.wilia@mail.example.com,Mataram,2025-11-18,233290.31,
4800,Jutri Gidi,089551797366,jutri.gidi@example.org,Mataram,2024-08-15,101771.87,
4801,Losih Fawati,081183236684,losih.fawati@post.example.net,Mataram,2025-08-25,239934.53,
4802,Bugus Lowan,081193426482,bugus.lowan@post.example.net,Mataram,2023-07-08,94324.97,
4803,Yasih Jundra,081248789956,yasih.jundra@example.net,Surabaya,2025-10-16,176093.70,
4804,Kanto Nalia,0817-0473-0633,"kanto.nalia@example.org ",Mataram,2025-07-16,138306.06,
4805,Giwati Lowati,085105657756,giwati.lowati@example.org,Denpasar,2023-12-02,82092.63,
4806,Detri Muwan,081859438849,detri.muwan@mail.example.com,Bandung,2023-07-17,42835.84,
4807,Anman Suwati,081842913668,anman.suwati@example.com,Mataram,2024-06-20,201262.40,
4808,Pumad Giman,082123475413,pumad.giman@post.example.net,Mataram,2025-11-11,129383.30,"VIP, do not discount"
4809,Puman Zudi,085115876086,puman.zudi@post.example.net,Bandung,2024-10-07,218831.86,
4810,Inmad Hasih,081278835612,inmad.hasih@example.org,Mataram,2026-04-26,134451.49,
4811,Puman Yawati,081225596745,puman.yawati@post.example.net,Padang,2026-06-12,4998.58,
4812,Mulia Fanto,081155254923,mulia.fanto@example.net,Mataram,2024-01-13,101261.13,
4813,"Sundra Kasih ",081207979734,sundra.kasih@post.example.net,Mataram,2026-05-13,205394.90,
4814,Lonto Fawati,085161160311,lonto.fawati@example.net,Mataram,2025-09-06,247358.18,
4815,"Rinto Bunto ",089570645332,rinto.bunto@post.example.net,Surabaya,2023-09-13,209942.36,
4816,Fandra Inman,081278669664,"fandra.inman@example.com ",Surabaya,24.02.2026,50264.12,
4817,Hawan Anmad,082128694396,hawan.anmad@example.org,Mataram,2023-06-06,32858.64,
4818,Kayan  Nadi,0813-5294-4919,kayan.nadi@example.com,Mataram,22.05.2025,75503.31,
4819,Degus Yalia,082149545841,degus.yalia@mail.example.com,Mataram,09.10.2025,218809.10,
4820,Windra Rindra,081366574470,windra.rindra@example.org,Mataram,2024-02-05,243021.59,
4821,Cilia Kalia,081869492172,cilia.kalia@example.net,Mataram,2023-04-18,196724.83,
4822,Yasih Rinto,081284029691,yasih.rinto@example.org,Makassar,2026-03-15,142311.90,
4823,Zugus Yanto,081393531788,zugus.yanto@post.example.net,Mataram,2026-02-12,177643.76,
4824,Narah Suwan,082169189967,narah.suwan@example.org,Bandung,2024-07-03,18670.11,
4825,Rinur Hamad,081776790483,rinur.hamad@example.com,Mataram,2023-10-19,179854.82,
4826,Sugus Yandra,081830649090,sugus.yandra@example.net,Mataram,2025-01-19,53468.96,
4827,Tagus Zudi,081107255004,tagus.zudi@mail.example.com,Mataram,16/07/2026,99346.73,
4828,Suwan Tadi,085124299550,suwan.tadi@post.example.net,Mataram,2025-05-08,583.00,
4829,Wiyan Nanto,081825957203,wiyan.nanto@post.example.net,Mataram,2024-08-13,112336.42,
4830,Punto Anman,081275050320,punto.anman@example.net,Mataram,2026-03-28,214826.20,
4831,Inndra Hadi,089550262465,inndra.hadi@mail.example.com,Mataram,2025-05-04,190378.19,
4832,Buwati Tawati,085158169340,buwati.tawati@post.example.net,Mataram,2026-07-25,125912.03,
4833,Anlia Inwati,081355416172,anlia.inwati@example.org,Bandung,2023-11-03,58271.97,
4834,Ciwati Witri,0895 1931 1400,ciwati.witri@post.example.net,Medan,2026-05-12,"81.713,42",
4835,Tamad Yanto,082108376380,tamad.yanto@post.example.net,Mataram,2023-11-06,239197.59,
4836,Nawan Yaman,081783317234,nawan.yaman@example.org,Denpasar,2024-06-23,169712.69,
4837,Munur Riwati,081154365795,munur.riwati@example.org,Makassar,2023-09-23,83433.12,
4838,Natri Puyan,089504141894,natri.puyan@example.org,Mataram,2025-09-20,43215.66,
4839,Lonto Gilia,082156848961,lonto.gilia@mail.example.com,Mataram,2024-02-25,87043.89,
4840,Hawati Zonto,085141682655,hawati.zonto@example.org,Mataram,2025-07-14,35305.99,
4841,Hanto Murah,081221584755,hanto.murah@example.org,Mataram,2024-05-15,111744.45,
4842,Yanto Yaman,081371156748,yanto.yaman@mail.example.com,Mataram,2024-06-18,69622.33,
4843,Logus Rigus,081358901040,logus.rigus@post.example.net,Denpasar,2026-03-02,76817.31,
4844,Giman Faman,081163632055,giman.faman@example.net,Makassar,2025-06-08,176440.58,
4845,Judi Fanto,085171670503,judi.fanto@mail.example.com,Mataram,2024-12-08,201774.17,
4846,Hawan Yanto,081142511153,hawan.yanto@EXAMPLE.ORG,Mataram,2023-12-19,"230.990,76",
4847,Junur Handra,0851-2320-9443,junur.handra@post.example.net,Surabaya,15.11.2023,245061.65,
4848,Winto Cinur,085176675913,winto.cinur@example.com,Denpasar,2024-07-02,88920.48,
4849,Fawan Wiwati,081172649014,fawan.wiwati@example.org,Mataram,2024-02-27,60791.89,
4850,"Windra Fadi ",089588380427,windra.fadi@post.example.net,Surabaya,15.12.2024,172233,
4851,Bunto Cindra,089565995039,bunto.cindra@post.example.net,Mataram,2026-05-22,176644.67,
4852,Logus Dewati,081385104343,logus.dewati@post.example.net,Mataram,2023-08-18,150051.94,
4853,Juman Rinur,081232169422,juman.rinur@post.example.net,Bandung,2024-07-12,110563.63,
4854,Angus Ritri,081230299360,angus.ritri@post.example.net,Mataram,2024-06-28,89083.43,
4855,Indi Yayan,081392504737,indi.yayan@example.net,Mataram,2023-07-04,137581,
4856,Sunto Anmad,089590633722,sunto.anmad@example.net,Surabaya,2026-02-10,101400,
4857,Wilia Anman,081827088021,wilia.anman@example.com,Mataram,2024-01-22,185139.31,
4858,Fadi Inlia,081743025386,fadi.inlia@example.org,Semarang,2026-01-23,231379.76,
4859,Winto Indi,081161137112,winto.indi@example.org,Mataram,2025-02-19,131147.81,"VIP, do not discount"
4860,Nalia Juman,082119324845,,Mataram,19.02.2026,121728.42,"duplicate of earlier signup, verify"
4861,Yandra Cilia,089520219600,yandra.cilia@post.example.net,Bandung,2024-03-28,141466.49,
4862,Anmad Dewati,081725460911,anmad.dewati@mail.example.com,Mataram,2026-05-02,17832.32,
4863,Musih Famad,+6289537077550,musih.famad@example.com,Mataram,2026-08-08,140616.42,
4864,Zutri Kawati,089561466667,zutri.kawati@mail.example.com,Medan,2026-08-07,68722.87,
4865,Nandra Rilia,081891335408,nandra.rilia@example.org,Mataram,2025-09-11,167434.57,
4866,Halia Sutri,089572347574,halia.sutri@example.net,Mataram,2023-02-24,104908.82,
4867,Anyan Damad,081242703419,anyan.damad@example.org,Mataram,2024-06-27,122473.50,
4868,Jusih Zumad,081222670683,jusih.zumad@example.com,Mataram,2026-05-06,118498.59,
4869,Cirah Rigus,085173603696,cirah.rigus@mail.example.com,Mataram,2026-07-23,21496.97,
4870,Tadi Lotri,089586051761,tadi.lotri@example.net,Semarang,2026-04-06,65818.90,
4871,Wiwati Anlia,089537071398,wiwati.anlia@mail.example.com,Mataram,2024-05-22,145771.02,
4872,Bulia Tanur,089531399216,bulia.tanur@example.net,Mataram,2023-09-16,236321.63,
4873,Jundra Suwati,081391427456,jundra.suwati@example.com,Mataram,2023-10-01,181275.72,
4874,Yadi Tamad,081198724746,yadi.tamad@example.org,Mataram,2023-03-28,212118.89,
4875,Wilia Gigus,081773704646,wilia.gigus@EXAMPLE.ORG,Mataram,10/06/2024,126132.74,
4876,Sunto Ciyan,081824003536,sunto.ciyan@post.example.net,Padang,2024-09-06,235421.62,
4877,"Kamad Nanur ",0812-2783-3960,kamad.nanur@post.example.net,Mataram,2026-03-02,82881.87,
4878,Nawan Rirah,081139801631,nawan.rirah@mail.example.com,Mataram,2024-06-15,26471.89,
4879,Muwan Anndra,085110761262,"muwan.anndra@post.example.net ",Mataram,25.07.2025,162513.84,
4880,Bundra Kayan,085103657954,bundra.kayan@example.com,Mataram,2024-05-17,140669.33,"said ""call after 5pm"""
4881,Yanto Deman,085147970096,yanto.deman@example.com,Mataram,2025-10-23,88448.28,
4882,Kamad Rinur,081127483683,kamad.rinur@post.example.net,Mataram,2024-01-07,213753.60,
4883,Mugus Tamad,081158718432,mugus.tamad@mail.example.com,Mataram,2025-11-11,141388.74,
4884,Innur Fanto,081184546985,innur.fanto@mail.example.com,Mataram,2026-01-15,178814.43,
4885,Gitri Faman,081325023233,gitri.faman@example.net,Mataram,2024-03-01,137458.93,
4886,Juyan Ansih,081251338085,juyan.ansih@example.net,Mataram,2026-06-17,22572.20,
4887," Kanur Innto",089595689569,kanur.innto@example.org,Medan,25.11.2025,"18.748,73",
4888,Nagus Narah,082197451143,nagus.narah@mail.example.com,Mataram,2025-01-23,84000.53,
4889,Yamad Ciyan,+6281174546050,yamad.ciyan@mail.example.com,Makassar,13.10.2024,228292.73,
4890," Tarah Cinto",081262540613,tarah.cinto@example.net,Bandung,04.06.2026,7118.38,
4891,Tarah Hanur,085136466200,tarah.hanur@example.net,Mataram,2026-03-14,128675.41,
4892,Innur Loyan,081778727382,innur.loyan@example.com,Denpasar,2025-03-14,8944.72,
4893,Rindra Denur,081755316694,rindra.denur@post.example.net,Semarang,2025-12-15,123240.38,
4894,Kadi Busih,082140779202,kadi.busih@example.com,Mataram,2024-08-14,86783.43,
4895,Zunto Dento,081362369839,zunto.dento@example.org,Denpasar,2023-03-08,39216.60,
4896,Witri Fasih,085194436678,witri.fasih@example.net,Makassar,2026-03-16,131039.57,
4897,Narah Famad,082186890765,narah.famad@example.com,Mataram,2024-07-19,225119.15,
4898,Zulia Fadi,081801623753,zulia.fadi@example.org,Mataram,2026-04-08,239030.24,
4899,Talia Deman,081867521580,talia.deman@example.com,Mataram,2024-01-18,116569.32,
4900,Jurah Yagus,081362987137,jurah.yagus@post.example.net,Mataram,2024-02-27,229173.88,
4901,Lonto Gidi,081166597565,lonto.gidi@example.org,Mataram,2025-11-16,70657.13,
4902,Nayan Logus,081254985486,nayan.logus@mail.example.com,Mataram,2024-12-10,82759,
4903,Yanto  Wisih,089553841744,yanto.wisih@mail.example.com,Mataram,2024-08-07,150715.19,
4904,Yanto Hanto,081831793023,yanto.hanto@example.net,Mataram,2024-07-01,62247.24,
4905,Antri Hanto,082133266163,antri.hanto@mail.example.com,Mataram,2025-05-07,66281.74,
4906,Narah Intri,082199990364,narah.intri@post.example.net,Mataram,2024-04-27,237704.62,
4907,Wiyan Fawan,081162669939,wiyan.fawan@example.org,Mataram,2024-12-21,136037.58,
4908," Hanto Witri",082107355389,,Mataram,2023-12-20,66961,
4909,Nanur Buyan,082180721888,nanur.buyan@example.net,Bandung,19.10.2023,104108.56,
4910,Zudi Tawati,+6281793101280,,Mataram,2026-04-02,23388.84,
4911,Juwan Cilia,081251508964,juwan.cilia@example.net,Mataram,2023-12-25,133334.89,
4912,Bugus Derah,081199361519,bugus.derah@mail.example.com,Surabaya,12/12/2025,196757.17,
4913,Muwati Anman,081206603654,muwati.anman@post.example.net,Mataram,2026-05-03,122197.41,
4914,Yatri Munto,085199637994,yatri.munto@post.example.net,Mataram,2025-06-02,79116.26,
4915,Bumad Tatri,081847477335,bumad.tatri@example.org,Makassar,2024-08-25,110905.97,
4916,Kadi Puman,081255644243,kadi.puman@example.org,Medan,2026-04-18,126499.76,
4917,Winur Risih,081884435729,winur.risih@post.example.net,Makassar,2024-03-20,77439.38,
4918,Sulia Zudi,+6282169740676,sulia.zudi@example.com,Mataram,23.01.2024,248124,
4919,Jurah Jutri,081131149311,jurah.jutri@post.example.net,Mataram,2024-01-18,25054.82,
4920,Rinto Karah,081747149151,rinto.karah@example.org,Mataram,2023-02-21,194719.65,
4921,Rirah Naman,089555953932,rirah.naman@example.net,Mataram,2023-06-01,22140.93,
4922,Zuwati Fagus,082183118417,zuwati.fagus@mail.example.com,Mataram,2024-12-28,234184.04,
4923,Susih Zulia,081767853354,susih.zulia@example.org,Mataram,2023-12-22,163481.31,
4924,Riyan Zurah,081360763997,riyan.zurah@mail.example.com,Mataram,2023-04-07,54400.31,
4925,Busih Gisih,081723357909,busih.gisih@EXAMPLE.ORG,Mataram,2024-06-04,200648,
4926,Wisih Fadi,081264935947,wisih.fadi@example.org,Medan,2026-04-20,234192.49,
4927,Giwati Wimad,081286849794,giwati.wimad@example.net,Denpasar,2025-12-15,58653.28,
4928," Bumad Zundra",082126840562,bumad.zundra@example.org,Mataram,2024-07-08,190366,
4929,Nanto Juwan,+6289548017821,nanto.juwan@example.com,Mataram,2024-06-05,143443.42,
4930,Falia Winur,085191562857,falia.winur@post.example.net,Mataram,2024-01-12,126690.55,
4931,Fawan Julia,081727624299,fawan.julia@example.com,Mataram,2025-11-27,124298.31,
4932,Pusih Degus,0813-2106-7009,pusih.degus@example.net,Mataram,2026-03-27,194892,
4933,Dewan Yanur,081138721113,dewan.yanur@post.example.net,Mataram,2024-01-16,13647.27,
4934,Dendra Purah,0817 2438 6820,dendra.purah@example.com,Makassar,2025-12-10,218998.31,
4935,Mutri Wiman,081760118713,mutri.wiman@example.org,Mataram,2025-10-08,181248.12,
4936,Citri Wirah,085188364407,citri.wirah@mail.example.com,Mataram,2026-06-01,35998.67,
4937,Zulia Wisih,081706725501,zulia.wisih@post.example.net,Bandung,2025-03-07,58086.26,
4938,Munto Suwan,081390146650,munto.suwan@mail.example.com,Mataram,2026-08-04,142179.19,
4939,Windra Fawati,081871171819,windra.fawati@example.net,Mataram,2024-12-05,40205.47,
4940,Logus Dedi,+6281380700850,,Bandung,2025-07-24,127483,
4941,Punto Puman,085186359578,punto.puman@post.example.net,Bandung,2023-02-05,155628.54,
4942,Zunto Puwati,081808599578,zunto.puwati@example.org,Medan,2023-07-07,53694.26,
4943,Cirah Wigus,089584705391,"cirah.wigus@post.example.net ",Mataram,2024-07-13,"147.267,59",
4944,Mugus Kawati,089515809750,mugus.kawati@example.net,Mataram,2024-10-01,17872.29,follow up next week
4945,Andi Nalia,082162869226,andi.nalia@example.org,Mataram,2025-11-18,21591.63,
4946,Surah Nanto,089590180294,surah.nanto@example.net,Mataram,2025-07-26,110086.03,
4947,Cigus Desih,0818 3885 3482,"cigus.desih@post.example.net ",Mataram,27.11.2023,"71.788,10",
4948,Rindra Detri,082117822389,rindra.detri@example.org,Mataram,2024-11-17,237249.82,
4949,Anman Talia,081178522684,anman.talia@mail.example.com,Mataram,2025-10-23,129755.71,
4950,Yandra Kaman,085174556518,yandra.kaman@example.net,Surabaya,2023-02-15,164951.02,
4951,Rinto Sumad,085199698485,rinto.sumad@mail.example.com,Mataram,2026-07-15,94680.58,
4952,Mumad Punto,081302154096,mumad.punto@post.example.net,Medan,2026-04-22,31417.62,
4953,Wiwati Annto,081144521652,wiwati.annto@mail.example.com,Semarang,2026-07-11,109737.36,
4954,Tanto Junto,081264587899,tanto.junto@example.net,Mataram,2026-07-06,210530.94,
4955,Sunto Cimad,081203923375,sunto.cimad@post.example.net,Mataram,2026-07-16,236211.67,
4956,Kayan Buyan,089507635411,kayan.buyan@post.example.net,Mataram,2023-11-08,237736.88,
4957,Sugus Tatri,082103393713,sugus.tatri@example.org,Mataram,2023-06-02,6749.61,
4958,Lowan Indi,081334860759,lowan.indi@mail.example.com,Bandung,2025-03-01,58506.19,
4959,Muman Logus,081809692766,muman.logus@example.org,Mataram,2024-02-26,244096.25,
4960,Tagus Nagus,089586343001,tagus.nagus@example.com,Mataram,2023-08-20,154712,
4961,Ciwati Hasih,0895 6559 3888,ciwati.hasih@example.net,Mataram,16.07.2023,76859.55,
4962,Fadi Ginto,089554393898,fadi.ginto@mail.example.com,Surabaya,2023-04-10,164,
4963,Karah Judi,085104943127,karah.judi@mail.example.com,Makassar,2024-05-23,54555.37,
4964,Hayan Juyan,0811 2743 2231,hayan.juyan@EXAMPLE.NET,Makassar,03/11/2023,188996.94,
4965,Tanur Bunto,085169281508,tanur.bunto@example.org,Denpasar,2024-01-10,102196.55,"VIP, do not discount"
4966,Junto Kawan,081352115157,junto.kawan@example.net,Mataram,2025-06-03,194895.96,address unclear
4967,Mugus Windra,081858212831,mugus.windra@post.example.net,Surabaya,2024-06-08,209768.91,
4968,Anwan Muyan,081325314093,anwan.muyan@post.example.net,Bandung,2023-05-12,23101.28,
4969,Tatri Munto,081243809747,tatri.munto@example.org,Mataram,2025-08-08,44583.94,
4970,Punto Insih,081837134868,punto.insih@mail.example.com,Mataram,2026-01-03,230663.12,
4971,Fanto Lomad,089575688913,fanto.lomad@example.net,Bandung,2025-02-19,174656.24,
4972,Gisih Bulia,085198387435,gisih.bulia@example.com,Mataram,2024-04-25,73078.80,
4973,Widi  Loyan,0821-6949-4541,widi.loyan@example.net,Denpasar,28/10/2024,180165.47,
4974,Busih Cinto,0821-4666-5468,busih.cinto@EXAMPLE.COM,Mataram,21.08.2024,"104.585,20",
4975,Puwati Annur,082184287797,puwati.annur@example.org,Mataram,2024-11-05,57291.91,
4976,Fasih Lowati,081212733002,fasih.lowati@mail.example.com,Mataram,2025-01-07,156169.89,
4977,Mulia Anwati,081345649082,mulia.anwati@example.net,Bandung,2024-03-16,45258.49,"said ""call after 5pm"""
4978,Giman Kaman,085118420860,giman.kaman@example.org,Medan,2026-08-07,245872.96,
4979,Fadi Nasih,081240641925,fadi.nasih@example.net,Mataram,2025-11-11,50957.83,
4980," Pudi Yarah",+6281129520935,pudi.yarah@mail.example.com,Medan,20.11.2025,78262.14,
4981,Lonto Sunur,085100135703,lonto.sunur@example.org,Mataram,2026-08-20,54897.76,
4982,Puyan Giman,0812-1716-4498,puyan.giman@example.com,Surabaya,25.11.2025,198881.21,
4983,Innur Logus,089527656715,innur.logus@example.net,Mataram,2025-04-12,53810.92,
4984,Nanto Nanto,089518250212,nanto.nanto@example.org,Mataram,2025-01-13,52853.02,
4985,Harah Wirah,081252818126,harah.wirah@example.net,Denpasar,2023-06-07,1308.05,
4986,Fadi Mundra,+6281710643936,fadi.mundra@post.example.net,Mataram,2025-11-14,11489,
4987,Anndra Fanur,085174517305,anndra.fanur@example.com,Bandung,2025-02-17,39922.90,
4988,Insih Zulia,089540199772,insih.zulia@mail.example.com,Mataram,2023-06-06,226081.71,
4989,Inwan Naman,089575479292,inwan.naman@post.example.net,Mataram,2023-12-22,150242.67,
4990,Kandra  Anwati,089520612693,,Mataram,2023-05-18,249830,
4991,Muwati Gidi,085182334570,muwati.gidi@mail.example.com,Denpasar,2023-03-27,121353.55,
4992,Jusih Burah,+6285139541633,,Bandung,2023-10-18,27972.15,
4993,Widi Demad,089556157290,widi.demad@mail.example.com,Surabaya,2023-04-22,175267.70,
4994,Yalia Inwan,081892038527,yalia.inwan@example.org,Mataram,2025-04-11,5577.53,
4995,Rinto Cindra,081114730524,rinto.cindra@example.net,Mataram,2025-12-13,81546.04,
4996,"Pulia Fanto ",082186155765,"pulia.fanto@example.net ",Mataram,2023-08-10,120943.34,
4997,Rigus Wigus,082116772216,rigus.wigus@post.example.net,Mataram,2024-08-17,"8.865,82",
4998,Hawati Talia,081342504745,hawati.talia@example.org,Mataram,2023-04-22,167604.82,
4999,Hadi Muman,081161116230,hadi.muman@example.com,Mataram,2026-03-02,2695.98,
5000,Londra Wimad,081893041605,londra.wimad@example.org,Padang,2025-05-07,67849.75,
5001,Kanur Buyan,081253398098,kanur.buyan@example.com,Mataram,2026-07-28,49291.10,
5002,Hamad Hatri,081743726035,hamad.hatri@post.example.net,Mataram,2023-04-21,223878.27,
5003,Cinto Kalia,085106144673,cinto.kalia@example.org,Bandung,2024-07-18,235985.82,
5004,Gilia Ritri,085146143395,gilia.ritri@mail.example.com,Mataram,2025-06-19,"13.466,50",
5005,Tamad Junto,081874813651,tamad.junto@example.com,Mataram,2025-08-27,245381.61,
5006,Inrah Anman,081130516510,inrah.anman@example.org,Mataram,2023-04-16,"37.732,77",address unclear
5007,Pumad Nanto,089539956125,pumad.nanto@mail.example.com,Bandung,2025-09-20,226564.59,
5008,Fadi Hanto,081177529577,fadi.hanto@example.com,Medan,2023-03-20,"151.123,41",
5009,Londra Rinur,081142960812,,Mataram,21.11.2023,"146.891,13",
5010,Dewan Inrah,082149434686,dewan.inrah@example.org,Surabaya,2026-08-22,160729.97,
5011,Yanto Logus,085181846009,yanto.logus@example.com,Bandung,06.08.2024,201960.60,
5012,Wimad Wiwan,089533080754,wimad.wiwan@example.net,Makassar,2026-08-02,193433.11,
5013,Muwan  Lotri,085174577328,"muwan.lotri@example.net ",Surabaya,2024-08-09,114730,
5014,Juman Sunur,082186467937,juman.sunur@example.org,Mataram,2024-02-15,228448.98,
5015,Fanto Giwan,081339295066,fanto.giwan@example.net,Denpasar,2024-05-21,233232.85,
5016,"Zudi Faman ",081159947124,zudi.faman@post.example.net,Mataram,05/03/2023,"170.535,25",
5017,Tamad Sunur,089590561908,tamad.sunur@example.com,Bandung,2023-04-16,26013.07,
5018,Intri Hasih,081204142891,intri.hasih@example.net,Bandung,2023-04-22,30122.62,
5019,Zutri Zuwan,089514705180,zutri.zuwan@mail.example.com,Mataram,2024-05-22,72609.62,
5020,Rindra Lonto,081863957361,rindra.lonto@mail.example.com,Makassar,2025-04-20,222695.28,
5021,Tawati Tawati,081397043917,,Mataram,16.12.2025,87082.57,
5022,Harah Lolia,082157223216,harah.lolia@post.example.net,Bandung,2024-07-11,200668.21,
5023,Hanto Rindra,081845425362,hanto.rindra@example.net,Mataram,26.08.2024,128719.15,
5024,Lowati Fawati,081320929943,lowati.fawati@example.com,Bandung,2025-08-06,117350.37,
5025,Anwan Zunto,081176335845,anwan.zunto@example.org,Mataram,2026-08-10,125905.40,
5026,Lorah Londra,082114692910,lorah.londra@mail.example.com,Mataram,2024-05-20,221981.47,
5027,Yadi Fanur,081145043651,yadi.fanur@example.com,Makassar,2026-01-09,138735.59,
5028,Desih Yarah,081136194721,desih.yarah@example.org,Mataram,2025-09-22,129706.93,
5029,Cinto Talia,081364118074,cinto.talia@example.org,Bandung,2026-03-27,"180.648,92",
5030,Pudi Rinto,081871293176,pudi.rinto@mail.example.com,Surabaya,2023-05-08,156098.32,
5031,Tanur Sundra,082143574639,tanur.sundra@post.example.net,Makassar,2025-10-01,125939.57,
5032,Yanur Mudi,081893816383,yanur.mudi@example.org,Mataram,2023-05-17,91085.09,
5033,Rinur Inrah,089523413349,rinur.inrah@mail.example.com,Mataram,2023-06-10,199312.93,
5034,Nalia Pundra,081182285845,nalia.pundra@mail.example.com,Mataram,2024-01-27,42992.61,
5035,Pusih Nadi,085124338294,pusih.nadi@example.net,Surabaya,2023-03-15,230356.20,follow up next week
5036,Indi Karah,081373436144,indi.karah@example.net,Semarang,2025-08-11,226754.17,
5037,Anrah Fawan,085198229960,anrah.fawan@mail.example.com,Mataram,2024-11-24,105141.77,
5038,Tasih Pulia,081226014444,tasih.pulia@post.example.net,Mataram,2024-06-26,117242.51,
5039,Angus Hawan,085125260440,angus.hawan@mail.example.com,Surabaya,2026-01-04,204017.53,"prefers WhatsApp, not email"
5040,Junto Nayan,081797919699,junto.nayan@post.example.net,Medan,2025-07-22,44753.12,"said ""call after 5pm"""
5041," Puwati Jugus",+6285169308755,"puwati.jugus@example.org ",Mataram,2025-06-21,143092.79,
5042,Anyan Tawati,081840511889,anyan.tawati@post.example.net,Mataram,2026-05-19,167051.94,
5043,Cilia Zugus,+6285139752690,cilia.zugus@post.example.net,Mataram,2025-11-09,61242.37,
5044,Fandra Lonur,082150661737,fandra.lonur@example.net,Medan,2025-10-10,211933,
5045," Busih Demad",081899509294,busih.demad@example.net,Mataram,2025-06-03,83282.66,
5046,Nawati Ridi,081771325062,nawati.ridi@mail.example.com,Mataram,2023-07-02,205429.06,
5047,Gitri Giman,081703307205,gitri.giman@example.net,Mataram,2024-12-14,106975.64,
5048,Puwati Muwan,085129638896,puwati.muwan@example.org,Mataram,2024-08-17,44097.15,
5049,Fawati Kayan,081760250260,fawati.kayan@example.net,Mataram,2023-09-11,33718.20,"said ""call after 5pm"""
5050,Yatri Rimad,081134274814,yatri.rimad@post.example.net,Mataram,2024-02-07,229544.68,
5051,Dedi  Tawan,+6285132125560,dedi.tawan@example.org,Mataram,07/01/2023,172327.48,
5052,Yawati Cinto,089522864089,yawati.cinto@example.net,Semarang,2026-06-04,215236.64,
5053," Kalia Dento",0821 5129 3307,kalia.dento@example.net,Mataram,2026-04-06,69951.58,
5054,Wiyan Anman,081239571612,wiyan.anman@post.example.net,Mataram,2026-07-06,169671.11,
5055,Winur Wiwan,081124046512,winur.wiwan@example.net,Medan,2026-05-08,149005.67,
5056,Zuwati Nawati,0812 9814 5950,zuwati.nawati@POST.EXAMPLE.NET,Mataram,2025-10-06,175656.81,
5057,Inmad Denur,+6285183887649,inmad.denur@mail.example.com,Mataram,2025-10-12,152230.92,
5058,Widi Anndra,081831479604,widi.anndra@mail.example.com,Mataram,2023-12-19,63086.14,
5059,Rigus Tawati,081830688835,rigus.tawati@example.net,Surabaya,2026-03-06,138968.30,
5060," Judi Fagus",081810961682,judi.fagus@example.com,Surabaya,2024-01-26,177100,
5061,Anwan Inwati,0821 4821 8412,,Mataram,2026-07-23,203092.65,
5062,Rinto Inmad,0821 8425 8290,rinto.inmad@example.org,Medan,11.03.2026,218303.72,
5063,Pugus Dento,081794891807,pugus.dento@example.org,Mataram,2023-02-07,232237.69,
5064,Demad Punto,081295254806,demad.punto@mail.example.com,Mataram,2025-04-26,231214.62,
5065,Kawati  Zundra,081265729183,kawati.zundra@example.net,Makassar,25/04/2026,132039,
5066,Gilia  Ingus,0851 0627 8632,gilia.ingus@post.example.net,Mataram,2026-06-07,"62.868,03",
5067,Mutri Detri,081198833760,mutri.detri@example.com,Bandung,2024-06-10,236902.34,
5068," Indi Delia",089558659924,indi.delia@example.org,Makassar,20/04/2026,219099,
5069,Fanto Tagus,081303281875,fanto.tagus@example.net,Mataram,2024-11-08,123974.32,
5070,Inmad Nanto,089562380091,inmad.nanto@example.org,Mataram,2025-11-25,209512.27,
5071,Intri Yarah,081121136483,intri.yarah@mail.example.com,Mataram,2023-03-28,221450.84,
5072,Riwati Nanto,081715499388,riwati.nanto@example.com,Padang,2026-06-17,107158.07,
5073,Kawati Handra,0895-6377-6880,kawati.handra@example.com,Mataram,2024-12-14,205465.82,
5074,Yagus Anyan,085194010339,yagus.anyan@example.com,Denpasar,2023-03-25,86242.67,
5075,Indi Derah,081752661702,indi.derah@mail.example.com,Mataram,2026-07-27,"41.545,41",
5076,Nayan Zuman,081819534403,nayan.zuman@example.org,Mataram,2025-05-24,117959.59,
5077,Lonur Muwati,081162995565,lonur.muwati@post.example.net,Mataram,2025-02-18,20028.36,
5078,Muman Yanur,081218983696,muman.yanur@example.com,Mataram,2026-03-12,45969.29,
5079,Deyan Zundra,081173488661,deyan.zundra@mail.example.com,Mataram,2024-08-06,141853.02,
5080,Yawati Zudi,085169911365,yawati.zudi@post.example.net,Mataram,12.03.2026,12879.20,
5081,Kagus Nawan,081185206320,kagus.nawan@example.net,Denpasar,2024-06-12,185338.08,
5082,Anman Harah,081797821002,anman.harah@post.example.net,Surabaya,2026-05-13,155112.31,
5083,Gigus Dento,089520918271,gigus.dento@post.example.net,Mataram,2025-01-07,94035.90,
5084,Tanto Junur,081895438516,tanto.junur@post.example.net,Semarang,2023-02-23,2819.12,
5085,Fandra Denur,081898946221,fandra.denur@mail.example.com,Mataram,2025-06-20,210606.54,
5086,Inndra Sunur,089570109694,inndra.sunur@example.net,Mataram,2025-08-09,206910.54,
5087,Punto Wiyan,081334356134,punto.wiyan@mail.example.com,Mataram,2023-12-03,106443.44,"prefers WhatsApp, not email"
5088,Hadi Demad,081792383266,hadi.demad@example.net,Mataram,2024-01-13,160516.69,
5089,Natri Suwan,081747242342,natri.suwan@post.example.net,Mataram,2025-05-16,234057.84,
5090,Nawati Kandra,089574139979,nawati.kandra@example.com,Semarang,2025-03-15,122654.06,
5091,Zunto Munto,082166399521,zunto.munto@example.net,Semarang,2023-04-04,199487.73,
5092," Bugus Girah",0812 2380 2168,bugus.girah@example.org,Mataram,2026-07-02,"21.681,98",
5093,Hasih Lowan,081847369282,hasih.lowan@mail.example.com,Mataram,2026-04-21,135305.29,
5094,Zuwan Kawati,081246639271,zuwan.kawati@mail.example.com,Mataram,2026-04-04,81905.87,
5095,Famad Yawati,082135405560,famad.yawati@example.com,Mataram,2024-09-09,18587.68,
5096,Nadi Cinur,081279227333,nadi.cinur@example.com,Mataram,2026-05-15,175510.32,
5097," Junto Cidi",0817 2358 3774,junto.cidi@example.com,Padang,2023-10-22,72200,
5098,Hawan Kalia,081897003204,hawan.kalia@example.org,Mataram,2024-12-09,100857.17,
5099,Rindra Junto,082139070015,rindra.junto@example.com,Mataram,2025-05-08,121581.90,
5100,Cisih Witri,081160361118,cisih.witri@example.com,Mataram,2024-04-20,25023.50,
5101,Intri Zuwati,089532527262,intri.zuwati@mail.example.com,Surabaya,2023-02-05,41026.61,
5102,Halia Nayan,081182450124,halia.nayan@example.org,Mataram,2023-06-11,132115.11,
5103,Hatri Falia,085179897794,hatri.falia@post.example.net,Mataram,2024-01-01,63937.66,
5104,Juwan Windra,081260385884,juwan.windra@example.org,Mataram,2023-06-08,156580.65,
5105,Cimad Anndra,082179217963,cimad.anndra@example.net,Mataram,2024-09-25,33315.81,
5106,Buman Dento,081138186583,buman.dento@example.org,Surabaya,2026-07-08,245395.87,
5107,Lowati Handra,082172828393,lowati.handra@example.net,Mataram,2025-11-12,214698.14,
5108,Bulia Yandra,082110193311,bulia.yandra@example.org,Surabaya,2025-05-12,247657.06,
5109,Antri Wiwati,0895 9396 1471,,Denpasar,10.03.2026,149792.96,
5110,Pulia Suwati,081113038535,pulia.suwati@example.org,Mataram,2025-12-05,148532.82,
5111,Dento Innto,089560999724,dento.innto@example.com,Surabaya,2023-08-11,200283.89,
5112,Giwati Kalia,082199614876,giwati.kalia@example.net,Mataram,2023-06-22,248106.22,
5113,Gimad Zunto,085115944749,gimad.zunto@post.example.net,Mataram,01.04.2026,183688.14,
5114,Zuman Busih,081217068949,zuman.busih@post.example.net,Surabaya,2026-01-08,101819.52,
5115,Innur Degus,082105715002,innur.degus@example.com,Medan,2026-04-10,109139.57,
5116,"Wirah Detri ",0895 0497 0251,"wirah.detri@example.org ",Makassar,06.12.2025,190540.55,
5117,Widi Nawati,081269658845,widi.nawati@post.example.net,Semarang,14/07/2024,83385.78,
5118,Yamad Hagus,0813 4939 4398,yamad.hagus@example.com,Mataram,08/06/2026,129454.35,
5119,"Ginto Buman ",081327856612,ginto.buman@example.net,Surabaya,2026-04-25,8431.68,
5120,Widi Inmad,089556849523,widi.inmad@example.net,Mataram,2025-04-12,243918.98,
5121,Ansih Fawati,081833210579,ansih.fawati@example.com,Mataram,2023-10-09,243857.09,
5122," Logus Nanur",0811-1372-9645,logus.nanur@mail.example.com,Mataram,13.06.2025,"146.582,92",
5123,Halia Nandra,081141551227,halia.nandra@mail.example.com,Surabaya,26.03.2026,"148.854,38",
5124,Gidi Kaman,089547610529,gidi.kaman@mail.example.com,Padang,2026-01-27,62645.48,
5125,Yatri Suwan,081305424207,yatri.suwan@mail.example.com,Makassar,2026-04-27,208945.24,
5126,Yanto Pumad,089511520763,yanto.pumad@post.example.net,Mataram,2023-06-12,187998.41,
5127,Rinur Fagus,081738296500,rinur.fagus@mail.example.com,Mataram,2025-03-11,59202.04,
5128,Muyan Yandra,081814193019,muyan.yandra@example.org,Mataram,2026-03-19,101266.98,
5129,Puwati Hanur,081731805006,puwati.hanur@mail.example.com,Padang,2024-10-21,147844.35,
5130,Yasih Loman,089540182556,yasih.loman@example.org,Medan,21/07/2025,"2.147,30",
5131,Suyan Bumad,081879139290,suyan.bumad@post.example.net,Mataram,2024-12-14,124567.54,
5132,Fadi Jundra,081381467730,fadi.jundra@post.example.net,Bandung,2023-02-14,188385.31,
5133,Hawan Juwan,081346948757,hawan.juwan@mail.example.com,Medan,2025-12-12,188038.70,
5134,Tarah Detri,081199936174,tarah.detri@mail.example.com,Mataram,2025-01-07,242612.14,
5135,Kawati Giwan,081319356838,kawati.giwan@example.org,Mataram,2023-04-01,194508.55,
5136,Yalia Kagus,081193977511,yalia.kagus@example.net,Mataram,2026-06-01,35464.41,
5137,Judi Juman,085181003068,judi.juman@post.example.net,Makassar,2026-01-17,195121.95,
5138,Yalia Buwan,081775547158,yalia.buwan@post.example.net,Mataram,2023-02-14,39913.77,
5139,Dewati Puwati,081110273219,"dewati.puwati@example.com ",Surabaya,2025-07-18,172567.47,
5140,Jutri Kaman,082103593449,jutri.kaman@example.net,Mataram,2026-02-17,242263.21,
5141,Hanur Inwati,081725626993,hanur.inwati@post.example.net,Mataram,2026-08-03,87924.88,
5142,Innto Gigus,082117979260,innto.gigus@example.com,Mataram,2025-12-27,242746.81,
5143,Innur Yanto,081774999153,innur.yanto@example.com,Mataram,2024-01-07,68226.37,
5144,Rilia Rirah,081105143071,rilia.rirah@post.example.net,Bandung,25.06.2026,136246.46,
5145,Musih  Hatri,081132318890,musih.hatri@post.example.net,Makassar,2024-12-09,171895,
5146,Dento Hadi,081238835679,dento.hadi@mail.example.com,Mataram,2025-07-03,19286.30,
5147,Famad Harah,081385553248,famad.harah@example.com,Mataram,2025-12-23,100943.53,
5148,Gigus Loman,0812-1533-6074,gigus.loman@post.example.net,Mataram,18/02/2026,216382.67,
5149,Puman Yawati,081134483192,"puman.yawati@example.net ",Mataram,2023-03-09,19606.67,
5150,Cigus Fayan,081243903966,"cigus.fayan@example.org ",Mataram,13/05/2025,229950.92,
5151,"Junur Nanto ",089594318088,junur.nanto@mail.example.com,Mataram,2025-10-22,83887,
5152,Anman Cinur,085149831394,anman.cinur@example.org,Semarang,2024-05-22,38542.99,
5153,Gilia Yarah,089570076955,gilia.yarah@example.net,Surabaya,2026-02-12,196295.31,
5154,Wigus Intri,089552023055,wigus.intri@example.org,Mataram,04/03/2023,156263.06,
5155,Kasih Mugus,081109521448,kasih.mugus@example.net,Bandung,2023-08-19,13556.06,
5156,Zunur Inndra,081384533522,zunur.inndra@example.com,Mataram,2026-03-25,32081.37,
5157,Lonur Zugus,081208915571,lonur.zugus@example.org,Bandung,2023-09-02,225045.92,
5158,Haman Annto,081351809194,haman.annto@example.net,Mataram,2025-11-22,148714.83,
5159,Risih Giwan,082156507438,"risih.giwan@example.net ",Mataram,15/09/2023,78736,
5160,Wiyan Riwati,082117040746,wiyan.riwati@example.net,Mataram,17.01.2024,87897,
5161,Fagus Zulia,089594353961,fagus.zulia@example.net,Mataram,2025-11-18,133257.67,
5162,Hayan Kanto,081324292847,hayan.kanto@example.net,Mataram,2026-04-26,93898.38,
5163,Wiman  Tasih,081272844572,wiman.tasih@post.example.net,Mataram,2024-03-21,65240.15,
5164,Zumad Ciyan,085190161394,zumad.ciyan@example.net,Mataram,2026-05-12,231277.84,
5165,Lonto Yarah,081753364391,lonto.yarah@mail.example.com,Mataram,2023-03-01,122258.94,
5166,Naman Rindra,081216292807,naman.rindra@example.com,Mataram,2025-06-02,169037.26,
5167,Wigus Rinto,081810441150,wigus.rinto@mail.example.com,Mataram,2025-08-01,18971.92,
5168,Suwan Talia,081108757351,suwan.talia@example.org,Mataram,2025-06-23,9120.85,
5169,Sundra Buyan,082106858946,sundra.buyan@example.com,Mataram,15.06.2023,52312.79,
5170,Wiwan Pugus,081793110630,wiwan.pugus@example.org,Padang,2023-06-02,61977.91,
5171,Lomad Jurah,0895-8880-4531,lomad.jurah@example.org,Mataram,08.07.2026,12569.97,
5172,Juwati Zutri,0817-7367-2436,juwati.zutri@EXAMPLE.COM,Medan,2025-05-10,153027.90,
5173,Dendra Cidi,085158360640,dendra.cidi@example.com,Bandung,18.10.2024,19529.19,
5174,Jurah Pusih,081827171733,jurah.pusih@post.example.net,Mataram,2024-07-11,95001.83,
5175,Kadi Wiwan,085124757012,kadi.wiwan@post.example.net,Mataram,2024-08-21,8297.07,
5176,"Mulia Talia ",081879463141,mulia.talia@mail.example.com,Medan,2026-01-14,190308.75,
5177,Demad Munto,081357461776,demad.munto@example.com,Bandung,2026-08-21,103991.98,
5178,Suwati Innto,081243414948,suwati.innto@example.net,Bandung,08.01.2024,148526.47,
5179,Tadi Lonto,081350603944,tadi.lonto@post.example.net,Mataram,2024-09-26,95284.16,
5180,Cigus Tawan,0895-3414-4674,cigus.tawan@example.com,Surabaya,2026-07-05,184677.34,
5181,Buyan Andi,082198607619,buyan.andi@example.com,Medan,2025-04-12,180547.89,
5182,Tawati Hasih,0813-3990-0930,tawati.hasih@example.com,Mataram,21/02/2026,235568,
5183,Kamad Cilia,0851 0669 4204,kamad.cilia@post.example.net,Padang,15/04/2025,186154.96,
5184,Hawati Fawati,0821 2043 4483,"hawati.fawati@example.net ",Bandung,2026-02-01,68094.73,
5185,Witri Famad,081791915432,witri.famad@mail.example.com,Surabaya,2026-05-28,136301.89,
5186,Hagus Zudi,085155473707,hagus.zudi@example.net,Makassar,2026-07-09,85219.22,
5187,Budi  Nalia,081344965847,budi.nalia@MAIL.EXAMPLE.COM,Mataram,2025-12-14,174898.87,
5188,Zumad Hanto,081246795103,zumad.hanto@mail.example.com,Mataram,2026-01-13,84929.26,
5189,Lowan Tawan,082198977250,lowan.tawan@mail.example.com,Bandung,2026-05-09,35461.16,
5190,Tayan Hawan,089571419145,tayan.hawan@mail.example.com,Mataram,2025-07-26,38191.69,
5191,Gitri Dento,081701465571,gitri.dento@example.com,Mataram,2025-09-25,223246.73,
5192,Wilia Annur,081771168240,wilia.annur@example.org,Mataram,2026-05-18,17590.21,
5193,Zusih Zutri,081744065503,zusih.zutri@mail.example.com,Semarang,2025-02-06,74488.99,
5194," Tanto Riwan",0811-4444-1085,,Bandung,2025-09-17,94256.28,
5195,Rimad Zunto,081329321986,rimad.zunto@mail.example.com,Mataram,2024-12-15,121478.31,
5196,Hamad Girah,085138294890,hamad.girah@example.net,Mataram,2025-11-14,53522.86,
5197,Anndra Tawan,082116052884,anndra.tawan@example.net,Medan,2026-02-10,74177.51,
5198,Suwati Yawati,085133605164,suwati.yawati@example.net,Surabaya,2025-03-01,87149.65,
5199,Punur Lowati,081276344755,punur.lowati@mail.example.com,Mataram,2023-11-12,133354.04,
5200,Lotri  Citri,089513947583,lotri.citri@example.org,Surabaya,2023-02-04,"210.708,10",
5201,Mumad Jugus,081841984015,mumad.jugus@example.net,Mataram,2023-11-02,130093.24,
5202,Dedi Zudi,081310713942,dedi.zudi@mail.example.com,Mataram,2025-08-09,180493.14,
5203,Fawati Butri,081135478577,fawati.butri@mail.example.com,Semarang,2024-05-17,222931.04,
5204,"Tamad Lowan ",081170809253,tamad.lowan@example.org,Bandung,01/02/2025,"130.510,11",
5205,Intri Munto,081733487421,intri.munto@post.example.net,Mataram,2025-09-01,115382.43,
5206,Ciyan Nanto,085127438433,ciyan.nanto@post.example.net,Mataram,2025-10-02,96607.90,
5207,"Ginto Mulia ",081364193370,ginto.mulia@example.org,Bandung,12.11.2024,157917.08,
5208,Indi Juwan,081100985918,indi.juwan@mail.example.com,Mataram,2026-08-11,163174.03,
5209,Murah Anrah,089597367074,murah.anrah@example.org,Bandung,2025-07-08,185262.37,
5210,Witri Annto,0813 2923 1352,"witri.annto@example.org ",Surabaya,2024-02-20,216868.47,"wants invoice marked ""urgent"""
5211,Anmad Namad,082182522490,anmad.namad@post.example.net,Bandung,2023-12-18,19791.63,
5212,Antri Riman,085164192143,antri.riman@example.net,Bandung,2025-04-04,24560.53,
5213,"Pusih Punur ",+6281299573618,pusih.punur@example.net,Mataram,27.11.2023,131129.43,
5214,Katri Tamad,082146943373,katri.tamad@example.net,Mataram,2025-09-20,15567.30,
5215," Angus Ciwan",089581822948,angus.ciwan@post.example.net,Makassar,09.10.2024,170102,
5216,Tadi Wilia,081261032560,tadi.wilia@mail.example.com,Mataram,2024-06-25,142404.16,
5217,Bunto Muman,082117479125,bunto.muman@post.example.net,Mataram,2024-01-08,97217.58,
5218,Pusih Munto,081121801488,pusih.munto@example.org,Bandung,2025-10-10,5246.93,
5219,Fatri Riwati,0813-9642-0080,fatri.riwati@example.com,Mataram,2023-09-04,142927.84,
5220,Famad Ciyan,081378578696,famad.ciyan@example.net,Mataram,2025-11-20,196069.52,
5221,Kandra Juman,089585797881,kandra.juman@example.net,Padang,2025-05-10,234441.70,
5222,Suwan Suyan,085106263808,suwan.suyan@example.net,Mataram,2023-11-19,187257.21,
5223,Yarah Munur,0817 3807 2541,yarah.munur@example.net,Bandung,25.06.2025,123828.95,
5224,Dento Lowati,082129473285,dento.lowati@example.net,Mataram,2023-09-18,68284.41,
5225,Fawan Juwan,081315755946,fawan.juwan@example.com,Semarang,2025-11-11,140102.20,
5226,Farah Insih,081306169168,farah.insih@post.example.net,Mataram,2023-01-19,144862.03,
5227,Tanto Puyan,085156800038,tanto.puyan@mail.example.com,Mataram,2025-09-08,155676.10,
5228,Yalia Falia,085118548598,yalia.falia@example.org,Mataram,2026-03-25,49792.28,
5229,Hawati Zunto,085141682655,hawati.zunto@example.org,Mataram,2025-07-14,102018.49,
5230,Delia Buwan,081110325404,delia.buwan@post.example.net,Medan,2025-03-10,154648.72,
5231," Rigus Ginur",081265020273,rigus.ginur@example.net,Mataram,14.08.2023,199825.56,
5232,Kayan Yanur,081768124196,kayan.yanur@example.net,Mataram,2025-11-17,244978.57,
5233,Susih Lotri,082192081283,susih.lotri@example.net,Mataram,2026-08-07,188189.49,no answer on the number given
5234,Sunur Tasih,081865134669,"sunur.tasih@post.example.net ",Mataram,2026-03-19,151159,
5235,Zuwati Fasih,081389311035,zuwati.fasih@example.org,Surabaya,2024-09-25,201850.49,
5236,Lomad Annto,081264471696,lomad.annto@post.example.net,Mataram,2023-08-28,59384.39,
5237,Zusih Fanur,089577180635,zusih.fanur@post.example.net,Mataram,2026-08-27,41955,
5238,Giyan Falia,085150884545,giyan.falia@post.example.net,Mataram,2026-04-16,224771.66,
5239,Rilia Inlia,081281617947,rilia.inlia@post.example.net,Mataram,2026-06-17,107175.35,
5240,Juyan Hawati,089528720676,juyan.hawati@mail.example.com,Mataram,2025-04-22,81092.38,
5241," Yanto Tawati",081175110986,"yanto.tawati@example.org ",Mataram,2026-06-03,7429.93,
5242,Ciyan Yagus,081100880826,ciyan.yagus@post.example.net,Bandung,2024-10-07,245305.66,
5243,Putri  Jusih,085156942663,putri.jusih@example.org,Makassar,2024-01-25,44479.17,
5244,Hadi Jugus,082101410343,hadi.jugus@example.org,Mataram,2023-09-23,91769.07,
5245,Sulia Yasih,089590553135,sulia.yasih@example.com,Denpasar,2026-05-10,36174.82,
5246,Cinto Annur,081353141980,cinto.annur@mail.example.com,Medan,2026-07-02,234089.41,
5247,Cindra Insih,0818 9472 1278,cindra.insih@example.com,Bandung,2023-05-13,55656.76,
5248,Bunur Annur,081147073579,bunur.annur@mail.example.com,Bandung,2023-11-25,75056.37,
5249,Kasih Winto,081281670868,kasih.winto@mail.example.com,Mataram,2024-08-23,29717.07,
5250,Lowati  Ginto,082175893723,lowati.ginto@example.net,Mataram,2023-08-20,32578.63,
5251,Anmad Giwan,085102055564,anmad.giwan@example.com,Mataram,06/09/2024,248897.41,
5252,Tanur Yanto,082153995922,"tanur.yanto@mail.example.com ",Mataram,2025-11-14,37898,follow up next week
5253,Anmad Tayan,082128205016,anmad.tayan@mail.example.com,Mataram,2025-06-13,149156.62,
5254,Sunto Ciyan,081175331945,sunto.ciyan@example.org,Mataram,2026-01-25,199848.28,
5255,"Gidi Munur ",081752893988,gidi.munur@example.net,Bandung,2026-01-02,139388,
5256,Zulia Fanto,081128544068,zulia.fanto@example.com,Padang,2024-12-13,137093.80,
5257," Ginto Dento",0895-6983-9054,ginto.dento@example.com,Mataram,2026-06-24,"225.781,06",
5258,Cidi Karah,082160240505,cidi.karah@mail.example.com,Medan,2026-06-20,216067.78,
5259,Wiman Fagus,0818-9290-4519,wiman.fagus@example.com,Semarang,2023-07-06,95008.41,
5260,Rinto Winto,081261187228,rinto.winto@mail.example.com,Denpasar,2023-01-22,233519.93,
5261," Citri Cimad",081374749148,citri.cimad@mail.example.com,Mataram,20/11/2024,86035,
5262,Lorah Jugus,+6281306445799,lorah.jugus@MAIL.EXAMPLE.COM,Semarang,14.06.2026,194872,
5263,Dento Busih,085149551294,dento.busih@example.org,Mataram,2024-03-26,137549.35,
5264,Zusih Bunur,081749837094,zusih.bunur@mail.example.com,Mataram,2025-04-05,30610.65,
5265,Inmad Yawati,081399131747,inmad.yawati@mail.example.com,Denpasar,2026-08-08,174214.53,
5266,Fagus Harah,081874132777,fagus.harah@post.example.net,Mataram,2025-04-27,185921.24,
5267,Juman Annur,081269194940,juman.annur@example.com,Medan,2023-03-05,177456.40,
5268,Giman Loman,089593451410,giman.loman@example.com,Mataram,2026-05-02,6052.85,
5269,Mutri Dendra,081168893802,mutri.dendra@post.example.net,Mataram,2023-12-04,25946.74,
5270,Andi Bulia,081360954927,andi.bulia@example.org,Mataram,2025-12-09,78504.64,
5271,Yewan Zuwan,081168740555,yewan.zuwan@example.com,Mataram,2024-02-04,21564.95,
5272," Giman Lodi",+6281167484436,giman.lodi@mail.example.com,Mataram,2023-11-05,132376.66,
5273,"Yawati Tandra ",081286056251,yawati.tandra@post.example.net,Mataram,2025-06-04,247343.41,
5274,Cindra Fawati,081883538007,cindra.fawati@example.org,Mataram,2024-10-06,162424.42,
5275,Puwati Bundra,081174127918,puwati.bundra@post.example.net,Mataram,2023-07-12,243097.32,
5276,Rinur Riwati,081270620750,rinur.riwati@example.org,Mataram,2024-02-06,57483.53,
5277,Nanto Sunto,085156897123,nanto.sunto@mail.example.com,Bandung,2026-05-14,152375.94,
5278,Julia Butri,081172174606,julia.butri@post.example.net,Mataram,2025-01-22,203206.50,
5279,Yawan Zuwan,081168740555,yawan.zuwan@example.com,Mataram,2024-02-04,33226.41,
5280,Wiyan Hawan,089501098737,wiyan.hawan@post.example.net,Medan,2023-09-21,21638.93,
5281,Kayan Cindra,0851-8988-9939,kayan.cindra@example.com,Bandung,2024-03-08,77942.66,
5282,Bunur Sulia,081271768526,bunur.sulia@example.com,Mataram,2024-12-27,59063.69,
5283,Budi Yayan,081188809331,budi.yayan@post.example.net,Mataram,2025-06-11,101387.47,
5284,Fanto  Musih,085131423224,,Mataram,22.08.2026,82809.14,"wants invoice marked ""urgent"""
5285,Tanur Jutri,081707634139,tanur.jutri@example.net,Medan,2023-03-25,5793.02,
5286,Innto Kaman,089509253717,innto.kaman@post.example.net,Mataram,2023-10-20,238510.22,
5287,Riman Inndra,081748098576,riman.inndra@example.org,Mataram,2024-08-04,234774.28,
5288,Nanto Hanto,082181478363,nanto.hanto@example.org,Mataram,2023-11-17,221117.24,
5289,Cinto Zumad,085148508761,cinto.zumad@example.com,Mataram,2026-06-25,58935.92,
5290,Nanur Farah,081115744201,nanur.farah@example.org,Bandung,2023-05-24,88389.65,
5291,Bumad Punto,081384602225,bumad.punto@example.com,Mataram,2026-02-01,25393.33,
5292,Winto Winto,085175084190,winto.winto@post.example.net,Mataram,2024-06-11,118484.68,
5293,Anwan Losih,081818084036,anwan.losih@example.net,Medan,20/01/2024,16044.77,
5294,Fandra Ginto,081312961867,fandra.ginto@example.org,Mataram,2023-11-21,136282.13,
5295,Lowan Pulia,081805872263,lowan.pulia@post.example.net,Surabaya,2025-08-24,23509.84,
5296,Tatri Kagus,081808692582,tatri.kagus@example.org,Padang,2025-05-19,86486.15,
5297,Halia Citri,081874526710,halia.citri@example.com,Surabaya,2026-02-02,189821.08,
5298,Nanto Buman,081703161521,nanto.buman@mail.example.com,Mataram,2023-01-12,59790.12,
5299,Winur Zugus,082139051307,winur.zugus@example.com,Mataram,11.12.2024,120641.46,
5300,Deman Anrah,081309844948,deman.anrah@example.net,Mataram,2025-10-26,61268.36,
5301," Gitri Anrah",081304332771,gitri.anrah@EXAMPLE.COM,Semarang,02/12/2023,"175.710,93",
5302,Punto Yanto,089580512653,,Surabaya,2025-02-21,62278.12,
5303,Suman Sudi,081230513927,suman.sudi@mail.example.com,Makassar,27/07/2026,49660.38,"duplicate of earlier signup, verify"
5304,Loman Londra,089512011911,loman.londra@post.example.net,Mataram,2025-05-11,169941.03,
5305,"Giyan Losih ",081716622029,giyan.losih@example.org,Denpasar,2025-10-03,134420.31,
5306,Tanto Yamad,081841333958,"tanto.yamad@example.net ",Mataram,06.06.2026,204078.62,
5307,Denur Munur,0811 7033 3049,denur.munur@mail.example.com,Mataram,2026-04-14,"110.556,61",
5308,Susih Fanur,081765851313,susih.fanur@example.org,Mataram,2024-05-01,225401.81,
5309,Ginur Ansih,0811 0532 9276,,Mataram,2025-08-23,103055.99,
5310,Susih Denur,+6281373985624,susih.denur@mail.example.com,Mataram,2024-08-11,95613.63,
5311,Putri Hawati,089565040845,putri.hawati@example.org,Bandung,2026-05-05,37230.90,
5312,Loyan Ciwati,089579956440,loyan.ciwati@example.com,Surabaya,2024-04-20,47642,
5313,Narah Antri,081102889720,narah.antri@example.org,Mataram,2026-04-01,55341.09,
5314,Nasih Gindra,081267464355,nasih.gindra@mail.example.com,Mataram,2024-03-14,67296.04,
5315,Annur Mulia,081295700126,annur.mulia@example.net,Mataram,2023-11-15,80624.33,
5316,Jusih Famad,085125271231,jusih.famad@example.net,Mataram,2025-11-15,124630.43,"prefers WhatsApp, not email"
5317,Kalia Muwan,082116623033,kalia.muwan@post.example.net,Mataram,2024-04-08,211763.05,
5318,Munto Inndra,081797535561,munto.inndra@post.example.net,Bandung,2025-02-22,232643.07,
5319,Nalia Tamad,082138425400,nalia.tamad@post.example.net,Mataram,2026-04-24,131585.91,
5320,Putri Annto,081159564962,putri.annto@post.example.net,Mataram,2026-01-10,196190.63,
5321,Ritri Londra,0851 5599 7955,ritri.londra@example.net,Mataram,2026-02-23,239373.29,
5322,Jumad Talia,0813-5460-2896,jumad.talia@example.org,Mataram,21/07/2023,160572.59,
5323,Bulia Nawan,081361005380,bulia.nawan@example.org,Makassar,2025-05-11,201600.42,
5324,Desih Butri,089535003122,desih.butri@post.example.net,Mataram,2026-08-21,172399.23,
5325,Angus Ritri,081841326193,angus.ritri@example.net,Mataram,2026-05-04,238602.61,
5326,Rimad Munto,081284097694,rimad.munto@example.net,Mataram,2025-12-08,43941.90,
5327,Suman Ansih,081796494645,suman.ansih@mail.example.com,Mataram,2025-12-23,173125.32,
5328,Annto Anlia,081838547487,annto.anlia@example.org,Mataram,2026-06-02,205009.64,
5329,Lonur Bumad,085147643971,lonur.bumad@example.com,Mataram,2023-01-03,31444.97,
5330,Annto Cinur,+6282159461277,annto.cinur@post.example.net,Mataram,25.06.2025,22574.89,
5331,Zuwati Rirah,082145754871,zuwati.rirah@example.com,Mataram,2023-03-11,124813.64,
5332,Zuwan Anlia,081140228660,zuwan.anlia@example.com,Mataram,2025-12-28,25315.98,
5333,Cinur Ingus,081186260362,"cinur.ingus@example.org ",Padang,2024-04-01,241011.33,
5334,Judi Lolia,081266071059,judi.lolia@post.example.net,Mataram,2026-01-14,171765.75,
5335,Puwan Gisih,081106984452,puwan.gisih@example.org,Semarang,2026-01-06,231287.58,
5336,Anlia Buwati,085131823848,anlia.buwati@example.net,Mataram,2025-10-23,18743.95,"wants invoice marked ""urgent"""
5337,Rinto Buman,081333680430,rinto.buman@example.org,Mataram,2023-01-26,213727.11,
5338,Ginto Anwati,081183292669,ginto.anwati@mail.example.com,Bandung,2025-09-21,13225.56,
5339,Inwati Anwan,081390238547,inwati.anwan@post.example.net,Mataram,2024-08-13,72512.20,
5340,Lonur Nandra,081895256785,lonur.nandra@example.org,Makassar,2026-02-21,15770.16,address unclear
5341,Taman Purah,085154945958,taman.purah@example.net,Bandung,2024-07-03,233068.54,
5342,"Munto Andi ",+6282144313831,"munto.andi@example.net ",Mataram,14/08/2023,49860,
5343,Gindra Loyan,081880511245,gindra.loyan@example.com,Denpasar,2025-09-14,93650.80,
5344,Cirah Julia,081306457327,cirah.julia@example.com,Makassar,2024-10-06,147234.51,
5345,Hatri  Derah,089545301218,hatri.derah@mail.example.com,Mataram,2024-05-19,75948,
5346,Anman Cindra,089547072788,anman.cindra@example.org,Makassar,2025-10-04,106943.44,
5347,Deman  Juwati,081390865012,deman.juwati@mail.example.com,Denpasar,2026-06-22,"110.554,30",
5348,Budi Purah,081247287578,budi.purah@post.example.net,Mataram,16.01.2026,86327.98,
5349,Inwan Buyan,085139824366,inwan.buyan@example.net,Mataram,2023-01-25,9106.53,
5350,Katri Andi,081372982302,katri.andi@mail.example.com,Surabaya,2026-02-19,7744.67,
5351,Judi Mawan,085117619132,judi.mawan@example.com,Mataram,2026-01-23,200841.93,
5352,Giwan Pumad,081384145238,giwan.pumad@post.example.net,Medan,2026-02-11,92285.75,no answer on the number given
5353,Wigus Bunto,081255756934,wigus.bunto@example.net,Mataram,2023-05-08,71429.74,
5354,Ginto Cinto,089590751886,ginto.cinto@post.example.net,Mataram,2026-02-15,119663.28,
5355,Ciman Suyan,082161933577,ciman.suyan@mail.example.com,Bandung,2026-08-25,68973.72,
5356,"Winur Cindra ",082166086169,winur.cindra@example.org,Makassar,2025-09-02,89741.49,"wants invoice marked ""urgent"""
5357,Kayan Tawan,081220901287,kayan.tawan@example.org,Mataram,2023-04-21,131737.62,
5358,Burah Bugus,081237221762,burah.bugus@example.net,Mataram,16/01/2025,224595.99,
5359,Tatri Yanur,081274493843,tatri.yanur@example.org,Semarang,2025-10-13,53352.22,
5360,Wilia Busih,0851 2109 3868,"wilia.busih@example.com ",Surabaya,22/08/2026,97960,
5361,Zudi Rigus,081355113990,zudi.rigus@example.com,Mataram,2024-01-15,187622.07,
5362,Annto Inman,081147771034,annto.inman@post.example.net,Padang,2025-06-04,92274.89,
5363,Mudi Nanur,081163301864,mudi.nanur@example.net,Surabaya,2025-10-27,156618.32,
5364,Zutri Hagus,081850608636,zutri.hagus@mail.example.com,Mataram,2026-08-12,230814.61,
5365,Rirah Gidi,089560457685,rirah.gidi@mail.example.com,Bandung,2025-04-08,163577.47,
5366,Rimad Dento,081133940140,rimad.dento@example.net,Medan,2024-11-17,188089.49,
5367,Risih Zunur,085118712421,risih.zunur@example.org,Mataram,2024-01-06,95345.73,
5368,Puman Sugus,082130788068,puman.sugus@example.com,Mataram,2025-06-19,151777.57,
5369,Anwan Ansih,081850299552,anwan.ansih@mail.example.com,Mataram,2026-05-07,30911.65,
5370,Inwan Lotri,089582404879,inwan.lotri@example.org,Mataram,2023-03-16,90835.30,
5371,Windra Juwan,081232936222,windra.juwan@example.net,Mataram,2024-05-16,142291.09,
5372,Mulia Mundra,085109125280,mulia.mundra@post.example.net,Mataram,2023-06-10,164164.35,
5373,Wiyan Cisih,089525077808,wiyan.cisih@mail.example.com,Mataram,2024-05-21,236058.55,
5374,Sutri Hatri,081101745686,sutri.hatri@example.net,Denpasar,2025-01-26,19970.14,
5375,Gilia Buman,081331581099,gilia.buman@example.org,Mataram,2026-03-07,185450.18,
5376,Giwan Madi,089582662633,giwan.madi@example.org,Surabaya,2026-07-15,235616.80,
5377,Lowati Angus,081855036613,lowati.angus@example.net,Mataram,2023-09-22,3113.34,
5378,Susih Tadi,089536483979,susih.tadi@example.org,Makassar,2026-08-25,148323.76,no answer on the number given
5379,Yarah Purah,089566248561,yarah.purah@example.net,Mataram,2025-06-07,131358.86,
5380,Mulia Tandra,089503549061,mulia.tandra@example.com,Medan,2026-07-09,8281.42,
5381,Hasih Budi,081213702469,hasih.budi@example.com,Mataram,2023-08-19,231114.58,
5382,Fanto Buyan,081745816519,fanto.buyan@example.com,Bandung,2026-03-21,150590.13,
5383,Inyan Nawati,081158096622,inyan.nawati@mail.example.com,Mataram,2025-12-12,237486.95,
5384,Yadi Annto,082186254014,yadi.annto@post.example.net,Makassar,2026-03-25,55546.26,
5385,"Jusih Insih ",089588935594,jusih.insih@example.org,Bandung,2025-09-21,"138.183,64",
5386,Zusih Puyan,085189639773,zusih.puyan@example.net,Mataram,2026-06-16,242156.22,
5387,Hadi Hanto,085100079819,hadi.hanto@example.net,Mataram,27/04/2026,"59.230,18",
5388,Bunur Hasih,081831821129,bunur.hasih@example.com,Surabaya,2025-07-04,108375.33,
5389,Inyan Tawati,081282490536,inyan.tawati@example.org,Mataram,2026-03-27,16083.91,
5390,Putri Muyan,081351402465,putri.muyan@post.example.net,Mataram,2026-07-08,143634,
5391,Zudi Lonto,085179742703,zudi.lonto@example.net,Mataram,2024-06-05,140027.21,
5392,Anyan Yagus,081766529446,anyan.yagus@example.net,Mataram,2026-01-19,91075.42,follow up next week
5393,Fanto Sugus,081870438704,fanto.sugus@example.org,Bandung,2025-04-28,30964.04,
5394,Gindra Talia,081842418214,gindra.talia@example.com,Mataram,2024-04-02,65964.48,
5395,Yanto Buyan,085150120874,yanto.buyan@example.net,Semarang,2025-08-23,135075.08,
5396,Muyan Suyan,085115836273,muyan.suyan@example.net,Mataram,2025-02-02,71577.41,
5397,"Insih Yalia ",081392631837,insih.yalia@mail.example.com,Mataram,2024-09-07,230947.03,
5398,Inyan Pugus,089512357585,inyan.pugus@example.net,Bandung,2023-04-16,13459.44,
5399,Hagus Insih,082188592507,hagus.insih@post.example.net,Mataram,2023-09-01,81715.98,
5400,Kalia Sutri,081734718772,kalia.sutri@example.org,Padang,2025-08-09,237391.29,
5401,Judi Buwan,085104191597,judi.buwan@example.net,Mataram,2024-12-25,241071.51,
5402,Pudi Zundra,081749217477,pudi.zundra@mail.example.com,Mataram,2024-12-28,226002.04,
5403,Hadi Gidi,085127966345,hadi.gidi@example.com,Mataram,2025-07-07,63314.23,
5404,Harah Cinto,081786126357,harah.cinto@example.net,Mataram,2024-11-19,10622.31,
5405," Cindra Zunto",+6289589738911,cindra.zunto@post.example.net,Makassar,24.12.2025,"223.934,18",follow up next week
5406,Kayan Fanur,081771501109,kayan.fanur@example.org,Makassar,2026-06-13,155986.15,
5407,Kanto Inndra,081155048875,kanto.inndra@example.net,Mataram,2024-01-25,58183.51,
5408," Cigus Kamad",081346728980,"cigus.kamad@post.example.net ",Makassar,2023-11-07,229502.15,
5409,Puyan Anwan,081798198175,puyan.anwan@example.com,Medan,2023-07-10,53044.48,
5410,Sunto  Cidi,+6282162316971,sunto.cidi@example.org,Makassar,2023-11-09,190630.89,
5411,Fawan Inwan,085169112433,fawan.inwan@example.org,Mataram,2026-03-13,172904.26,
5412,Inyan Talia,081336024197,inyan.talia@mail.example.com,Mataram,2023-10-01,163525.00,
5413,Demad Delia,081344168925,demad.delia@mail.example.com,Mataram,2024-04-11,240870.04,
5414,Inwati Annto,081767388063,inwati.annto@mail.example.com,Mataram,2026-05-25,37676.67,
5415,Rirah Demad,082117486694,rirah.demad@post.example.net,Mataram,2025-07-28,183720.37,
5416,Sulia Inndra,082197231330,sulia.inndra@example.org,Mataram,2024-11-26,58528.34,
5417,Surah Nanto,081815899311,surah.nanto@example.com,Mataram,2025-11-14,232532.43,
5418,"Puman Muwati ",081255363915,puman.muwati@example.org,Mataram,05.08.2023,131087,
5419,Nalia Yadi,081745412311,nalia.yadi@example.org,Bandung,2026-03-10,6152.56,
5420,Hanur Katri,081792270249,hanur.katri@example.net,Mataram,2024-04-26,150340.50,
5421,Bundra Cinto,089521076342,bundra.cinto@example.net,Medan,2025-10-07,97119.26,
5422,Kaman Kaman,081792444751,kaman.kaman@example.org,Mataram,2023-03-08,136355.59,"paid by transfer, receipt pending"
5423,Pudi Riyan,085198619927,pudi.riyan@example.com,Medan,2023-05-17,173821.85,
5424,Yamad Annur,081161859047,yamad.annur@post.example.net,Mataram,2023-05-19,122089.04,
5425,Nawan Bundra,082127209236,nawan.bundra@example.com,Mataram,2025-02-28,98261.84,
5426,"Riwati Lorah ",081295429829,riwati.lorah@POST.EXAMPLE.NET,Denpasar,2024-09-18,237929.27,
5427,Ginur Namad,0817-4036-0161,ginur.namad@example.com,Bandung,2023-01-28,31518.88,
5428,Faman Inman,082178631939,faman.inman@post.example.net,Surabaya,2025-04-17,236779.67,
5429,Lomad Anndra,085165394701,lomad.anndra@mail.example.com,Mataram,2025-02-21,184776.68,
5430,Yawati Zuman,081340989198,yawati.zuman@post.example.net,Mataram,2024-09-20,144589.02,
5431,Riman Annto,081797616015,riman.annto@example.org,Makassar,2026-05-03,135975.44,
5432,Girah Kanur,085117357024,girah.kanur@example.com,Padang,2023-07-28,106335,
5433,Fanto Gisih,082172265763,fanto.gisih@example.net,Bandung,2024-01-21,54460.94,
5434,Dewati  Juyan,081842365904,,Mataram,2023-05-18,57708.81,
5435,Fanto Kagus,081716083894,fanto.kagus@EXAMPLE.ORG,Mataram,05.01.2025,"141.330,97",
5436,Nalia Katri,081242777663,nalia.katri@post.example.net,Mataram,2024-10-12,92594.52,
5437,Munto Rindra,085178426298,munto.rindra@mail.example.com,Mataram,2023-01-25,196392.89,
5438,Pulia Haman,081712011141,pulia.haman@example.org,Mataram,2024-06-09,123570.64,
5439,Gilia Yamad,081350203395,gilia.yamad@example.com,Surabaya,2025-06-20,246949.93,
5440,Deman Rimad,085184575923,deman.rimad@post.example.net,Mataram,2023-02-26,167129.99,
5441,Zunto Kanur,089596766942,zunto.kanur@example.net,Mataram,2026-01-10,66486.10,"moved cities, update on renewal"
5442,Gigus  Anyan,+6281873554594,gigus.anyan@mail.example.com,Mataram,21/06/2023,225975,
5443,Zumad  Narah,081346474691,zumad.narah@example.org,Mataram,2023-07-28,7031.94,
5444,Girah Zunur,085108668829,girah.zunur@mail.example.com,Mataram,2024-07-07,114085.20,
5445,Gimad Yasih,081272773030,gimad.yasih@example.org,Bandung,2024-04-16,101736.70,
5446,Zuwati Purah,081871413298,zuwati.purah@post.example.net,Mataram,2025-07-07,209122.69,
5447,Surah Zunur,081874096321,surah.zunur@example.org,Mataram,2023-07-13,147599.07,
5448,Anlia Katri,081797760081,anlia.katri@example.net,Medan,2024-07-07,17693.81,
5449,Nawati Mudi,081194781814,nawati.mudi@example.org,Surabaya,2023-03-24,22274.24,
5450,Rindra Farah,081841925161,rindra.farah@example.net,Makassar,2026-08-04,11023.19,
5451,Jundra Famad,085166685579,jundra.famad@post.example.net,Mataram,2023-09-28,203799.52,
5452,Munto Sunto,089564942110,munto.sunto@mail.example.com,Semarang,2026-05-25,3224.63,
5453,Haman  Lonur,0812-8514-2343,haman.lonur@example.org,Mataram,06/01/2025,76047.87,
5454,Halia Fandra,082139838513,halia.fandra@example.com,Makassar,2026-08-16,129329.72,
5455,Andi Nayan,0813-7520-8288,,Mataram,22.07.2023,207137.92,
5456,Kanur Putri,081899964725,kanur.putri@example.com,Mataram,2024-07-22,94148.71,
5457,Dewati Innto,081341905050,dewati.innto@example.com,Mataram,2025-09-25,114463.12,
5458,Mutri Punur,081126202870,mutri.punur@example.org,Mataram,2026-01-07,191836.18,
5459,Falia Anndra,081703507502,falia.anndra@post.example.net,Medan,2024-04-12,232511.66,
5460,Kalia Winur,+6281723344429,kalia.winur@example.net,Bandung,2024-12-05,213305.86,
5461,Narah Kagus,082122006007,narah.kagus@example.org,Medan,2024-01-16,232835.43,no answer on the number given
5462,Inwati Londra,081186937889,,Semarang,2023-10-08,"75.792,09",
5463,Hawati Zundra,081751652379,hawati.zundra@example.org,Mataram,2026-02-24,241960.70,
5464,Giyan Anmad,0813-7859-2308,giyan.anmad@example.net,Mataram,27.01.2024,183925.39,
5465,Kanto Tasih,081102218400,kanto.tasih@example.net,Mataram,2025-06-24,125433.24,
5466,Mundra Zuwan,081737454852,mundra.zuwan@example.org,Mataram,2025-12-22,81027.72,
5467,Detri Gitri,081759339532,detri.gitri@example.org,Surabaya,2023-12-28,210575.40,
5468,Wiwan Andi,081103448224,wiwan.andi@post.example.net,Denpasar,2026-03-16,180824.60,
5469,Inman  Riyan,081159700646,,Mataram,2025-02-08,238247.32,
5470,Innto Mumad,085153401067,innto.mumad@post.example.net,Mataram,2025-01-26,50229.39,
5471,Anman Lorah,0818-8699-9091,anman.lorah@EXAMPLE.NET,Mataram,2026-04-05,66050.45,
5472,Zuwan Sutri,081378465952,zuwan.sutri@example.org,Mataram,2026-04-22,3769.88,
5473,Fanur Witri,081180138765,fanur.witri@post.example.net,Mataram,2026-06-08,229966.60,
5474,Lodi Katri,081382898917,lodi.katri@example.com,Medan,2023-12-26,134256.82,
5475,Zuwati Munur,081263274460,zuwati.munur@example.com,Semarang,2024-07-06,77520.54,
5476,Cigus Wiwati,081271954259,cigus.wiwati@post.example.net,Mataram,2025-10-01,53679.22,
5477,Detri Sulia,081244494731,detri.sulia@post.example.net,Mataram,2025-01-09,152390.82,
5478,Yamad Sutri,0851 4059 2642,,Mataram,22.11.2025,62887.31,
5479,Pulia Rirah,085145619461,pulia.rirah@example.net,Surabaya,2025-12-07,72083.99,
5480,Kawan Riwan,081740742423,kawan.riwan@example.com,Makassar,2023-12-15,24366.33,
5481,Ansih Sulia,081763603206,ansih.sulia@mail.example.com,Mataram,2024-02-27,56700.74,
5482,Fadi Rirah,085190641662,fadi.rirah@example.com,Makassar,2023-12-22,107503.89,
5483,Delia  Puwan,085189170005,,Makassar,2026-03-18,181461.75,
5484,Kanto Hanur,085136271129,kanto.hanur@example.net,Mataram,2025-10-21,244570.27,
5485," Junur Zunur",0851 6907 7158,junur.zunur@example.net,Mataram,2025-07-20,"103.115,64",
5486,Fanur Riman,081165460737,fanur.riman@post.example.net,Medan,2024-10-02,19041.17,"prefers WhatsApp, not email"
5487,Lowati Tarah,085181215282,lowati.tarah@example.net,Padang,2026-08-16,167945.05,
5488,Suyan Rindra,081177004144,suyan.rindra@example.com,Surabaya,2024-05-06,89918.20,
5489,Giwan Lotri,082126270210,giwan.lotri@post.example.net,Mataram,2023-09-09,215477.91,
5490,Inwati Anwan,081755655978,inwati.anwan@mail.example.com,Bandung,2026-05-22,100232.49,
5491,Sunur Nasih,085148850586,sunur.nasih@mail.example.com,Mataram,2023-03-12,184797.44,"wants invoice marked ""urgent"""
5492," Punur Lowan",081162896003,punur.lowan@example.com,Mataram,2024-07-20,160863.82,
5493,Juyan Winto,081254387014,juyan.winto@example.net,Mataram,2026-02-26,204783.36,
5494,Antri Dendra,081788769428,antri.dendra@mail.example.com,Mataram,2024-06-19,148769.04,
5495,Zunur Anyan,082139214380,zunur.anyan@example.org,Mataram,2025-03-03,237993.95,
5496,Tawan Hawan,081805393438,tawan.hawan@post.example.net,Bandung,2023-07-28,3590.39,
5497,Kasih Musih,089505866572,kasih.musih@example.com,Surabaya,2025-09-06,151833.92,
5498,Suwati Nasih,081251272658,suwati.nasih@example.net,Makassar,2026-08-02,79810.71,
5499,Lotri Rirah,081754358565,lotri.rirah@example.org,Mataram,2025-12-09,208422.58,
5500,Losih Gisih,081702316527,losih.gisih@post.example.net,Surabaya,2026-02-13,137176.18,
5501,Pugus Yanur,081114943549,pugus.yanur@example.org,Mataram,2026-02-18,186708.15,
5502,Juwati  Faman,081278243784,"juwati.faman@example.com ",Mataram,27/09/2025,"236.518,61",
5503,Widi Faman,081375208146,widi.faman@example.org,Makassar,2025-09-24,58181.19,
5504,Dendra Muyan,081125587716,dendra.muyan@mail.example.com,Surabaya,2023-02-10,234280.52,
5505,Ingus Juman,081305922208,ingus.juman@example.com,Mataram,2026-02-18,92378.81,
5506,Kalia Karah,081236095254,kalia.karah@mail.example.com,Mataram,2026-02-20,159083.04,
5507,"Bulia Nadi ",+6289523191987,bulia.nadi@example.net,Bandung,2025-08-03,127822.09,
5508,Narah Pusih,081353877342,narah.pusih@example.com,Mataram,2025-12-07,72723.72,
5509,Bundra Nanur,082187687605,bundra.nanur@post.example.net,Mataram,2025-08-10,108450.63,
5510,Muman Mulia,081339456785,muman.mulia@example.com,Semarang,2024-01-10,82794.36,
5511,Nanto Dewati,085113546569,"nanto.dewati@post.example.net ",Medan,2025-01-24,72326.84,
5512,Lotri Wimad,081110377606,lotri.wimad@example.org,Padang,2024-10-03,228207.47,
5513,Ansih Tanto,085136411296,ansih.tanto@example.org,Makassar,2024-09-16,32806.94,
5514,Wirah Zuman,081133960239,wirah.zuman@example.org,Denpasar,2024-01-16,75724.82,address unclear
5515,Risih Annto,081234760803,risih.annto@example.net,Padang,2023-07-07,84524.33,
5516,Lolia Anwan,081264239552,lolia.anwan@example.net,Mataram,2025-02-20,235809,
5517,Puwan Muwati,081127267869,puwan.muwati@example.com,Mataram,2026-01-24,115543.67,
5518,Sudi Susih,085106793828,sudi.susih@example.com,Mataram,2024-02-23,103780.71,
5519,Widi Wiman,081771549984,widi.wiman@POST.EXAMPLE.NET,Makassar,16/02/2024,127368,
5520,Butri Zunur,089594912671,butri.zunur@example.net,Mataram,2026-03-04,41616.58,
5521,Cinto Pumad,081233451375,cinto.pumad@post.example.net,Mataram,2026-05-11,"212.805,00",
5522,Innto Andi,085104453207,innto.andi@mail.example.com,Denpasar,2026-06-27,8543.28,
5523," Bunto Sutri",081224274313,bunto.sutri@post.example.net,Mataram,11.01.2025,"40.156,64",
5524,Citri Tanur,082186069953,citri.tanur@example.net,Mataram,2026-03-24,162109.79,
5525,Andi Zundra,089598590118,andi.zundra@example.org,Mataram,04.02.2025,"194.146,86",
5526,Bunto Wigus,082113642769,bunto.wigus@post.example.net,Mataram,2026-08-14,47707.11,
5527,Rilia Zunto,081257004330,rilia.zunto@example.net,Mataram,2024-01-06,108886.24,
5528,Mudi Annur,082125682745,mudi.annur@example.com,Medan,2026-07-10,116428.03,
5529,Taman Butri,082101959516,taman.butri@example.com,Mataram,2024-12-12,71058.73,
5530,Suyan Winur,081150263267,suyan.winur@example.com,Bandung,2025-06-01,54116.68,
5531,Sumad Zugus,081782171275,sumad.zugus@post.example.net,Mataram,27/11/2025,188572.33,
5532,Muman Cindra,085177439818,muman.cindra@mail.example.com,Surabaya,2024-10-09,165570.19,
5533,Yandra Lonur,082195073032,yandra.lonur@mail.example.com,Bandung,2025-11-22,223848.60,
5534,Fanur Ansih,081388725859,fanur.ansih@example.com,Mataram,2025-02-15,79659.56,
5535,Zurah Cilia,081135364020,zurah.cilia@post.example.net,Bandung,2026-01-25,221540.92,
5536,Tanur Cilia,089541898134,tanur.cilia@example.net,Mataram,2023-09-21,61138.43,
5537,Kaman Loman,081738635962,kaman.loman@example.net,Bandung,12.07.2026,243300.02,
5538,Hawati Sunur,082183154310,hawati.sunur@mail.example.com,Mataram,2024-12-26,231567.25,
5539,Logus Riwati,0851-1284-0208,"logus.riwati@post.example.net ",Mataram,2025-11-08,191237.93,"prefers WhatsApp, not email"
5540,Surah Yanto,081330485118,surah.yanto@mail.example.com,Bandung,2023-06-10,74745.53,
5541,Cinur Inrah,081754548073,cinur.inrah@example.com,Surabaya,24.09.2025,128515.82,
5542,Tarah Hayan,081374323476,tarah.hayan@example.org,Mataram,2025-06-05,224942.26,
5543,Ginto Londra,0817 1692 6712,ginto.londra@mail.example.com,Mataram,2026-02-04,4966.57,
5544,Hanur Juwan,089574870114,hanur.juwan@example.net,Semarang,2025-03-09,175433.70,
5545,Susih Jurah,089529960803,susih.jurah@mail.example.com,Mataram,2023-10-10,65257.86,
5546,Derah Junto,081880071284,derah.junto@post.example.net,Bandung,17/09/2024,16283,
5547,Andi Nagus,081822157322,andi.nagus@EXAMPLE.COM,Surabaya,2025-03-15,213658.65,
5548,Wiyan Riwan,085106756238,wiyan.riwan@example.net,Mataram,2026-03-11,163742.66,
5549,Annto Sulia,082123652246,annto.sulia@post.example.net,Medan,2026-01-15,199284.11,
5550,Nanto Muman,085182690233,nanto.muman@example.org,Mataram,2024-02-04,211265.32,
5551,Ansih Giyan,081383256118,ansih.giyan@post.example.net,Mataram,2026-03-08,"147.747,00",
5552,Losih Bunto,082120076038,losih.bunto@example.net,Mataram,2025-04-03,185263.14,
5553,Junto Haman,081304007661,junto.haman@example.com,Bandung,2023-09-07,79712.51,
5554,Inwati Dento,081809514636,inwati.dento@example.com,Mataram,2023-02-04,2855.43,
5555,Londra Loyan,081251957077,londra.loyan@post.example.net,Mataram,2025-03-15,94598.55,
5556,Yayan Karah,089510993797,yayan.karah@example.com,Makassar,2024-10-07,11621.19,
5557,Riwati Sunto,+6281145066668,riwati.sunto@example.org,Mataram,2025-08-07,"245.465,42",
5558,Jusih Lowati,081370218136,jusih.lowati@example.org,Mataram,2025-11-14,221384.23,
5559,Anyan Anman,081235553673,anyan.anman@mail.example.com,Mataram,2024-11-02,56308.75,
5560,Wiman Juwan,081164610739,wiman.juwan@mail.example.com,Medan,2023-10-24,136160.51,
5561,Pudi Fayan,081319789943,pudi.fayan@example.net,Mataram,13.01.2024,43287.32,
5562,Tanto Junor,081895438516,tanto.junor@post.example.net,Semarang,2023-02-23,152859.53,
5563,Wimad Tatri,0813 3916 9788,wimad.tatri@post.example.net,Mataram,2025-03-19,149800.85,
5564,Kayan Girah,081394077367,kayan.girah@example.com,Bandung,2026-07-03,246384.24,
5565,Hanto Kawan,081703999576,hanto.kawan@example.com,Mataram,2026-01-14,14549.51,
5566,Nanur Kasih,081797993484,nanur.kasih@example.org,Padang,26/08/2026,87302.13,
5567,Faman Wiyan,085105651993,faman.wiyan@example.org,Mataram,2024-12-14,181033.91,
5568,Yarah Sutri,085125328599,yarah.sutri@example.com,Mataram,2025-04-20,121312.41,follow up next week
5569,Juwan Giyan,089547488100,juwan.giyan@example.com,Mataram,2023-08-13,67180.19,
5570,Kawan Lonto,085196006837,kawan.lonto@example.com,Mataram,2023-12-03,9715.92,
5571,Cinto Cinur,081390476465,cinto.cinur@example.org,Mataram,2023-07-13,157693.16,
5572,Sudi Juman,081202903314,sudi.juman@post.example.net,Semarang,2023-12-08,118970.58,
5573,Zumad Mulia,082156497232,zumad.mulia@example.com,Medan,2025-04-11,96037.60,
5574,Fanto Widi,081336853065,fanto.widi@mail.example.com,Bandung,2025-04-07,95977.04,
5575,Narah Inman,081888917057,narah.inman@example.net,Mataram,2026-08-09,126940.72,
5576,Haman Ritri,082171391940,haman.ritri@mail.example.com,Surabaya,2026-03-10,25750.74,
5577," Natri Nandra",082113378748,natri.nandra@example.org,Mataram,27.12.2025,88797.89,
5578,Cinto Zuwati,089520060903,cinto.zuwati@example.net,Surabaya,2023-06-04,220534.76,
5579,Tawati  Witri,085101483847,tawati.witri@mail.example.com,Mataram,2026-04-07,165476.41,"duplicate of earlier signup, verify"
5580,Tanto Innto,081121391604,tanto.innto@example.com,Mataram,2023-10-13,222285.95,
5581,Wiwan Lolia,081801897816,wiwan.lolia@example.com,Mataram,2026-07-02,111293.91,
5582,Nanto Mugus,081879820605,nanto.mugus@post.example.net,Mataram,2024-04-24,61158.47,"said ""call after 5pm"""
5583,Winur Andi,081765165999,winur.andi@example.org,Bandung,2026-02-03,155062.87,
5584,Rinur Butri,089551930426,rinur.butri@example.com,Denpasar,2024-06-18,32211.14,
5585,Dento Cisih,082146328220,dento.cisih@post.example.net,Surabaya,2024-05-10,217856.41,
5586,Ciyan Intri,082168011346,ciyan.intri@example.net,Mataram,2024-09-13,9573.92,
5587,Yandra Jutri,0817-6338-6625,yandra.jutri@example.org,Mataram,2026-07-26,"106.178,17",
5588,Hawan Cimad,081330769769,hawan.cimad@example.com,Mataram,2025-01-05,3102.45,"duplicate of earlier signup, verify"
5589,Fayan Yayan,089578379323,fayan.yayan@example.net,Bandung,2024-08-22,43572.16,
5590,Pundra Tawan,081165683944,pundra.tawan@example.com,Makassar,2023-06-24,152200.84,
5591,Nayan Nasih,081305970158,nayan.nasih@post.example.net,Mataram,2023-02-19,30836.55,
5592,Rinto Jumad,081126906621,rinto.jumad@example.com,Mataram,2023-04-24,156008.98,
5593,Zunto Rilia,081819111006,zunto.rilia@post.example.net,Medan,2024-01-05,2802.03,
5594,Innto Bulia,081752032415,innto.bulia@post.example.net,Mataram,2025-03-14,199036.72,
5595,Tayan Inman,081701327890,tayan.inman@example.net,Mataram,2026-08-08,85247.33,
5596,Sunto Nanto,089510707298,sunto.nanto@post.example.net,Surabaya,2024-09-10,215034.86,
5597,"Dento Purah ",0821-9690-4295,,Padang,2024-05-05,239064.51,
5598,Puwati Naman,081180600059,puwati.naman@example.net,Mataram,2023-11-18,"104.208,69",
5599,Yarah Cirah,081275949572,yarah.cirah@example.com,Mataram,2026-02-08,9411.71,
5600,Andi Fawan,081112135200,andi.fawan@post.example.net,Mataram,2025-09-20,185227.57,
5601,Surah Tamad,089559896568,surah.tamad@example.com,Medan,2025-08-04,111783.37,
5602,"Murah Wiwati ",081126420928,murah.wiwati@example.org,Bandung,2024-09-24,"136.531,15",follow up next week
5603,Purah Putri,081820915539,purah.putri@example.org,Mataram,2025-02-19,175279.34,
5604,Fawan Giwati,081795052845,fawan.giwati@example.org,Mataram,2026-02-17,"187.586,62",
5605,Winto Sunto,085147497841,winto.sunto@example.net,Mataram,2025-12-27,208250.39,
5606,Inrah Lowati,082113871076,inrah.lowati@post.example.net,Mataram,2026-06-03,7416.52,
5607,Tawan Jugus,081291498420,tawan.jugus@post.example.net,Mataram,2025-08-23,85575.75,
5608,Kasih Cinto,081144847928,kasih.cinto@example.com,Mataram,2023-12-26,66956.27,
5609,Bunto Kasih,081199776071,bunto.kasih@post.example.net,Mataram,2024-02-16,125845.03,
5610,Loyan Bunto,081266914261,loyan.bunto@example.net,Semarang,2024-02-11,8023.96,
5611,Harah Lonto,081334086822,harah.lonto@example.net,Mataram,2023-08-16,88461.10,
5612,Kanto Zuwan,081227062809,kanto.zuwan@mail.example.com,Mataram,2025-03-08,219417.37,
5613,Yagus Nasih,081260262007,yagus.nasih@mail.example.com,Surabaya,2023-06-16,185146.51,
5614,Suyan Fandra,085134069660,suyan.fandra@post.example.net,Mataram,2025-05-14,142191.49,
5615,Zurah Zunto,+6281814764195,zurah.zunto@mail.example.com,Mataram,2026-02-18,82794.98,
5616,"Jumad Lonur ",089596213392,jumad.lonur@mail.example.com,Bandung,2025-12-26,129611.11,
5617,Zunto Punto,082176765537,zunto.punto@post.example.net,Mataram,2026-03-15,88457.60,
5618,Bunur Purah,081300915486,bunur.purah@example.net,Medan,2024-01-15,56097.84,
5619,Kanto Gindra,0818-7470-7275,kanto.gindra@mail.example.com,Mataram,28/07/2025,4829.82,
5620,Wiwan Zumad,081161234327,wiwan.zumad@mail.example.com,Surabaya,2023-12-09,218249.55,
5621," Murah Nalia",081805464828,murah.nalia@post.example.net,Makassar,2025-12-07,124824.09,
5622,Dendra Kagus,+6282192676287,dendra.kagus@EXAMPLE.NET,Mataram,2026-05-19,118883.40,
5623,Tanto Buyan,081737579404,tanto.buyan@example.net,Makassar,2024-08-23,47895.00,
5624,Dento Ingus,089531473333,dento.ingus@example.org,Mataram,2024-05-03,75967.00,
5625,Famad Inman,081392443584,famad.inman@example.org,Mataram,2026-08-23,60609.29,
5626,Degus Ciman,081174430601,degus.ciman@example.com,Medan,2024-10-17,102817.84,
5627,Hadi Jusih,089588665846,hadi.jusih@mail.example.com,Mataram,2024-08-15,237965.47,
5628,Wiman Ingus,081860435188,wiman.ingus@example.org,Makassar,2025-09-05,27333.31,
5629,"Pugus Rirah ",081210564625,pugus.rirah@mail.example.com,Mataram,11/09/2023,"74.446,31",
5630,Kayan Budi,089566201304,kayan.budi@mail.example.com,Mataram,2025-07-12,73655.92,
5631,Munur Inlia,+6285159407971,munur.inlia@post.example.net,Medan,2026-05-18,169167.52,
5632,Yanto Tamad,081861127901,yanto.tamad@example.org,Mataram,2024-12-11,104882.57,
5633,Junur Cinto,085196693928,junur.cinto@example.org,Mataram,2023-02-18,10496.44,
5634,Kalia Yagus,081760623668,kalia.yagus@example.com,Mataram,2025-05-12,151202.97,
5635,Ciwati Degus,085184323682,ciwati.degus@example.net,Mataram,2025-02-05,1873.39,
5636,Ginto Witri,085188675459,ginto.witri@example.org,Mataram,2023-10-27,79237.13,
5637,Hanto Zumad,081169457224,hanto.zumad@example.com,Mataram,2026-01-07,136829.51,
5638,Riyan Tasih,0812 3697 7552,riyan.tasih@post.example.net,Mataram,2023-06-12,99362.90,
5639,Jundra Tanur,081214974007,jundra.tanur@example.org,Surabaya,2023-09-12,1995.08,
5640,Nandra Juwati,081373957533,,Mataram,12.07.2026,14553.12,
5641,Giwan Nadi,081166554908,giwan.nadi@mail.example.com,Bandung,2025-08-06,35652.83,
5642,Dewan  Puman,085152429315,,Semarang,2026-07-12,174059.30,
5643,Murah Katri,0895 0537 9915,murah.katri@mail.example.com,Mataram,2023-10-04,56918.88,
5644,Fanto Zundra,089503004047,fanto.zundra@post.example.net,Mataram,2026-01-26,79473.24,
5645,Pulia Haman,081295146470,pulia.haman@example.org,Mataram,2023-05-16,217921.32,
5646,Hatri Lotri,081762071674,hatri.lotri@example.com,Medan,2026-06-14,240725.18,
5647,Rigus Tanto,082146386680,rigus.tanto@mail.example.com,Bandung,2026-04-24,172664.86,
5648,Kamad Ciwati,081359772185,kamad.ciwati@post.example.net,Bandung,2026-04-17,182250.52,
5649,Sundra Riman,081137924600,sundra.riman@example.org,Mataram,2025-02-22,186192.59,
5650,Loyan Rinto,089530169417,loyan.rinto@example.org,Mataram,2024-07-09,2911.22,
5651,Riman Ridi,081215935799,riman.ridi@example.com,Surabaya,2024-03-10,199607.69,
5652,Wiwati Suyan,089584839630,wiwati.suyan@example.net,Mataram,2025-06-15,90141.42,"said ""call after 5pm"""
5653,Yagus Wimad,085156190392,yagus.wimad@example.org,Mataram,2023-12-18,32855.24,
5654,Rilia Pumad,082106301156,rilia.pumad@example.net,Bandung,2025-05-23,186007.55,
5655,Tanto Anman,+6289581195740,tanto.anman@post.example.net,Makassar,2026-02-11,124310.20,
5656,Ingus Tasih,085134055709,ingus.tasih@post.example.net,Semarang,2024-12-06,218822.85,
5657,Jugus Innto,081202045235,jugus.innto@example.net,Makassar,2026-06-04,31952.10,
5658,Fawati Annto,081325315395,fawati.annto@example.org,Mataram,2023-09-21,249291.02,
5659,Inrah Wiwan,082139197930,inrah.wiwan@post.example.net,Mataram,2026-07-08,144367.01,
5660,Riwati Yanto,081267357057,riwati.yanto@mail.example.com,Mataram,2023-08-10,53899,"duplicate of earlier signup, verify"
5661,Namad Lonur,081100334480,namad.lonur@example.com,Mataram,2026-03-08,125114.30,
5662,Anman Bundla,081327571031,anman.bundla@post.example.net,Mataram,2026-01-22,209165.18,
5663,Hamad Inrah,081103509270,hamad.inrah@mail.example.com,Mataram,2025-08-20,36510.09,
5664,Inndra Nanto,081796429163,inndra.nanto@mail.example.com,Mataram,2023-02-12,122690.73,
5665,Witri Nanto,0821-4909-1619,witri.nanto@post.example.net,Mataram,14/02/2023,241815.09,"paid by transfer, receipt pending"
5666,Indi Wigus,081366093522,indi.wigus@post.example.net,Mataram,2023-12-10,136849.03,
5667,Rinto Ansih,081152513027,rinto.ansih@mail.example.com,Semarang,2024-11-15,110606.90,
5668,Mumad Juwati,081167626359,mumad.juwati@example.org,Semarang,2023-03-09,183623.10,
5669," Handra Ciwati",0811-9887-5006,handra.ciwati@mail.example.com,Mataram,2024-11-16,45717.24,
5670,Wiwati Tanur,081173516657,wiwati.tanur@post.example.net,Mataram,2025-03-21,19239.70,
5671,Pusih Surah,081259176111,pusih.surah@example.net,Manado,2025-12-28,4048.30,"moved cities, update on renewal"
5672,Pusih Pudi,085114731508,pusih.pudi@post.example.net,Mataram,2023-10-17,207714.30,
5673,Ciyan Inman,081330629042,ciyan.inman@mail.example.com,Mataram,2025-11-05,5249.11,
5674,Hasih Giwan,081104444545,hasih.giwan@example.org,Makassar,2024-07-22,74190.49,
5675,Inyan Mumad,089513443475,inyan.mumad@example.net,Makassar,2024-12-16,197792.55,"said ""call after 5pm"""
5676,Lomad Cidi,0817 1600 1760,lomad.cidi@example.org,Mataram,2026-05-02,196953.24,
5677,Angus Wiyan,082185755965,angus.wiyan@mail.example.com,Mataram,2024-08-07,44601,
5678,Junur Nayan,081733110043,"junur.nayan@post.example.net ",Mataram,12.03.2023,155713.64,
5679,Zuwati Handra,081816949062,zuwati.handra@mail.example.com,Medan,2023-11-09,60592.19,
5680,Cigus Hayan,081800824444,cigus.hayan@post.example.net,Mataram,2024-02-05,218689.74,
5681,Zunto Inndra,089537765169,zunto.inndra@example.com,Mataram,2023-06-19,230786.21,
5682,Nalia Inman,085154809617,nalia.inman@post.example.net,Mataram,2026-08-27,136005.97,"paid by transfer, receipt pending"
5683,Nagus Lomad,081363818913,nagus.lomad@example.org,Denpasar,2025-04-21,163641.91,
5684,Riman Nalia,082167660263,riman.nalia@example.net,Mataram,2023-10-01,206942.25,
5685,Ciman Angus,081709557039,ciman.angus@mail.example.com,Makassar,2024-02-08,64.02,
5686,Tatri Yanto,082188082889,tatri.yanto@post.example.net,Mataram,2023-11-10,201749.76,
5687,Fanto Dewan,089586230924,fanto.dewan@example.net,Mataram,2026-04-28,236239.86,
5688,Fayan Pundra,081827345976,fayan.pundra@example.net,Mataram,2025-12-16,228596.49,"prefers WhatsApp, not email"
5689,Tamad Derah,089539699689,tamad.derah@mail.example.com,Semarang,2025-08-12,87405.17,
5690,Inmad Julia,081327161464,inmad.julia@post.example.net,Mataram,2024-09-10,1191.98,
5691,Hanto Susih,089596432043,hanto.susih@example.org,Mataram,2025-02-25,23474.80,
5692,Jugus Tamad,089508082962,jugus.tamad@mail.example.com,Bandung,2023-03-23,92148.16,
5693,Namad Zundra,081168809801,namad.zundra@example.com,Surabaya,2024-03-04,180299.88,
5694,Puwan Lolia,081236053430,puwan.lolia@example.com,Surabaya,2026-08-28,17007.15,
5695,Girah Fawati,082197800853,girah.fawati@example.org,Denpasar,2024-06-28,23147.75,
5696,Cisih Fatri,081396301504,cisih.fatri@example.org,Mataram,2026-07-15,138206.85,
5697,Kawati Cilia,081731529079,kawati.cilia@mail.example.com,Bandung,2026-07-23,26151.56,
5698,Hanur Ciwati,081117263463,hanur.ciwati@mail.example.com,Mataram,2026-08-27,211181.20,
5699,Purah Kanur,081711210589,purah.kanur@example.org,Bandung,2023-12-22,6882.95,
5700,Zuman Gigus,081359385276,zuman.gigus@example.org,Mataram,2026-05-12,164098.51,
5701,Lotri Pudi,081326152809,"lotri.pudi@mail.example.com ",Mataram,2023-08-21,176630.72,
5702,Desih Wirah,081143501935,desih.wirah@example.net,Medan,2026-05-07,187481.67,"prefers WhatsApp, not email"
5703,Ginto Indi,081255293805,ginto.indi@example.net,Makassar,2024-08-22,95855.97,
5704,Natri Munto,082165726320,natri.munto@mail.example.com,Mataram,2026-04-20,58785.48,
5705,Indi Wisih,085166316749,indi.wisih@post.example.net,Mataram,2023-04-23,211881.70,
5706,Pugus Deyan,081180264298,pugus.deyan@mail.example.com,Mataram,2024-12-11,139403.17,
5707,Ginto Zunur,081234792845,ginto.zunur@post.example.net,Bandung,2026-05-21,231225.08,
5708,Hanur Yawan,081776220846,hanur.yawan@mail.example.com,Mataram,2024-12-16,14924.89,
5709,Gigus Kasih,081876368674,"gigus.kasih@post.example.net ",Mataram,2026-02-20,95451.92,
5710,Annto Cindra,085189017509,annto.cindra@mail.example.com,Medan,2025-08-04,25212.24,
5711,Yanto Kanur,081254371352,"yanto.kanur@example.com ",Mataram,2025-10-08,171561.03,
5712,Haman Kanto,082169836798,haman.kanto@post.example.net,Denpasar,2026-06-28,41000.04,
5713,Fandra Anrah,+6289536249343,fandra.anrah@example.org,Surabaya,09.11.2025,242431.04,
5714,Gimad Lolia,081171882955,gimad.lolia@post.example.net,Mataram,2026-03-27,93584.90,
5715,Nanto Hasih,081364976879,nanto.hasih@mail.example.com,Mataram,2023-03-21,22555.61,
5716,Zunto Rinto,0817-6326-3047,"zunto.rinto@example.net ",Mataram,2026-03-06,170376.81,
5717,Lomad  Puwati,089557859565,lomad.puwati@example.org,Makassar,2024-12-18,216800.33,
5718,Hanto  Cindra,081374575556,hanto.cindra@post.example.net,Bandung,27/02/2023,50223.50,
5719,Budi Lonto,081361257563,budi.lonto@mail.example.com,Medan,2025-06-10,234166.47,
5720,Juyan Sundra,081176937956,juyan.sundra@example.com,Mataram,2026-05-07,47927.05,
5721,Bulia Puyan,081188854675,bulia.puyan@example.org,Mataram,2026-06-22,173715.34,
5722,Anrah Juwan,082112869270,anrah.juwan@post.example.net,Mataram,2025-03-23,61634.76,
5723,Muwan Winur,085148039496,muwan.winur@post.example.net,Mataram,2026-01-06,62503.95,
5724,Ciwan Rinto,081170740256,ciwan.rinto@mail.example.com,Mataram,2025-07-11,241785.92,
5725,Zudi Sumad,081348613163,zudi.sumad@example.org,Mataram,2025-11-28,190771.88,
5726,Dewan Mudi,082191098028,dewan.mudi@post.example.net,Mataram,2024-11-26,213903.20,
5727,Famad Indi,081162405576,famad.indi@example.com,Bandung,2026-01-17,83866.23,
5728,Loyan Anndra,081715052508,loyan.anndra@example.com,Surabaya,2024-04-21,118081.06,
5729,Ridi Pugus,081142895260,ridi.pugus@example.org,Mataram,2024-05-22,143256.45,
5730,Nandra  Cisih,0813 6265 5939,nandra.cisih@mail.example.com,Mataram,2023-01-08,140702.56,
5731,Anman Loman,081804524534,anman.loman@example.com,Mataram,2023-02-09,27701.53,"moved cities, update on renewal"
5732,Lotri Namad,089580872550,lotri.namad@mail.example.com,Mataram,2026-07-16,168960.83,
5733,Mutri Windra,081322104556,mutri.windra@post.example.net,Mataram,2025-03-25,155687.53,
5734,Fatri Mudi,081727765527,fatri.mudi@example.net,Mataram,2024-04-20,7561.61,
5735,Tarah Dento,081129548758,tarah.dento@post.example.net,Bandung,2024-07-22,71121.39,
5736,Kanto Nagus,+6281815386778,kanto.nagus@example.com,Medan,2023-01-21,"151.507,56",
5737,Citri Inwati,085138579386,citri.inwati@example.com,Mataram,2023-01-23,72565.58,
5738,Yanur Dendra,081367843770,yanur.dendra@example.org,Mataram,2023-05-23,162249.07,
5739,Putri Lodi,081700777008,putri.lodi@example.com,Mataram,2024-12-23,50574.91,
5740,Witri Wiman,082174588875,witri.wiman@example.org,Mataram,2025-08-17,164144.00,
5741," Dento Tadi",081138100092,dento.tadi@mail.example.com,Medan,09.10.2025,12035.10,
5742,Indi Insih,089517437062,indi.insih@mail.example.com,Denpasar,2024-10-12,86946.23,
5743,Ginto Zusih,085112828798,ginto.zusih@post.example.net,Bandung,2023-10-17,222356.98,
5744,Pulia Zuman,081276974278,pulia.zuman@example.org,Mataram,2025-07-08,86412.23,
5745,Zumad Hayan,089586263485,zumad.hayan@example.net,Padang,2023-10-28,120229.32,
5746,Farah Kandra,085142128007,farah.kandra@example.net,Medan,2024-08-14,218229.32,
5747,Hanto Anman,081772499394,hanto.anman@post.example.net,Mataram,2024-01-06,68769.03,
5748,Lonto Cidi,089589069319,lonto.cidi@example.com,Mataram,2024-11-26,205911.98,
5749,Tamad Kadi,089589293129,tamad.kadi@example.org,Mataram,2025-07-07,135837.87,
5750,Nanto Punto,085140173339,nanto.punto@example.org,Mataram,2026-06-27,213271.11,
5751,Lorah Citri,+6281202175080,,Bandung,2024-12-19,121685,
5752,Tatri Muman,0895-2876-8144,tatri.muman@MAIL.EXAMPLE.COM,Medan,24/02/2024,115226.03,
5753,Suwati Tandra,085136082404,suwati.tandra@example.com,Mataram,2025-11-15,237508.25,
5754,Antri Annto,082122545499,antri.annto@example.net,Mataram,2024-07-03,91601.05,
5755,Nayan  Puyan,082119701328,nayan.puyan@example.net,Padang,2025-07-06,137265.86,follow up next week
5756,Wilia Hasih,085195739687,wilia.hasih@mail.example.com,Mataram,2024-04-08,209785.55,
5757,Citri Jurah,081130205766,citri.jurah@MAIL.EXAMPLE.COM,Denpasar,25.08.2024,"91.992,72",
5758,Dedi Wirah,085146330444,dedi.wirah@example.com,Mataram,2023-02-24,88684.27,
5759,Wisih Wigus,089582349797,wisih.wigus@example.net,Mataram,2023-11-04,79222.03,
5760,Kagus Pudi,081810340649,kagus.pudi@mail.example.com,Mataram,2025-01-08,62695.34,
5761,Kayan Rigus,081756870172,kayan.rigus@example.net,Mataram,2023-12-15,117302.80,
5762,Zunto Burah,081897645181,zunto.burah@post.example.net,Medan,2026-06-13,153678.12,
5763,Handra Insih,085155447753,handra.insih@post.example.net,Bandung,2024-08-04,71756.43,
5764,Jumad Muyan,082122414438,jumad.muyan@post.example.net,Mataram,2024-03-18,200094.15,
5765,Rigus Cirah,0817 7088 3708,rigus.cirah@MAIL.EXAMPLE.COM,Medan,2024-10-08,102893.05,
5766,Fatri Sutri,085187947190,fatri.sutri@example.net,Mataram,2023-12-23,25994.43,
5767,Winto Fagus,081208733076,winto.fagus@example.net,Mataram,2025-05-02,106022.74,
5768,Dento Zuyan,089588693120,dento.zuyan@example.org,Mataram,2024-09-15,231685.92,
5769,Jumad Desih,082195077596,jumad.desih@example.org,Mataram,2023-11-04,207522.81,
5770,Cimad Tayan,0811 3819 9060,cimad.tayan@mail.example.com,Denpasar,2025-10-03,43587.08,
5771,Zunto Rinto,085125822760,zunto.rinto@post.example.net,Mataram,2023-10-22,98572.56,
5772,Kanur Junto,085114867293,kanur.junto@example.com,Mataram,2023-08-09,238427.21,
5773,Suwati Taman,089594156498,suwati.taman@example.org,Padang,2026-01-03,249993.35,follow up next week
5774,Yasih Wisih,081388174061,yasih.wisih@post.example.net,Mataram,2024-05-17,96295.02,
5775,Yawan Karah,085130965594,yawan.karah@example.com,Makassar,2025-06-08,93925.31,follow up next week
5776,Cigus Yarah,081282416775,cigus.yarah@post.example.net,Bandung,2026-02-18,248635.71,
5777,Famad Annur,081346365465,famad.annur@example.net,Mataram,19.08.2026,12400.30,
5778,Zumad Zulia,089537630714,zumad.zulia@example.net,Bandung,11.04.2025,110982,
5779,Girah Kawati,081884868064,girah.kawati@example.net,Surabaya,2025-07-01,61293.58,
5780,Cilia Zundra,085107624141,cilia.zundra@mail.example.com,Padang,2025-08-06,122422.30,
5781,Tagus Yaman,082105230634,tagus.yaman@post.example.net,Mataram,2023-08-15,116762.68,
5782,Yarah Dento,082136814768,yarah.dento@example.net,Mataram,2023-10-22,142507.77,
5783,Widi Lotri,081741167777,widi.lotri@example.org,Mataram,2026-05-03,72839.91,
5784,Buyan Mumad,081110601374,buyan.mumad@example.net,Makassar,2025-08-15,157838.58,
5785,Inlia Ritri,085133324293,inlia.ritri@post.example.net,Medan,2025-11-06,45672.52,
5786,Faman Deman,081787881222,faman.deman@post.example.net,Mataram,2025-06-06,101749.74,"said ""call after 5pm"""
5787,Naman Dendra,081269154470,naman.dendra@example.org,Mataram,2026-02-25,182832.30,
5788,Yanto Muwan,082100120835,yanto.muwan@post.example.net,Mataram,2026-01-13,231322.37,
5789,Suman Girah,081393931139,suman.girah@example.org,Medan,2025-02-23,219354.43,
5790,Jurah Angus,081160614239,jurah.angus@mail.example.com,Mataram,2025-11-14,180447.95,
5791,Detri Risih,081758471570,detri.risih@mail.example.com,Surabaya,2023-06-23,46177.85,
5792,Sunur Loman,081899647492,sunur.loman@example.net,Mataram,2024-07-02,199928.55,
5793,Kawati Punto,085118732812,kawati.punto@example.net,Mataram,2026-03-11,11481.98,
5794,Namad Sumad,081884416411,,Surabaya,24/01/2024,59706.59,
5795,Tayan Zulia,089561642723,tayan.zulia@example.com,Mataram,2023-02-07,248079.18,
5796,Muwati Dendra,081733877186,muwati.dendra@example.com,Mataram,2023-09-02,61158.89,
5797,Mudi Rindra,081708794989,mudi.rindra@example.net,Mataram,2026-08-04,230974.93,
5798,Tasih Girah,081761950218,tasih.girah@example.com,Mataram,2023-12-24,249778.94,
5799,Katri Lonto,081132647248,katri.lonto@example.net,Mataram,2025-10-13,199235.18,
5800,Dendra Riwati,081286162490,dendra.riwati@example.net,Mataram,2025-08-04,85863.82,
5801,Lolia Yasih,085188910192,lolia.yasih@example.org,Pontianak,2023-12-08,139561.26,
5802,Cimad Nadi,081195002091,cimad.nadi@example.org,Mataram,2024-10-21,94847.48,
5803,Muwan Anwati,0812-5967-9051,muwan.anwati@post.example.net,Mataram,2023-03-17,"93.380,92",
5804,Derah Anndra,0817-8820-7308,derah.anndra@mail.example.com,Mataram,2025-05-25,95106.15,
5805,Rirah Indi,085178262263,rirah.indi@example.com,Mataram,2025-12-26,240707.13,
5806,Kaman Nagus,081169381478,kaman.nagus@post.example.net,Mataram,2023-02-16,166098.61,
5807,Wimad Puwati,081326625617,wimad.puwati@example.net,Mataram,26/08/2023,248596,
5808,"Witri Giman ",081181592725,witri.giman@example.net,Mataram,2024-03-09,"61.158,14",
5809,Zurah Zusih,081780305442,zurah.zusih@post.example.net,Makassar,2025-02-25,42143.75,
5810,Fandra Ginto,081842255591,fandra.ginto@example.org,Surabaya,17/11/2025,21735.09,
5811,Julia Hatri,+6281842407292,julia.hatri@example.net,Surabaya,2024-04-23,"36.931,10",
5812,Kasih Detri,089559782275,,Denpasar,2026-07-28,187041,
5813,Karah Ciyan,081876632032,karah.ciyan@example.org,Makassar,2024-01-10,100083.28,
5814,Hagus Surah,089505542782,hagus.surah@example.com,Mataram,2025-07-15,39164.41,
5815,Hasih Winto,085157949144,hasih.winto@example.net,Mataram,2025-03-14,75132.75,
5816,Juwan Dento,081383523757,juwan.dento@post.example.net,Bandung,2025-05-01,41279.64,
5817,Haman Buwan,081805207259,haman.buwan@example.org,Mataram,2024-12-20,96858.94,
5818,Julia Cindra,081301467772,julia.cindra@post.example.net,Surabaya,2023-03-05,52643.30,
5819,Witri Puwati,081145440711,witri.puwati@example.org,Mataram,2025-05-18,134138.17,
5820,Cirah Jusih,0811 9174 9760,cirah.jusih@example.org,Mataram,2026-05-15,206263.22,
5821,Kagus Zusih,0818-0208-6847,kagus.zusih@post.example.net,Bandung,2026-01-03,65769.15,
5822,Cinto Lowati,081218014235,cinto.lowati@EXAMPLE.COM,Mataram,2023-07-24,46927.37,
5823,Lowati Munur,081841579855,lowati.munur@example.com,Mataram,20.03.2025,122775.09,
5824,Gitri Girah,0812 6393 5915,gitri.girah@example.org,Mataram,2026-07-01,32070,
5825,Windra Juman,081278267184,windra.juman@example.net,Mataram,2026-06-20,108818.22,
5826,Hatri Faman,081881675862,hatri.faman@example.net,Mataram,2025-12-23,207096.70,
5827," Zunur Yawan",0821 4471 7422,zunur.yawan@example.net,Mataram,2024-12-25,129636.43,
5828,Kawan Desih,081225812846,kawan.desih@example.net,Mataram,2023-06-13,2262.62,"prefers WhatsApp, not email"
5829,Hamad Butri,081369170515,hamad.butri@example.net,Surabaya,2024-02-24,228225.42,
5830,Anrah Rinto,082181001408,anrah.rinto@example.com,Mataram,2025-01-16,15885.80,
5831,Junto Jugus,081131255213,junto.jugus@post.example.net,Mataram,2024-07-19,"133.963,64",
5832,Fawan Intri,081374453184,fawan.intri@example.com,Surabaya,2026-01-08,73377.78,
5833,Hamad Hasih,0851-9928-2692,hamad.hasih@example.net,Mataram,17/11/2023,12918.53,
5834,Ginto Wiman,081815246298,ginto.wiman@example.org,Mataram,2025-11-26,53863.36,
5835,Inwati Inman,0812 4379 5735,inwati.inman@mail.example.com,Denpasar,2023-02-01,28711,
5836,Inwati Annto,089552928904,inwati.annto@mail.example.com,Semarang,2026-08-02,123643.18,
5837,Wiyan Tatri,081155214919,wiyan.tatri@example.net,Denpasar,2026-03-24,211730.33,
5838,Bugus Inrah,081277676923,bugus.inrah@example.net,Mataram,2026-06-28,139991.04,
5839,Desih Cidi,082103394797,desih.cidi@example.org,Surabaya,2024-05-27,25997.08,
5840,Dento Muyan,0817-7252-5706,"dento.muyan@example.org ",Makassar,21/10/2025,186392,
5841,Rimad Yanto,081870847347,rimad.yanto@mail.example.com,Surabaya,2025-03-17,159653.51,
5842,Nanto Winto,081203534014,nanto.winto@post.example.net,Mataram,2023-03-23,162323.75,"duplicate of earlier signup, verify"
5843,Buwati Falia,082171428456,buwati.falia@example.org,Mataram,2023-07-08,87662.70,
5844,Bumad Hatri,081162516918,bumad.hatri@example.net,Surabaya,2026-07-17,135063.39,
5845,Puwati Riwan,081807488865,puwati.riwan@post.example.net,Mataram,2026-03-14,9522.98,
5846,Ansih Jurah,081397991502,ansih.jurah@example.com,Mataram,2024-10-11,100533.57,
5847,Derah Zunto,085129578933,derah.zunto@example.org,Mataram,2026-03-15,196828.49,
5848,Falia Judi,081733333022,falia.judi@example.org,Bandung,2025-08-16,219019.67,
5849,Narah Hawan,082163191060,narah.hawan@post.example.net,Mataram,2025-02-20,96085.09,
5850,Taman Inman,081709309051,"taman.inman@example.org ",Mataram,2026-06-26,29382.47,
5851,Buwati Dewati,081216683568,buwati.dewati@EXAMPLE.COM,Mataram,07/08/2024,216885.06,
5852,Falia Winur,081116863512,falia.winur@example.com,Bandung,2024-12-04,149442.13,
5853,Juwati Bulia,081384704474,juwati.bulia@example.com,Semarang,2026-04-19,184607.13,
5854,Cindra Juyan,081132434703,cindra.juyan@example.org,Bandung,2025-12-23,60691.87,
5855,Lodi Kagus,085190737663,lodi.kagus@mail.example.com,Mataram,2024-06-10,29180.95,
5856,Cisih Punto,085111167105,cisih.punto@mail.example.com,Surabaya,2025-11-26,53037.39,
5857,Bumad Inndra,082166437732,bumad.inndra@post.example.net,Mataram,2026-06-26,51087.93,
5858,Muman Sulia,089533332885,muman.sulia@example.org,Surabaya,2024-01-17,223702.36,
5859," Yanur Dento",081322337928,yanur.dento@example.net,Makassar,01/11/2023,209483,
5860,Winto Julia,081702529164,winto.julia@example.org,Mataram,2026-01-17,225529.80,
5861,Nandra Gindra,081799850483,nandra.gindra@post.example.net,Mataram,2023-01-08,16051.92,
5862,Zunur Zuwan,085163435244,zunur.zuwan@post.example.net,Mataram,2026-02-14,167690.31,
5863,Yarah Talia,081341028233,yarah.talia@mail.example.com,Semarang,2026-06-04,149886.82,
5864,Fagus Yandra,081354920018,fagus.yandra@example.net,Mataram,2023-12-25,119356.08,
5865,Lotri Dento,081883813554,lotri.dento@example.com,Mataram,2025-12-13,167338.32,
5866,Ciyan Wiman,0851-0690-6670,ciyan.wiman@MAIL.EXAMPLE.COM,Semarang,2024-08-18,63639.40,
5867,Giman Kanur,081849599878,giman.kanur@mail.example.com,Mataram,2025-03-01,68500.25,
5868," Innur Windra",081258000167,innur.windra@example.net,Padang,2026-07-13,29168.43,
5869,Indi Sulia,082165926204,indi.sulia@example.org,Bandung,2023-04-13,169388.26,"wants invoice marked ""urgent"""
5870,Pusih Yaguz,081341852957,pusih.yaguz@mail.example.com,Mataram,10.05.2023,123172.82,
5871,Cisih Puyan,082171940959,cisih.puyan@example.com,Mataram,2024-03-18,168379.40,
5872,Taman Tamad,081104298004,taman.tamad@example.org,Semarang,2023-06-15,248437.77,
5873,Musih Sunur,085135868358,musih.sunur@post.example.net,Semarang,2024-06-15,124717.46,
5874,Fandra  Nanur,081122117990,fandra.nanur@example.org,Mataram,04.03.2023,71410.52,
5875,Bugus Katri,0818-0167-1115,bugus.katri@example.net,Medan,24/05/2026,35,
5876,Wisih  Harah,081211650375,wisih.harah@post.example.net,Surabaya,21/09/2024,"186.137,27",
5877,Dedi Lomad,089587128611,dedi.lomad@example.net,Bandung,2025-05-10,123808.43,
5878,Rindra Taman,082101222400,rindra.taman@example.org,Mataram,2026-03-23,31027.00,
5879,Munur Inndra,082185815265,munur.inndra@example.com,Mataram,2025-08-28,121438.78,
5880,Yarah Anlia,085138034197,yarah.anlia@example.com,Mataram,2026-02-02,76984.17,
5881," Wiwan Purah",0811-4422-6463,"wiwan.purah@example.com ",Mataram,2023-02-26,75258.63,
5882,Fasih Buwati,081130958682,fasih.buwati@mail.example.com,Bandung,2023-01-01,159456.86,
5883,Wisih Hagus,085120056328,wisih.hagus@example.org,Semarang,2026-06-08,89336.03,
5884,Mudi Nayan,0818-8254-0043,mudi.nayan@example.org,Mataram,2024-11-10,202861.21,
5885,Muwati Winto,081364463080,muwati.winto@example.org,Mataram,2023-05-15,210102.72,
5886,Juman  Puwati,085184408137,juman.puwati@post.example.net,Denpasar,03.03.2025,236987.29,
5887,Yatri Cinto,081863805671,yatri.cinto@mail.example.com,Mataram,2026-08-26,115204.96,
5888,Sunto Ridi,085196596340,sunto.ridi@example.org,Bandung,2023-04-24,91285.28,
5889,Fanto Rinto,082159712983,fanto.rinto@mail.example.com,Mataram,2026-06-16,173974.19,
5890,Mudi Londra,089514975477,mudi.londra@example.com,Mataram,2025-06-03,105768.66,
5891,Bunto Kandra,081243716145,bunto.kandra@example.org,Medan,2026-08-21,22499.36,
5892,Muyan Cisih,081838312248,muyan.cisih@mail.example.com,Mataram,2025-08-07,13613.95,
5893,Wiyan Fawan,081736271349,wiyan.fawan@example.net,Bandung,19.01.2023,202605,
5894,Anndra Ingus,081172862099,anndra.ingus@post.example.net,Mataram,2024-06-27,42395.96,
5895,Loman Anman,081252531741,loman.anman@post.example.net,Mataram,18.07.2025,209189,
5896," Giwati Jundra",081837998190,giwati.jundra@example.net,Mataram,16/10/2025,10940,
5897,Anman Dento,081287542466,anman.dento@example.net,Mataram,2026-01-10,84400.84,
5898,Anyan Gigus,085157529507,anyan.gigus@mail.example.com,Bandung,2025-06-12,76703.73,
5899,Kaman Bunto,081185069686,,Mataram,13/01/2023,15619.56,
5900,Logus Hamad,081359723734,logus.hamad@example.org,Mataram,2023-03-27,88121.99,
5901,Zudi Faman,081815263803,zudi.faman@mail.example.com,Mataram,2024-11-11,226495.56,
5902," Taman Ridi",+6282166371721,taman.ridi@mail.example.com,Surabaya,2024-02-14,124608,
5903,Juman Jumad,+6282157958964,juman.jumad@EXAMPLE.NET,Mataram,2025-02-17,184686.37,
5904,Yatri Ginur,089597336815,yatri.ginur@example.net,Surabaya,2023-03-28,70385.52,
5905,Nandra Murah,081810935675,nandra.murah@mail.example.com,Mataram,2026-01-13,217288.32,
5906,Judi Inman,081724913675,judi.inman@example.com,Medan,2023-09-22,57863.69,
5907,Buwati Risih,0851-1193-6685,,Surabaya,19/11/2024,"13.199,63",
5908,Gitri  Winto,081112827005,gitri.winto@example.net,Surabaya,2025-09-12,"150.940,37",
5909,Loyan Inyan,081302909116,loyan.inyan@example.com,Mataram,2026-05-12,108851.16,
5910,Intri Kagus,081703024475,intri.kagus@post.example.net,Makassar,2026-03-11,128231.24,
5911,Innur Wiwati,089519378436,innur.wiwati@mail.example.com,Denpasar,2025-06-25,9686.96,
5912,Wigus Tatri,085125117684,wigus.tatri@mail.example.com,Makassar,2024-12-05,125503.81,
5913,"Tasih Dendra ",081833574982,tasih.dendra@post.example.net,Mataram,2024-04-24,241919.15,
5914,Inwati Buyan,081219385918,inwati.buyan@post.example.net,Surabaya,2023-11-23,99402.44,
5915,Juwati Anrah,081171700873,juwati.anrah@example.org,Mataram,2026-03-28,10803.24,
5916,Handra Gigus,081254248479,handra.gigus@example.net,Mataram,2023-01-12,181813.46,
5917,Zuyan Antri,0851-6631-2905,zuyan.antri@example.org,Mataram,2023-03-02,220082.24,
5918,Kawan Ansih,081153316460,kawan.ansih@example.org,Bandung,2025-04-10,36611.77,
5919,Burah Dedi,085142531114,burah.dedi@mail.example.com,Mataram,2023-11-04,16410.23,
5920,Cigus Falia,082141253899,cigus.falia@post.example.net,Mataram,2026-07-03,89329.86,
5921,Degus Natri,081186827269,degus.natri@example.org,Bandung,2023-05-21,38122.67,
5922,Yamad Loyan,081300190819,yamad.loyan@example.org,Mataram,2023-12-07,1050.08,
5923,Windra Annto,081742034910,windra.annto@post.example.net,Mataram,2025-01-27,160332.41,
5924,Dento Gigus,081767948686,dento.gigus@example.net,Mataram,2023-07-20,198434.54,
5925,Kaman Kandra,081125373246,kaman.kandra@post.example.net,Mataram,2024-01-04,166620.36,
5926,Bunur  Inwan,0811-6576-0182,,Mataram,11.02.2025,160929.72,
5927,Naman Derah,0812-9036-6878,naman.derah@example.org,Surabaya,2026-06-26,72334.98,
5928,Pulia Lowati,081249634277,pulia.lowati@example.com,Mataram,2023-11-02,233309.57,
5929,Denur Wiyan,085103440253,,Mataram,12/07/2026,"20.669,16",
5930,Zuwan Lotri,081397396750,zuwan.lotri@post.example.net,Mataram,2025-04-11,57331.50,
5931,Nandra Wiyan,089561794923,nandra.wiyan@mail.example.com,Semarang,2023-12-19,195228.01,
5932,Anndra Falia,081759291529,anndra.falia@mail.example.com,Mataram,2024-07-14,212856.37,
5933,Anmad Lowan,085143937276,anmad.lowan@mail.example.com,Mataram,2024-04-11,209187.80,
5934," Zuyan Hawan",081217346587,zuyan.hawan@post.example.net,Mataram,17/01/2024,125460,
5935,Fanur Riman,081110912120,fanur.riman@post.example.net,Makassar,2024-11-18,598.25,
5936,Tatri Kaman,082128348567,tatri.kaman@mail.example.com,Bandung,2026-01-09,9661.29,
5937,Anmad Wigus,081395990708,anmad.wigus@example.com,Medan,2024-04-07,248225.22,
5938,Tatri Narah,089509996017,tatri.narah@mail.example.com,Mataram,2023-08-07,116813.47,
5939,Indi Natri,085199465600,indi.natri@example.com,Surabaya,2026-04-14,79840.02,
5940,Cilia Ciwan,081866138256,cilia.ciwan@example.com,Mataram,2025-04-08,52928.41,
5941,Cirah Hadi,081861017206,cirah.hadi@example.org,Mataram,16.08.2023,233754,
5942,Angus Rilia,081747691906,angus.rilia@example.com,Surabaya,2023-07-19,179681.78,
5943,Wigus Suwati,085188841501,wigus.suwati@example.net,Surabaya,2026-02-07,3752.73,
5944,Wilia Giyan,081383548557,wilia.giyan@post.example.net,Medan,2025-04-06,155100.62,
5945,Antri Jusih,089578436471,antri.jusih@example.net,Mataram,2024-07-21,50798.44,
5946,Muman Yawati,081742920011,muman.yawati@example.org,Mataram,2024-03-08,128443,
5947,"Tanto Purah ",+6281385045307,tanto.purah@post.example.net,Mataram,2026-06-21,143084.21,
5948,Wiwati Rindra,085139086735,wiwati.rindra@example.com,Mataram,2025-12-19,51979.56,
5949,"Halia Cigus ",0851 5428 8598,halia.cigus@mail.example.com,Mataram,17/05/2026,157910,
5950,Lowan Logus,081880990198,lowan.logus@example.com,Mataram,2025-01-02,1838.60,
5951,Hawan Angus,081189764807,hawan.angus@post.example.net,Mataram,2023-01-20,6068.37,
5952,Widi Innur,081261983164,widi.innur@post.example.net,Mataram,2023-12-27,50961.40,
5953,Lowati Cindra,081830784539,lowati.cindra@example.com,Medan,2024-03-02,209294.00,
5954,Dento Kanto,081763378558,dento.kanto@mail.example.com,Mataram,2024-03-11,185636.60,
5955,Puman Bulia,081314636137,puman.bulia@example.org,Mataram,2025-09-09,229522.25,
5956,Sunur Suman,085122448578,sunur.suman@mail.example.com,Semarang,2026-03-24,26519.61,
5957,Innto Inwati,+6282103696852,innto.inwati@example.org,Mataram,10/03/2024,"64.612,06",
5958,"Zulia Kasih ",082135604278,zulia.kasih@MAIL.EXAMPLE.COM,Mataram,24.07.2026,65796.67,
5959,Jutri Farah,081744019364,jutri.farah@example.net,Mataram,2026-04-24,175758.42,
5960,Cindra Inmad,081840000973,,Mataram,2024-01-27,128785.44,
5961,Nayan Punur,081761533495,nayan.punur@mail.example.com,Mataram,2025-02-02,14847.65,
5962,Anmad Deyan,081289609732,anmad.deyan@example.com,Padang,2023-11-09,188537.42,
5963,Inwati Hayan,081389574081,inwati.hayan@mail.example.com,Mataram,2023-08-17,83920.00,
5964,Halia Punto,0851-8978-4081,halia.punto@mail.example.com,Mataram,2024-03-16,55509.86,
5965,Lorah Tagus,089554746811,lorah.tagus@mail.example.com,Mataram,2024-07-23,114761.88,
5966,Cirah Nawati,081105200285,cirah.nawati@post.example.net,Mataram,2026-05-22,108025.79,
5967,Degus Yarah,+6281812446165,degus.yarah@example.org,Denpasar,07.02.2026,122470.56,
5968,Bumad Wirah,0821 3332 3063,bumad.wirah@example.org,Bandung,2026-08-21,40862.82,
5969,Lowan Yayan,081858898042,lowan.yayan@example.com,Mataram,2026-08-05,116641.07,
5970,Puyan Wiwan,081241610868,puyan.wiwan@mail.example.com,Mataram,2026-08-27,148968.88,
5971,Fawati Fanto,085153094081,fawati.fanto@post.example.net,Medan,2025-05-17,225310.90,
5972,Giwati Hanto,081296219458,giwati.hanto@example.com,Bandung,2024-11-02,214327.17,
5973,Sutri Lorah,+6281354849369,sutri.lorah@example.com,Mataram,2024-04-27,206785.80,
5974,Kanur Inmad,081394718165,kanur.inmad@example.com,Mataram,2024-12-12,29926.73,
5975,Hatri Kanto,089563412073,hatri.kanto@example.com,Mataram,2024-07-01,70186.83,
5976,Rigus Hatri,081117529730,rigus.hatri@post.example.net,Semarang,2026-05-24,119542.70,
5977,Hanto Cyndra,+6281374575556,hanto.cyndra@POST.EXAMPLE.NET,Bandung,2023-02-27,183276,
5978,Zunur Muwati,081338884037,zunur.muwati@example.net,Mataram,2026-01-12,203116.36,
5979,Rinto Inmad,081826799792,rinto.inmad@mail.example.com,Mataram,2023-04-11,181336.21,
5980,Muyan Riyan,+6281155905054,muyan.riyan@mail.example.com,Mataram,18/01/2026,191466.99,
5981,Bundra Karah,081872630114,bundra.karah@post.example.net,Mataram,17/03/2026,157296.98,
5982,Cilia Farah,081146224292,cilia.farah@example.net,Mataram,2026-07-09,236510.04,
5983,Ginur Buwan,082156019791,ginur.buwan@example.com,Mataram,2024-03-24,117204.56,
5984,Inwan Antri,081295136574,inwan.antri@example.com,Surabaya,2026-01-16,16222.86,
5985,Cinur Indi,082122229316,cinur.indi@post.example.net,Mataram,2026-07-06,58983.05,"paid by transfer, receipt pending"
5986,Degus Nawan,081264288661,degus.nawan@mail.example.com,Mataram,2025-08-20,9556.29,
5987,Lonto Kanur,081109673739,,Mataram,03.02.2026,207313.60,
5988,Rimad Nanto,0818-4059-2689,rimad.nanto@example.net,Mataram,2024-02-03,221846,
5989,Nanto Inndra,085141920496,nanto.inndra@mail.example.com,Bandung,2024-11-08,215081.37,
5990,Tawati Butri,+6282160306542,tawati.butri@example.com,Bandung,2024-01-10,241505,
5991,Famad Inwan,081267970617,famad.inwan@example.org,Mataram,2026-07-15,40712.29,
5992,"Burah Ginto ",081322669626,burah.ginto@post.example.net,Medan,2024-08-01,22292.83,
5993,Bulia Musih,081299400245,bulia.musih@example.org,Mataram,2023-07-25,216362.77,
5994,Wirah Nandra,081804087645,wirah.nandra@example.com,Mataram,2026-06-11,106660,
5995,Angus Inlia,081205449472,angus.inlia@post.example.net,Mataram,2023-10-24,90540.22,
5996,Jumad Cindra,089538595591,jumad.cindra@example.org,Semarang,2025-11-18,233996.92,
5997,Jutri Munto,081841760464,jutri.munto@example.org,Makassar,2025-08-25,35020.72,
5998,Wigus Kagus,081298268157,wigus.kagus@example.com,Bandung,2023-02-09,63316.13,
5999,Puwati Munto,081314473091,puwati.munto@example.org,Mataram,2024-09-11,18966.09,
6000,Cinur Fandra,082100117458,cinur.fandra@mail.example.com,Mataram,2026-08-24,43098.61,
